:10000000000006202D03000001030000050300008E
:10001000090300000D030000110300001503000098
:1000200000000000000000000000000091C6010078
:100030001D0300000000000021C6010049C30100AB
:100040006D450000754500007D45000085450000B8
:100050008D450000954500009D450000A545000028
:10006000AD450000B5450000BD450000C545000098
:10007000CD450000D5450000DD450000E545000008
:10008000ED450000F5450000FD4500000546000077
:100090000D460000154600001D46000025460000E4
:1000A0002D460000354600003D4600004546000054
:1000B0004D460000554600005D46000065460000C4
:1000C0006D460000754600007D4600008546000034
:1000D0008D460000954600009D460000A5460000A4
:1000E000AD460000B5460000BD460000C546000014
:1000F000CD460000D5460000DD460000E546000084
:10010000ED460000F5460000FD46000005470000F2
:100110000D470000154700001D470000254700005F
:100120002D470000354700003D47000045470000CF
:100130004D470000554700005D470000654700003F
:100140006D470000754700007D470000992F0000B3
:10015000854700008D470000954700009D4700003F
:10016000A5470000AD470000B5470000BD470000AF
:10017000C5470000CD470000D5470000DD4700001F
:10018000E5470000ED470000F5470000FD4700008F
:10019000054800000D480000154800001D480000FB
:1001A000254800002D480000354800003D4800006B
:1001B000454800004D480000554800005D480000DB
:1001C000654800006D480000754800007D4800004B
:1001D000854800008D480000954800009D480000BB
:1001E000A5480000AD480000B5480000BD4800002B
:1001F000C5480000CD480000D5480000DD4800009B
:10020000E5480000ED480000F5480000FD4800000A
:10021000054900000D490000154900001D49000076
:10022000254900002D490000354900003D490000E6
:10023000454900004D490000554900005D49000056
:10024000654900006D490000754900007D490000C6
:10025000854900008D490000954900009D49000036
:10026000A5490000AD490000B5490000BD490000A6
:10027000C5490000CD490000D5490000DD49000016
:10028000E5490000ED490000F5490000FD49000086
:10029000054A00000D4A0000154A00001D4A0000F2
:1002A000254A00002D4A0000354A00003D4A000062
:1002B000F43C020000000020B4070000F43C0200FF
:1002C0000000000400000000F43C020000000620D2
:1002D00000000000F43C020000A00B400000000001
:1002E0000010002074870400000000046403010073
:1002F000000006200000000000A00B4000000000ED
:10030000FEE700BFFEE700BFFEE700BFFEE700BF5D
:10031000FEE700BFFEE700BFFEE700BFFEE700BF4D
:10032000FEE700BFFEE700BFFEE700BF72B61C4B52
:100330001C4A20480360196881F3088882F30A8800
:1003400004F082FB1849194A91420DD2D1E90045C7
:1003500088680C310028F7D00023E658EE500433AB
:100360009842FAD89142F1D3114DA94213D20024F8
:10037000013D6D1A01F1100325F0070508311D44F8
:1003800051E9020222B10023C45004339A42FBD83F
:100390000831A942F4D162B600F038F8FEE700BF98
:1003A0000000000000F00520B0020000E0020000A4
:1003B0000003000008ED00E04AF6022300B585B016
:1003C00001206946ADF8003019F0CCFA01201BF08D
:1003D00003FA28B900214FF0FF301AF05DFDF9E76C
:1003E00006481DF0B9F80021012301A8ADF804303A
:1003F000ADF808101AF012F9ECE700BF3CFB010061
:1004000019F024B919F012BA704700BF30B583B0A3
:100410001DF03EF902F0C0FB464B4748D3F8804040
:1004200021461DF029F8E5075BD4A0077DD46107BC
:1004300077D4E20571D4A3056BD4250565D4E00417
:100440005FD4A10459D4620453D423044DD43B484F
:100450001DF082F83A4A40213A481DF00DF83A481A
:1004600000230246394C83EA04010133402B42F851
:10047000041FF8D100221346344D50F8044F83EA8C
:1004800005018C4203F1010318BF0132402BF4D166
:100490002F4B30493048002A18BF19461CF0ECFF9A
:1004A00002F0A4FC002100240925084609F0C4FF3D
:1004B000002002F0ABFBCDE9005402254FF400729E
:1004C00023462649264817F00DFE4FF4C062234606
:1004D0002449CDE90054244817F004FE17F042FFE8
:1004E000FEE722481CF0C8FF9FE721481CF0C4FF2C
:1004F000ADE720481CF0C0FFA7E71F481CF0BCFF79
:10050000A1E71E481CF0B8FF9BE71D481CF0B4FF94
:1005100095E71C481CF0B0FF8FE71B481CF0ACFFB0
:1005200089E71A481CF0A8FF83E719481CF0A4FFCC
:100530007DE700BF00800440B4FB01005CFC0100CB
:100540000000000460FC0100FCFFFF030000A5A503
:1005500078FB01009CFB010090FC0100B8FC01004D
:10056000B9030000D8000200DD140000E0FB010028
:1005700050FC010044FC010038FC01002CFC01008F
:1005800014FC010008FC010000FC0100F0FB01006C
:10059000E8FB01000D4A0E4BD2F864119A68C1F3D2
:1005A0000A0002449A600A0402D5DA680132DA606D
:1005B000084A1968D2F8342D5868C2F30A0CC2F3FD
:1005C0000A4261440244C3E900127047001010401F
:1005D000C059002000001040704700BF074B18684A
:1005E00050B1002200B583B002231146009218F0EA
:1005F000EFFC03B05DF804FB704700BF905A002089
:10060000014600B5CBB283B00093C1F30742C1F3FA
:1006100007230348090E1CF02FFF03B05DF804FB0D
:10062000C0FC0100A84B2DE9F04F5D68A74CA84B1A
:1006300093B01878A36A964601330B90A362002802
:1006400040F06581A34B1B780393002B00F0EE80F4
:10065000002A00F0EF808B469F4B0B9E1B68DFF853
:1006600088A20993994B9D4F1A681B6B0C929C4A68
:100670000E96D2F800809B4A0296D2F8009010960F
:10068000089311955BF826200BEB8603110F4FEAB8
:10069000860C01930C2900F2D780DFE811F00D00E1
:1006A0000D000D0052005200D5000D000D0052004B
:1006B00052005200B900B9000136B6452AD30120D4
:1006C000C8F580528242C0F0AD80099A019B424435
:1006D000043B8518C2F30B0153F8044F0132AA42C0
:1006E0004AF82140F6D1DDE902218044C84588BF9F
:1006F0000A465BF80C3002924FEA137288BFC1467B
:10070000032A00F0F580052A00F0F280039B109385
:10071000B645B7D80E9B119D13B16C4B089A1A635E
:10072000029B13B16F4BC3F80090109B13B16C4B3D
:10073000C3F800800B9B002B7CD0644B0C9A1A6092
:1007400078E002367645E5D8032940F0158101238B
:1007500004930023C2F303640A93130E079317F85C
:10076000243002200693002B00F08780049DA5F121
:100770000203B3FA83F35B090593A50007EB840337
:100780000D930F959B78059DAB4276D1049D022D6C
:1007900000F0CE800C9B032903F101030C9300F0C1
:1007A000D3800221C2F30353C2F30722092020FAA7
:1007B00003F3D80729D50023A500781990F801C0C4
:1007C0007B53BCF1000F20D002294FEA046300F0F4
:1007D000CC8043F0405343F44013C8F58052012AC3
:1007E00013D90024099A40484244511C08F10208D8
:1007F000C2F30B02C1F30B01C84540F8223040F8A8
:10080000214000F2AC80CDF840C0069B0B937FE7FF
:100810000336B645FFF47EAF0320C8F5805282420E
:10082000BFF453AF089B013308934AE0274A136B88
:10083000013313632D4B244A596852680A44541BF0
:100840005C6013B0BDE8F08F0436B645FFF462AFCC
:10085000052918BF04207FF433AF02230493130E3D
:100860000793C2F30364C2F307230A9317F82430F3
:1008700004200693002B7FF479AFC8F5805484429E
:10088000BFF423AF089B032903F101030893079BDF
:1008900003F00F055DD1C2F303530121002283B1A0
:1008A000A1F10201013BB1FA81F14FF0010018BF43
:1008B0000123490907F8250007EB8505EA70A970AF
:1008C0006B70039B0E9323E7001000E0F4500020B0
:1008D00024500020BA560020181000204C50002050
:1008E00014100020101000201C100020A050002028
:1008F0000921C3F30362C3F3035321FA03F3DB07B4
:100900007FF504AF4FF0000327F82230FEE61E4BC0
:10091000186840B192B209F0D1F920B11B4A1368AE
:100920000133136086E71A4A13680133136081E7C5
:100930000D9B0A9DDB78AB429FD10C9B032903F1F1
:1009400001030C937FF42DAFC2F303530121002266
:100950002CE7C2F303530221C2F307229FE7C146EB
:10096000CDF808C0CDF840C04FE743EA022242F07C
:10097000A04343F4441330E7C8F58052012A7FF6C0
:1009800051AF0220A1E600BFB45600202050002045
:100990001C500020F8B54FF0E0271E4617F020FE4F
:1009A000BD69044617F01CFE8442F7D14FF47A71FA
:1009B0007B69204F01335A1B01FB02F2B2FBF3F2B9
:1009C0001D4D01FB04222878E8B100233C681B4937
:1009D000141B51F8040BA04202D801330C2BF8D1A0
:1009E0001748DFF870C050F82310013140F8231089
:1009F000DCF80030A342134B88BFCCF800401968E4
:100A0000A14238BF1C6001213A600F4A432E13688F
:100A100029700B4413600D4A1368334488BF1026B5
:100A200013600B4A98BFB60852F82630013342F8DB
:100A30002630F8BD085A0020055A0020383602003A
:100A40005C5A00200C5A0020145A0020105A002032
:100A5000185A002020070020074B186850B10022C8
:100A600000B583B002231146009218F0B1FA03B02A
:100A70005DF804FB704700BF905A002010B5044693
:100A80004FF4DB61FFF7BEFC204610BD38B5084DC2
:100A9000084C284606F02CFA2246284606491CF047
:100AA00031FE2246BDE83840044905481CF02ABE04
:100AB00000010004001000209D6E0000D905000018
:100AC000480000202DE9F04F88460646002595B0E5
:100AD0000DF1160205A9ADF81450ADF8165019F035
:100AE000CDFA4146304603F039FC414604463046D3
:100AF00003F04CFC0746764806F0C8F94346014629
:100B0000324674481CF0B8FC734A0197734FBDF825
:100B10001410012C08BF17462346BDF81620704854
:100B200000971CF0A9FC4146304606AA03F04CFC95
:100B3000002800F0B4800DF120099DF81B40BDF89D
:100B40001C7004F00304032C9DF81EA0C7F30A07D1
:100B500000F0AF80012C00F09180022C1CD0614B82
:100B60000893614B61499DF81A20002D08BF194672
:100B70005F4B604853F82430CDF804A0CDF80890BE
:100B800000971CF079FCCDB94146304606AA03F027
:100B900047FC78B10125D0E7CC46DFF88CE1BEE810
:100BA0000F00ACE80F009EE803004CF8040BACF813
:100BB0000010D6E74D4950481CF05EFC304619F055
:100BC00085FA022858D0304619F080FA4B494C4B30
:100BD000002808BF194600254A481CF04DFC414634
:100BE0004A463046089503F047FC074646483946D2
:100BF0001CF042FC5FB32C46DFF830A1DFF83091E7
:100C00000FE0F3449CF808C021464846CDE901BCFA
:100C1000CDF800E001341CF02FFCA74205F10D05D2
:100C200015D0089B03EB050C8BB19CF804309CF8A5
:100C3000061003F003039CF805E09CF803205AF823
:100C4000233001F1FF3B0029DBD1F346DAE7012431
:100C50002E492F4B0E702F49304681F8008006AA8E
:100C600041461C7003F0B0FB08B19DF81A002A4BF6
:100C7000187015B0BDE8F08F2849ACE7304619F080
:100C800025FABAF1000F11D07D230AF1FF3293400B
:100C9000009230214846224A1CF004FA61E71249CA
:100CA00015481CF0E9FB0DF120096DE752467D2344
:100CB000EEE7304619F00AFA0028E2D15346012B3C
:100CC00038BF012330214846164A1CF0EBF948E7AB
:100CD000000100042CFD0100CCFC0100D8FC010047
:100CE00068FD01006E2F6100F4FC0100F8FC0100BA
:100CF000F4350200F0FD01009CFD0100FCFC010048
:100D00001CFD010024FE01003CFE0100B95600203C
:100D1000BA560020B8560020045A00200CFD0100ED
:100D2000B8FD0100ACFD0100D8FD0100E435020072
:100D30005CFE010038B504460C480D4606F0A6F8E6
:100D40002B46014622460A481CF096FB094B1A78AE
:100D50001AB1094A1278A24200D038BD074A127867
:100D6000AA4204BF00221A7038BD00BF000100046F
:100D700094FE0100BA560020B9560020B856002053
:100D800038B5134C14F050FD237883B9114B124A37
:100D90001249134801F0DCFF054614F063FD55B914
:100DA00010481CF0D9FB0123237014F03DFD01F025
:100DB000BDFF14F057FD0C4806F068F80825002226
:100DC0000A490B4B0B4C086025601A7038BD00BFF8
:100DD0004400002004000020140000202400002013
:100DE00034000020D0FE0100000100040C1000209F
:100DF00008100020B0560020F0B55B480C46A5B0A6
:100E000006F044F8052C014610D8584B584D53F8BD
:100E1000242058481CF030FB2968002971D0032C8D
:100E20000CD10122544B1A7025B0F0BD504D534ADD
:100E300050481CF021FB29680029F5D006A808F0CD
:100E40006BFF47F23053239A1A9C04931B9B4C4828
:100E5000CDE90232DDE91832CDE90024DDE91612D0
:100E6000219E229F1CF008FB464B47489B6A1C9919
:100E70000193209B0093DDE91D231CF0FDFA56EA47
:100E8000070304D03A46314640481CF0F5FA404981
:100E90004FF48062D1E988133E481CF0EDFA3E4BD6
:100EA0001A688ABB002CBFD0286808F05BFF452871
:100EB000014653D845282ED8DFE800F04E4C4A486A
:100EC000464442402D2D2D2D2D2D2D2D2D2D2D2DFA
:100ED0002D2D2D2D2D2D2D2D2D2D2D2D2D2D2D2D42
:100EE0002D2D2D2D2D2D2D2D2D2D2D2D2D2D2D2D32
:100EF0002D2D2D2D2D2D2D2D2D2D2D2D3E3C3A38EA
:100F00003634032C8DD08FE7196824481CF0B4FACE
:100F1000002C89D0C8E7224A224825B0BDE8F0401D
:100F20001CF0AABA204AF7E7204AF5E7204AF3E77F
:100F3000204AF1E7204AEFE7204AEDE7204AEBE7B5
:100F4000204AE9E7204AE7E7204AE5E7204AE3E7C5
:100F5000204AE1E7204ADFE7204ADDE7104A204B3C
:100F6000802808BF1A46D7E700010004CC350200EC
:100F7000B4560020E0000200AC560020BC02020083
:100F800000010200F450002074010200C0010200C0
:100F9000000101041C020200945A002058020200C1
:100FA00024FF010094020200900002006800020089
:100FB0003C00020010000200DCFF0100B0FF010055
:100FC000A0FF01008CFF010074FF01006CFF010015
:100FD0004CFF010040FF0100C80002000CFF0100AF
:100FE000B400020010B50446164806F0DDF90022F0
:100FF000154B1A7044B9154B196899B9144B1B78E5
:101000004BB114481CF0A8FA13481CF035FA0A2218
:10101000124B1A6010BD12481CF09EFA0C220F4BA6
:101020001A6010BD0F481CF027FA09220B4B0E481E
:101030001A6005F02BFF01220C490D4B08601A7055
:1010400010BD00BF48000020385100204051002052
:10105000A45600203C03020094030200B056002076
:10106000C002020064030200000100041C560020BC
:101070001856002038B51A4C206878B308F06EFE78
:10108000B0B9256835B1284608F0C8F904212846CA
:10109000FFF7B8F900231349134A144823600B7073
:1010A000136006F0D1F8BDE83840114805F03CBEA9
:1010B000206808F039FAC82507E0206808F076FAB9
:1010C000012017F063FA013DDBD0206808F046FEEE
:1010D0000028F2D12568002DD5D1DBE738BD00BF4F
:1010E000B4560020AC560020A8560020480000202E
:1010F0000001000470B500250446B6B0FFF7BAFF42
:10110000224A234E10782349234B0D70A84218BF62
:10111000134694E803003060B1806E4640211F4AB8
:1011200003A81BF0BFFF8C221D4913A81CF0F9FA7D
:1011300003A9612213A81CF05BFA292219490DF1B9
:10114000AE001CF055FA184B93E8070086E807003C
:101150000420FFF755F93346064613AA134908F051
:10116000A3F813482B46214641F28D3206603046E3
:1011700008F086F90F481CF0EFF90C220E480F49D1
:101180000F4B05600D701A6036B070BDF855002029
:10119000EC550020AD560020A0030200A803020079
:1011A00068360200B4030200F436020000010004B5
:1011B000B4560020CC030200205600202456002004
:1011C000B056002030B5A34D04462B680278013B91
:1011D00083B00A2B1FD8DFE803F02C06465D656D4F
:1011E000751E7C8A2000002A40F0F7809A4B9B4AAB
:1011F00019789B4B9B4800290CBF114619461CF0DF
:101200003BF9032398482B6005F040FE01229749E3
:10121000974B08601A7003B030BD002A40F0F2808E
:1012200041F28C339348838003B0BDE83040FFF730
:1012300061BF632A00F0C98000F2AF80432A00F04A
:10124000C480482A00F0C580002A40F0A8808A4B5C
:101250008A4A19788A4800290CBF114619461CF0A1
:101260000BF90223CEE7642A00F0A78000F29180F8
:10127000442A00F0A280532A00F0A380002A40F004
:101280008A80754B1B78FBB97E497F481CF0F4F8C7
:101290000423B7E7002A55D17C497D481CF0ECF8BF
:1012A0000523AFE7002A3FD17A497B481CF0E4F8D8
:1012B0000623A7E7002A5FD1784979481CF0DCF8BB
:1012C00007239FE7002A4AD103B0BDE83040FFF76B
:1012D00057BD744B1B78DBB9734B302A196800F289
:1012E000A380724803B0BDE830401CF0C5B82AB9ED
:1012F0006F4803B0BDE830401CF0BEB801A90EF045
:1013000069FE002840F082806A481CF0B5F882E748
:1013100002F0DF00A0F14D00B0FA80F0400903B008
:10132000BDE83040FFF75EBE01A90EF053FE002875
:1013300037D0564B0F22214618461CF059F900228F
:10134000C273B1E701A90EF045FE80B34D4B0F22E9
:10135000214618461CF04CF90022C2739CE701A9F3
:101360000EF038FE30B34D4B0F22214618461CF0CC
:101370003FF90022C273A7E701A90EF02BFE98B136
:10138000444B0F22214618461CF032F90022C2734A
:1013900092E7732A15D04848ABE7682A19D0474826
:1013A000A7E73A4946489DE73A4946489AE735490A
:1013B000454897E73949454894E70122264B1A707A
:1013C00082E70022244B1A705EE70022404B1A701D
:1013D0003DE701223E4B1A7039E7274B01461F2299
:1013E00018461CF005F900210278C177002A3FF465
:1013F000FDAE2D23202A08BF037010F8012F002A0C
:10140000F8D1F3E61BF0ECFC83B20BE701980BF08C
:1014100057FF0246174B41F28C312E481A601CF0E0
:101420002BF80B232B60F6E601F1300393420ADA26
:1014300002F0DF024D2A7FF454AF1D481CF01CF867
:101440000A232B60E7E69420234B313A00FB02305D
:10145000EAE600BFB0560020440000200804020065
:10146000081D020044040200000100041C56002074
:1014700018560020E4550020F8550020A003020073
:1014800028040200340000209404020024000020FC
:10149000EC040200140000204405020004000020B7
:1014A0009C050200385100204051002064030200D6
:1014B00094030200F4050200780402000C04020008
:1014C000040502005C050200AC040200B405020041
:1014D000AD560020100602004451002000202DE9E6
:1014E000F04F7049704BD1F8FC20D7B042F08072B9
:1014F000C1F8FC2058601A686C4C42F001021A6076
:1015000017F09EFB02466A4B6A496B481A600C60F2
:101510001CF022F869496A481BF0AEFF69481CF0CC
:101520001BF8694B694A1978694B6A4800290CBF56
:10153000114619461BF0A0FF674A684B11786848AE
:10154000002908BF1A4611461BF096FF654B1B7811
:10155000002B00F0A58664481BF0FEFF5A4B1B7859
:10156000002B00F08A86614B109361481BF0F4FF5A
:10157000032160481BF080FF5F4805F087FC0023D3
:101580005E4ADFF8AC9110605D4ADFF8A8A1DFF891
:101590009C81DFF8A4B113602BBB01F0A7FC0028ED
:1015A000C0F203830124574B57481C701BF0D4FF33
:1015B0004549564A564B0978564800290CBF1146F2
:1015C00019461BF059FF4E4B4B481C6005F05EFC62
:1015D000514B1C70514B1860012016F0D7FF484B3F
:1015E0001B68002BD9D0082B00F01383092B00F0C7
:1015F000ED822D4B9AF8002000245D68002A00F04F
:101600003486474B1978474B187802F05BFF002867
:1016100000F0B882D9F8000020B108F09FFB032841
:1016200000F08D829BF8207001343B1D082B40F2A6
:101630002682DBF800301B0F0C2B00F2CB81DFE899
:1016400013F00D000D000D007D007D00C9010D009F
:101650000D007D007D007D00C701C7010126D9F87E
:10166000000020B108F07AFB032800F0FA81D8F8D6
:1016700020300133C8F820309BF82020964280F0BB
:10168000D98129490BEB86030BEB820753F8040B36
:101690009F4241F8040FF9D1921BD7B28BF820700A
:1016A000C7E700BF00ED00E0001000E0DD0500002E
:1016B000905A0020ACB400207C070200B403020062
:1016C000AC070200BC070200AD5600202C06020049
:1016D00024060200D8070200F8550020A0030200EB
:1016E000E807020044000020F8070200EC55002043
:1016F000580802008808020000010004F455002088
:10170000B0560020A4560020F80802003806020057
:101710003406020020090200185600201C56002042
:10172000B8560020B956002024500020F450002064
:10173000B4560020BA560020285000200226B74296
:101740008DD29AF80030002B00F07C81402C7FF481
:1017500058AFA149A14B8A685B6813445B1B8B603F
:10176000D8F838303F2B01D8C8F838409C4B1B784C
:10177000002B40F0BC83D8F834300133C8F8343043
:10178000FEF708FF954B944A5B681361954B1E78F2
:10179000002E40F0D181944805F078FB934B1A68F5
:1017A000821AB2F57A7FC0F0C7811860904D914BD4
:1017B00021AC5F6B0FCD0FC40FCD0FC40FCD0FC485
:1017C00095E8070084E807003C228A4921A82E9763
:1017D0001BF0CAFE002800F0AB817F4B1C69864BD2
:1017E0001B69E41A40F07E84D8F83430834ADB1B4E
:1017F0000B93D8F83830804C0C93D2F81C32764DCD
:101800000A93D2F818320993D8F800300893D8F820
:1018100030300793D8F82C300693D8F82830059349
:10182000D8F824300493D8F820300393D8F81C302B
:1018300002930FCD0FC42B6871482360D8F818307D
:10184000D8F804100193D8F814300093D8E9032392
:101850001BF012FE6B4B1B78002B40F09384D9F8E1
:101860000060002E31D0314631A808F055FADDE98C
:101870003112DDE9333441EA0200389D1843399EC4
:1018800020433A9F2843DDF8ECC03043384350EA08
:101890000C0007D0CDE9037CCDE901565A480094ED
:1018A0001BF0EAFD47F2305304934E9B419903939A
:1018B000469B56480293459B0193449B0093DDE968
:1018C00042231BF0D9FDD9F800604A4C484D0FCD9A
:1018D0000FC40FCD0FC40FCD0FC495E8070084E8E7
:1018E0000700002E3CD03C4B3C4C5B6830461193CB
:1018F0006768D8F8286007F059FE9AF800306568E4
:10190000002B40F04F82424A1360424A1360324833
:10191000324B02685B681344DB1B0360D8F8283045
:10192000B3420DD03C4AED1B11461268954207D9CF
:101930000A469B1B8B600D60436811995B1A5360CC
:10194000D9F8000008F00AFA344B1A7842B138B9D5
:10195000334B1B7823B9334B1B680C2B00F0B78437
:10196000314B1B7853B1204805F090FA4EF65F22B8
:101970002E4B1B68C31A934200F2D78201F0B6FACD
:101980000346002B1EDB274A12680C2A00F0368320
:10199000002225490D2B0A7024490A6000F0EB82D1
:1019A0000A2B00F0E882082B00F0B3827F2B00F0B6
:1019B000B082A3F120025E2A04D81D4A12687E2A52
:1019C00040F3C78301220020114617F04DFA06E6C6
:1019D0000326B4E60426B2E6A0500020001000E082
:1019E000045A00200000002000010004B450002030
:1019F000F4500020B85000208C5000200001010459
:101A0000CC0B020024500020A40C02000C0D02009C
:101A1000141000201810002084590020AD5600201A
:101A2000AC560020B0560020185600201C5600204E
:101A30002056002000238BF820309AF80030002B2D
:101A40007FF484AE9F49A04B8A685B6813445B1B9C
:101A50008B60D8F838309C427FF68DAEC8F838409D
:101A600089E632465946D9F8000008F027F90028DF
:101A700074D0D8F818300133C8F81830FCE5934911
:101A8000934804230978007831AA02F057FD002812
:101A900048D0D8F80420319B0132C8F80420D8F887
:101AA00008201B0F52FA80F2023BC8F808200D2BC9
:101AB0000DD8DFE803F0230723070C0C0C0C0C0CEB
:101AC0000C0C0C31D8F810300133C8F810309BF8EA
:101AD00020703B18082B1BD83B4631AA02EB80062E
:101AE00052F8041B4BF82310964203F10103DBB2BA
:101AF000F6D13844C7B28BF820709AE5D8F80C308C
:101B00009BF820700133C8F80C303B18082BE3D940
:101B1000002F3FF416AE8CE5D8F814300133C8F826
:101B20001430D4E79BF82070002F7FF482AD29E0B9
:101B3000D8F83430674A5363D9F80060D1E6D9F851
:101B4000000008F0FBF800287FF46CADD8F82430D2
:101B50000133C8F824309AF8003015E0D8F81C306A
:101B60005D4A0133C8F81C301368074633445B48AC
:101B7000136005F08BF95A4B1A68821AB2F57A7F16
:101B800080F0AA819AF800304E484F4A8168526826
:101B90000A44521B8260D8F83820A24238BFC8F8E5
:101BA0003840002B7FF4E2ADE5E54C4805F06EF9D6
:101BB00040F6B7324B4B1B68C31A93427FF60CAD0D
:101BC00049481BF0C9FCFFF7DBF805E5474B1B78DC
:101BD000002B3FF40EAD94244549224631A81BF05A
:101BE000A0FD444831A905F013FB20B1424B186811
:101BF000072840F32D84394805F048F93F4B1B680E
:101C0000C31AB3F57A6FFFF4F4AC0020FFF7EAF9DA
:101C1000EFE413F009FE3A4B18680DF02DFC07466F
:101C2000002800F057820024354B364A1B68127892
:101C300093F84D6006F00105002A76D0002D00F0E3
:101C40000883002F70D05B681C9313F00BFE1CA858
:101C50000EF0C0FA2B4B01461B78002B00F0F782E8
:101C6000294A2A4B002C18BF1A4629481BF004FCAD
:101C7000284B1B78002B40F08E82274B1B7823B912
:101C8000109B9B88002B40F0FC8300231A4A042100
:101C900013600123154A214813701BF0EDFB204807
:101CA0001BF05AFC134805F091FB002800F0EE836E
:101CB0000A4805F0EBF8114B1A4A18600923136023
:101CC0008AE400BFA0500020001000E0B8560020B9
:101CD000B9560020B8500020345100200001000403
:101CE00030510020F45500204409020038510020F2
:101CF0000037020048000020405100203C510020E5
:101D0000BC570120440000203C0602004C060200A3
:101D100070090200AD560020A4560020A40902005C
:101D2000EC090200B056002025465B681C9313F0B6
:101D300099FD002D8BD1964805F0A8F841F2873225
:101D4000944D04462B68C31A934210D9924B16F057
:101D5000040F924918BF1946914B924A1878924B3A
:101D6000002818BF1A4691481BF086FB2C608C4B4C
:101D70001B78002B3FF430AC47F22F528C4B1B6882
:101D8000E31A93427FF628AC8A4B1B78002B00F0B5
:101D90009182874B1C6013F047FD00F0C7FF13F0E2
:101DA00061FD19E4844B1978844B187802F0A8FB84
:101DB000834B0446D3F800C0BCF1000F3FF4A7AD3D
:101DC00000283FF4A4AD7F4B1A68C2F580506045EF
:101DD0004FF0000328BF604698420F9503EB0201C5
:101DE00019D9794D55F82110090F0C2940D8DFE891
:101DF00001F03B3B3B07073F3B3B0707073D3D00EF
:101E000002211944884206D3A14204D80B469842C5
:101E100003EB0201E5D80F9D63B36B499BB201EB65
:101E20008202654965480978007802F08FFB002836
:101E300000F014826349A0420B680344C3F30B0211
:101E4000D8F82C300A605E4903F10103C8F82C3041
:101E50000B68A3EB000CC1F800C0BFF458AD241A06
:101E6000BCF1000FB1D152E50121CAE70321C8E757
:101E70000421C6E7544B53F822301B0F0C2B28D8F3
:101E8000DFE803F00707071A1A2707071A1A1A24A8
:101E90002400012319469E4601EB020C31A94A4B4E
:101EA000C2F30B0053F820000132944541F8040BB3
:101EB000F5D1734631AAB4E7022319469C42FFF4D8
:101EC00026AD9C45FFF423AD0B46E4E703231946FA
:101ED000F4E704231946F1E718603C4B3C481E46E2
:101EE00019681BF0C9FA9AF8003037604CE6324B9B
:101EF0001978324B187802F0E5FA0446002800F011
:101F000030810023334A1360334A1368013313606E
:101F100031E4324B1B68002B7FF754AD2F4A013B55
:101F20002F4813601BF0A8FA4CE500232D4A1370CC
:101F30002D4B1B68013B082B3FF644AD01A252F824
:101F400023F000BF5323000043230000332300008D
:101F5000691F0000691F0000691F0000691F000061
:101F6000C51900006323000020481BF0F5FA204843
:101F7000FFF728F926E50024184D1E4A2B681E4855
:101F8000D4541BF0E9FA1B48FFF71CF92C6019E543
:101F90000001000404100020600602006406020034
:101FA000440000206C0602003C060200A80A020061
:101FB0000C10002008100020B8560020B956002050
:101FC00014100020181000201C1000203451002094
:101FD000340B0200F4590020F8590020205600204C
:101FE000EC14020018560020B0560020C80D020064
:101FF000900202002456002008FF01001B2B00F075
:10200000C984433B2E2B3FF6DDAC2E2B3FF6DAACDA
:1020100001A252F823F000BF4D290000C5190000AD
:10202000C5190000C5190000C5190000DB24000017
:10203000C5190000C5190000C5190000B32400002F
:10204000C5190000C5190000C5190000C519000018
:1020500095240000C5190000C5190000C51900002D
:10206000C5190000C5190000C5190000C5190000F8
:10207000C5190000C5190000C5190000C5190000E8
:10208000C5190000C5190000C5190000C5190000D8
:10209000C5190000C51900004D290000C519000030
:1020A000C5190000C5190000C5190000DB24000097
:1020B000C5190000C5190000C5190000B3240000AF
:1020C000C5190000C5190000C5190000C519000098
:1020D00095240000A94B18680BF0B8FE041E18BF29
:1020E0000124A1E56425A64BA64A98689368224678
:1020F000C01AA0FB050133461AF0B8FCA04BA14A58
:102100000746586853682246C01AA0FB05013346AB
:102110001AF0ACFC33460646994A1068994A126890
:10212000801AA0FB0501984D22461AF09FFC2D68ED
:102130003246964E3B46A6FB0565AD09B4FBF5F469
:102140000146009492481BF097F9924B5F6BFFF7A2
:102150004BBB91498B54914B01321A601BF09EF995
:1021600030E48F4B19788F4B187818F021FA00283B
:1021700000F0D0808C4B8D4A1C60136801331360D3
:10218000FFF7F9BA8A4B8B481A688B4B19681BF01A
:1021900073F9FFF764BBFEF76DFF0123874A21A89F
:1021A0001370874B864A1978864B002918BF13464F
:1021B0004021854A1AF076FF8C22844931A81BF011
:1021C000B0FA612221A931A81BF012FA2922804914
:1021D0000DF593701BF00CFA7E4B93E807001EABD5
:1021E00083E807000420FEF70BF904467A491EAB8A
:1021F00031AA07F059F841F28C31784A2046002381
:10220000C9F8004007F014F913F00EFB5B4B1B6894
:102210005B681D9313F026FB1DA80DF0DBFF41F258
:102220008C3201466E481BF027F96E481BF094F97A
:10223000694804F02BFE0C226B4B6C49186000239C
:102240000A60564A1360544A1370FFF7C5B9684ACA
:102250000BE55B681C9313F005FB6CE5D8F8303098
:102260000133C8F83030FFF752BB45495B688A68D4
:1022700013445B1B8B60FFF77EBA5E4B10939B8809
:10228000002B3FF472A95C481BF0F6F8109C206804
:10229000FEF7B6F9A18859481BF0EEF8FFF765B9CB
:1022A000574A584B00925849584A59481BF0E4F88D
:1022B000FFF754B90123574A574813701BF04CF9E4
:1022C00013F0B2FA00F03EFD13F0CCFA61E542489B
:1022D00004F0DCFD444B04461B68C31AB3F57A6F67
:1022E000FFF43EAB13F0A0FA244B1B685B683193FC
:1022F00013F0B8FA31A80DF06DFF484B0146D3F842
:10230000183241F28C3246481BF0B6F8364B1C604E
:10231000FFF726BB434A4449136801331360224A3E
:102320001368013313600A68934288BF0B60FFF79C
:1023300022BA3E481BF010F93D48FEF743FFFFF775
:1023400041BB3C481BF008F93B48FEF73BFFFFF759
:1023500039BB3A481BF000F93948FEF733FFFFF765
:1023600031BB384B1B68002B40F33B8336481BF0D6
:10237000F3F83648FEF726FFFFF724BBBC570120D1
:10238000A05000208C5000202C070020D34D62105C
:10239000780B0200B8500020245600202056002060
:1023A000045A0020B9560020F4590020005A002099
:1023B0001C500020800C020020500020AD56002050
:1023C000F8550020A00302008009020068360200D0
:1023D000B4030200F43602000001000448000020AB
:1023E00088090200CC030200A8560020B056002045
:1023F00044060200EC550020440802005008020088
:1024000004000020140000203400002024000020DC
:102410001808020008100020CC0A02000001010484
:10242000740D0200FC590020F0590020BC0D020080
:10243000081D02009C0D020090020200B00D020077
:102440003406020040510020E00D0200C8030200E3
:102450009F4B451C04FB00309E4B224631A91D605A
:102460001BF05FF9294633AA9B481BF005F8319809
:10247000FEF7C6F8BDF8C81098481AF0FDFFFFF740
:10248000BABB9748FEF736FEFFF7A6B895481BF093
:1024900063F80DE4944A95491378954883F0010355
:1024A0001370944A002B18BF11461AF0E5FFFFF78E
:1024B00089BA0022904991480B7883F001030B7090
:1024C0008F49934208BF01468E4B8F481A608F4B4D
:1024D0001A601AF0D1FFFFF775BA8D4B8D481A6854
:1024E0008D4B1C4619681AF0C7FF2368012B40F278
:1024F00074828A4B8A481A688A4B8B4D19681AF085
:10250000BBFF8A4C8A4E55F8042B1AB1304621681D
:102510001AF0B2FF874B04349D42F4D16FF00305EB
:1025200085481BF019F8854C854E2D1B54F8042B5B
:10253000291912B130461AF09FFF824BA342F5D100
:10254000814C824D2368824E824F00932B68326803
:10255000396881481AF090FF0023804A2B6033606D
:102560003B60236013607E4BD3F84C12002940F08F
:102570003D8200227B4D7A492868C1E99322C1E956
:102580009522C1E9972290B113F0F8FA0446286821
:1025900013F0F8FA0346002C40F053827249734856
:1025A000734A002B18BF024672481AF065FF3422A6
:1025B00000215D481BF002F8442200215F481AF018
:1025C000FDFF4FF0FF32002356490A60534A136063
:1025D0004F4A1360504A1360674A1370FDF7DAFFE1
:1025E000664F6749FD68CA68664B674C1A95AA42F0
:1025F00018BF1C46654A7E68D2F870311B961D686C
:10260000D2F8803118951B6861481293D3680F93F4
:10261000D2F8A4311193D2F8FC30D2F804211393EC
:1026200014920A464E4BD3F81C3215934B68F61A97
:10263000CB6A1599CB1A0893936A1499CB1A07930E
:10264000536A1399CB1A0693136A1299CB1A0593FE
:10265000D3690F99EB1A04939369119DEB1A0393B5
:10266000556913464D1B3946484A89685268169188
:1026700019693F68511A17921A689B68CDE901459C
:102680000025169CBA1AE31A00961AF0F5FE31AA34
:1026900010214048319516F061FA04463E4B319ABC
:1026A0001B683E48D31A1E4619931AF0E5FE002C0B
:1026B00000F0CD81002E00F09680364E384B1A681F
:1026C000002A7CD00023D6F800C0364970E000BF55
:1026D0004451002040510020280B02005008020005
:1026E000EC550020600A02000000002048070200AC
:1026F000CC1402001C07020024500020B006020087
:102700007C0602001C500020140E02002050002005
:10271000105A0020340E0200145A00200C5A0020D7
:102720009C0E0200200700205C5A002004360200A4
:10273000D00E0200905A0020E00E0200185A00202D
:102740001C0F02005C5A0020F0590020FC590020A8
:10275000005A0020F8590020340F0200F4590020DC
:1027600000010104BC570120CC060200F006020063
:10277000E40602002C100200055A0020C059002077
:1027800090590020FC06020090020200D057012060
:102790005C10020044570020C05600204411020083
:1027A000BC5600200457002001339A4200F01381E8
:1027B00051F8040B6045F7D1A74A52F8232064234F
:1027C000B0690135801AA0FB0301199A00231AF0A1
:1027D0004DF971680246A1481AF04EFEAC4206F16E
:1027E00024067FF46BAF9E481AF0B6FE9D4A9E4BBE
:1027F000994902EB84051868243342F8040B53F816
:102800000C0CAA4241F8040BF5D1984A984B99490F
:102810001C60D2F8443200240493D2F84032964827
:102820000393D2F83C32954D0293D2F8383201939B
:10283000D2F834320093319B0B601146D2F830321B
:10284000D1F82812D2F82C221AF016FE8C4B8D4AA1
:102850001B682968A2FB03239A0C6B68B1FBF2F199
:10286000B3FBF2F38848AA681AF006FE214620223C
:102870008648C5E90044AC601AF0A0FE844A854849
:102880001146D369049393690393536902931369BF
:102890000193D36800939368096852681AF0ECFDBD
:1028A000214620227A481AF089FE17F04DF8044696
:1028B00017F050F84FF400330246214676481AF0DC
:1028C000DBFD764B1B9A1F605A60169A74489A601B
:1028D0001A9ADA60179A1A610F9A5A61119A9A61D4
:1028E000189ADA61129A1A62139A5A62149A9A62C0
:1028F000159ADA626B4B1A686B4B19681AF0BCFDBB
:10290000D9F8001091B131A807F006FA499B674841
:1029100004933A9B31990393399B0293389B01931B
:10292000349B0093DDE932231AF0A6FDD8F800307D
:102930005F4C604D009323684FF4805229685E48D5
:102940001AF09AFD23682B60FFF73CB8D8F80030E6
:10295000D8F804100893D8F8303058480793D8F8BE
:102960002C300693D8F828300593D8F824300493F7
:10297000D8F820300393D8F81C300293D8F81830D8
:102980000193D8F814300093D8E903231AF074FDAA
:10299000FFF718B801244A481AF0DEFDFEF76AFB7B
:1029A000484B49481C701AF0D7FD4849484A494BE2
:1029B0000978494800290CBF114619461AF05CFDF8
:1029C000464B47481C6004F061FA464B1C70464B6E
:1029D0001860FEF7F7BF0022F1E644481AF0BCFD8C
:1029E000FCE54348FEF7EEFBFEF7ECBF244B414A03
:1029F0001B681E48B3FBF2F3D0F85C42D0F85422B7
:102A00004FF47A7E1519B5FBF3F5B4FBF1F4D0F869
:102A10006072D0F85862B2FBF1FCB7FBF3F7B6FB7B
:102A2000F3F6B4FBF3F4B5FBFEF5D0F85022BCFB93
:102A3000F3F3CDE90064029703952F481AF01CFDCB
:102A400097E52E492E4A012C08BF1146A7E50448F8
:102A50001AF082FDD9E600BFC456002060110200C2
:102A600008FF010004570020445700200001010422
:102A7000BC560020C05600206C1102008459002072
:102A80002C07002083DE1B430012020028030104F0
:102A9000D45A002050120200E41202009059002083
:102AA0002C1302001C50002020500020681302004C
:102AB0001410002010100020DC1302004C1402003F
:102AC000EC0D0200A4560020F8080200AD560020CC
:102AD000380602003406020020090200B056002029
:102AE00000010004185600201C5600206C0E020045
:102AF0009002020040420F00A40F0200D80602001C
:102B0000D0060200104A30B4104B114C114D12681F
:102B1000A3FB02326B6825682360A3EB050C00233E
:102B2000920CBCFBF2FC0C4A52F8044F644502D8EC
:102B30000133072BF8D1094C54F82320013244F813
:102B4000232030BC07F044BC2C07002083DE1B434D
:102B5000D05A0020001000E090370200D45A002024
:102B60008C4600B5864613467146624602485DF8BB
:102B700004EB02F099BE00BF000010408C4600B587
:102B8000864613467146624602485DF804EB02F041
:102B9000ABBE00BF0000104010B54FF480534FF0A3
:102BA0008044C4F8203202F031F802F02DF801F030
:102BB000B5FF41F2D40002F095F80423C4F828329E
:102BC000C4F80831D4F8083123F00403C4F80831FC
:102BD00002F0C6FA01460A4802F038FE002309490D
:102BE00002220968886819461AF0A8F94022064BA3
:102BF00083F88B2383F88C2383F88D2310BD00BFCB
:102C0000000010406407002000E100E070B59AB0B9
:102C1000044609AE002836D0384D394A394B6A602F
:102C2000394A00212A60184620221AF0C7FC0346C0
:102C3000364A8560C260364A051F40F8042C354A82
:102C4000426020681861A3882B836079A37862783A
:102C50002178029020790190E07800902E481AF0B7
:102C60000BFC00222D492E4B0992CDE90131324651
:102C70003346314600952B480DF0AAFE29480DF049
:102C800057FF1AB070BD0146442230461AF096FC38
:102C9000304603F0C3FD18B9304603F0C5FD08B156
:102CA000214CB9E7304605A903F0C4FD0028F7D14F
:102CB0009DF819009DF815109DF818309DF8142006
:102CC00041409DF81C509DF81D005A409DF8204041
:102CD00041406A40144862409DF81630C2709DF829
:102CE0001A2053409DF81E2053409DF82220534047
:102CF00043719DF821304B400371D1E7BC5A00204D
:102D00007D2B00009C5A0020612B000080F0FA020D
:102D1000C45A0020483B020020160200052B000088
:102D2000895E0100F45A00202407002010B5044CED
:102D300020460DF007FF2046BDE810400CF0E0B93A
:102D4000F45A002001480AF0E7BF00BFF45A0020FF
:102D500070B586B00C4601A915461E460DF03AF92D
:102D600010B9002006B070BD204602A90DF032F95E
:102D70000028F6D0284603A90DF02CF90028F0D041
:102D80000D4803AB02AA01A90DF094FD0A480DF00D
:102D9000D9FE0EB133780BB90120E3E7304604A920
:102DA0000DF018F90028F7D0049B002005A9059321
:102DB0000AF018FEF0E700BFF45A00200649074A5F
:102DC000D1F8FC3043F08073C1F8FC30136843F055
:102DD00001031360704700BF00ED00E0001000E049
:102DE000014B5868C0097047001000E038B54FF437
:102DF000A063374AC2F82431D2F8003123F001032E
:102E0000C2F80031D2F8003143F4616343F00C039F
:102E1000C2F800311369D807FCD42E4AD2F8003822
:102E2000D9070BD42C4B9360D2F8003843F0010340
:102E3000C2F80038D2F80038002BFBDA4FF080419E
:102E40001420D1F82832234A43F44033C1F8283201
:102E5000D2F8083123F03403C2F80831C2F808016F
:102E6000D2F8003143F00103C2F80031D2F800314A
:102E7000DB01FBD54FF080434FF400344FF4803535
:102E8000D3F8182A154942F02202C3F8182A002064
:102E9000C3F82852C3F8284202F06EF902F0C8F9CC
:102EA0001F2200244FF0400C0D4B0E49C3F8302177
:102EB0001A6B0D4842F440421A631C601A6922F0F2
:102EC0000F1222F470621143196180F843C338BDB8
:102ED000005004400040044001005A5A00366E0180
:102EE00000A010400407070000E100E008B5124808
:102EF00003F042FA10F4602F14D10F4AD36A13F092
:102F0000706F15D09369190507D440F612010B4074
:102F1000022B02D0D069C0B208BD074BD86900F0BF
:102F20007F0008BD4FF46021034803F041FAE4E755
:102F30004FF0FF3008BD00BF00400B402DE9F843C3
:102F4000171E14DD0E464D1EDFF8449005EB0708F2
:102F50000E4C01E0013C0DD00D4803F00DFA0302C8
:102F6000F8D515F8013F4545C9F81C30F0D1384671
:102F7000BDE8F883074AC6F1010311682B44FB1A28
:102F80000B4438461360BDE8F88300BF400D0300D2
:102F900000400B40945A00200121084616F016BD4F
:102FA0000D46044608B519F025FB2A46214602487D
:102FB00003F0A4FEFEE700BF5016020008B5024869
:102FC00003F09CFEFEE700BF6816020008B5024849
:102FD00003F094FEFEE700BF881602002DE9F043DF
:102FE0009DF82080BDF81C701468B3F800C0B8F1DB
:102FF000000F12D0BC4510D20646002594F801E01F
:10300000BEF1050F0ED094F800E0F4441FFA8CFCDA
:103010007444A84501D96745F0D81460A3F800C0EE
:10302000BDE8F083A078C009B1B9F8B92068C6F846
:103030000A00B4F804E0A079A6F80EE03074207815
:1030400084441FFA8CFC67450444E6D9607825283F
:1030500020D00135EDB2DCE790B92068B061B4F85A
:1030600004E0A079A6F81CE0B077E8E72068C6F88D
:103070000300B4F804E0A079A6F807E07072DEE778
:103080002068C6F81100B4F804E0A079A6F815E0AD
:10309000F075D4E7207851B9032808D994F803E0F3
:1030A00096F82590F1453CBF86F825E020788444C9
:1030B00004441FFA8CFCCCE701207047002290F8F2
:1030C000233080F86A2113B990F82430F3B190F8D6
:1030D00025304FF0010C102B28BF102363454FF013
:1030E00000024FF4807138BF634610B4084C80F87A
:1030F0007021C0F86A41A0F86EC15DF8044BA0F8D9
:103100007211C0F8742180F871317047704700BFA8
:10311000010D260208B54FF4B042002102481AF012
:103120004DFA012008BD00BF505B00202DE9F84397
:10313000134C0546DFF84C9004F5B04603E004F567
:103140003064B44219D02378AB42F8D194F8FC7AB9
:103150004FF430620021204694F801801AF02EFAD4
:10316000002FECD0B9F1000FE9D04146284604F514
:103170003064FDF7DFFDB442E5D1BDE8F88300BF60
:10318000505B0020350D000070B590F821300446EA
:10319000012B0CBF00F11103C31C1A7882B01AB1C5
:1031A0009B88C3F30A0555B904F2D46630464FF440
:1031B000007516F07BFDA8420DD202B070BD04F27E
:1031C000D46613F4C06F304618BF4FF4007516F084
:1031D0006DFDA842F1D3E17F207817F033F9002884
:1031E000EBD0304616F062FD85420BD80026E17F19
:1031F00020782B46CDE9006604F2D32217F068F957
:1032000002B070BDE17F207802B0BDE8704017F0D9
:103210003FB900BF70B590F821300446012B0CBFB8
:1032200000F11106C61C337882B00CBF00F11805FE
:1032300000F10A05002B34D12B7843B129462078C0
:1032400017F080F9002834D0AB7884F820300025BE
:1032500001234FF4007204F2FC6104F2D460009583
:1032600016F0E0FC01234FF40072009504F6FC0117
:1032700004F5DD6016F0D6FCE37F13B12046FFF7BE
:1032800083FF01220F4B84F8FC2A1BB16178207860
:10329000FDF718FC6178207802B0BDE8704017F0A7
:1032A00005BA3146007817F04DF910B1B378E377DD
:1032B000C2E74FF0E023D3F8F03DDB0700D500BEB6
:1032C00002B070BDC50A000090F8203003B9704705
:1032D00070B500F5DD65044682B0284616F0D6FCD0
:1032E00028B194F82010207817F0ACF808B902B093
:1032F00070BD04F2D3464FF400723146284616F0F2
:10330000E7FC034690B1002594F82010207832465F
:10331000CDE9005517F0DCF80028E8D14FF0E023A4
:10332000D3F8F03DDB07E2D500BEE0E794F82010CB
:10333000207802B0BDE8704017F0AAB82DE9F04F30
:10334000DFF860A7A1B091469DF8A8600AF5B044E7
:10335000009304E00AF5306A544500F094819AF82D
:1033600000308342F6D19AF801308B4203D09AF8AC
:1033700002308B42EED19AF82130012B00F03A83D3
:10338000009B9B46002B00F094804FF0000B5546AD
:103390001BE0402F00F085807AD8202F00F0228299
:1033A00000F27781009B5B4540F38280102F00F094
:1033B000978000238DF8403001230293029B5B44E9
:1033C0001FFA83FB009B9B4572D259F82B2006B154
:1033D00012BA02F0F007902F0C92D4B261D0D8D973
:1033E000C02F04D06CD8A02F5BD0B02F6ED103209B
:1033F0000290009BA3EB0B03834259DB58440BF173
:10340000010309EB800009EB83030DF1300C53F845
:10341000041B06B109BA83424CF8041FF7D10023FC
:10342000302F04F00F048DF8403078D0402FC5D1F4
:103430009DF834009DF835A08301C2F3033C43EAB4
:103440009A08ACF102074346C2F303214FEA500E3B
:103450000C2FB3D80FF2040A5AF827F037380000BF
:1034600037380000BD330000BD330000BD3300001D
:10347000BD330000E9390000D538000005390000EF
:10348000113900001D390000A5390000C3390000C2
:10349000602F00F0F2801ED9702F00F0EE80802F98
:1034A00014D102200290009BA3EB0B038342A5DA08
:1034B000AA465046FFF708FF584621B0BDE8F08FF6
:1034C000E02F0AD004F0D003D02B06D00BF1010B73
:1034D0001FFA8BFB76E7502FF8D10420029088E783
:1034E0004FF001038DF84030C2F30723F13B04F0A5
:1034F0000F04C2F307210E2B00F2FC80DFE813F06B
:10350000F200F600F200CF00CF00CF00FA00CF00AB
:10351000CF00CF00CF00CF00CF00CF00CF00C2F34D
:10352000072202F0F00110294FEA121702F00F02F1
:1035300000F07F81302900F07481002940F0CB80B9
:103540004FF0010EF02300208DF81C3004EBC40373
:1035500004EB430303F148012944A1F803004FF0B1
:1035600001012B4483F83A104FEAC40C002A00F002
:103570007482012300210F2B0DD80DF18008881CC7
:1035800058FA80F010F8508C03F180006844013341
:1035900000F8648CDBB20131C8B29042EBD309224F
:1035A000FA40D20702D50F2B40F213810CEB04072F
:1035B00004EB47072F4407AA97F84C10134412F85E
:1035C000018B7818934201F1010180F83B8001F0F2
:1035D0000F01F4D187F84C100CEB040304EB430308
:1035E0002B4493F84B308B4280F0EB80CB1AD9B24E
:1035F00000230CEB0407200104EB470703949846D3
:10360000044640F004022F4405920DF1400ACDF823
:1036100010C020AA02EB8302022942F83C8C77D921
:103620000133DBB20AEB830097F84B2000F1030C67
:103630000191B91891F83B10013200F8011F84453F
:1036400002F00F02F5D1019987F84B200339C9B276
:10365000BEF1000F00F09880002940F0A88044F0EF
:1036600007020AF823209DF840300133DBB28DF8C1
:103670004030002B3FF4A6AE22E0009B5B453FF7B5
:1036800098AEAA4615E74FF0000B584621B0BDE8AA
:10369000F08F302F7FF41AAF0220029003E724014D
:1036A00044F005038DF8443001238DF84510C2F332
:1036B0000741C2F307628DF846108DF84720029348
:1036C0009A00029B11A95B4405F5DD601FFA83FB9C
:1036D00016F050FB76E6002A00F0D1819E464FEAB4
:1036E000C40C47E7240144F00203DBE7240144F063
:1036F0000303D7E700238DF84030C2F30743C2F33A
:1037000007628DF845108DF846308DF8472059E650
:103710002046DDE9034CBEF1000FAAD00133DBB235
:103720000DF140080CEB040708EB830C04EB470495
:1037300067462C4494F84B2004EB020E9EF83BE0C5
:1037400001320129BA4602F00F0207F801EF01D059
:103750000121F1E7CCF1010CD4445FFA8CFCBCF1FF
:10376000010F84F84B200CBF40F0050240F0060228
:1037700008F823209DF840300133DBB28DF840304B
:10378000002B3FF41FAE9BE7059A0AF823209DF813
:1037900040300133DBB28DF8403000293FF469AF8F
:1037A000032B7FF636AF002B3FF40CAE88E7059A6B
:1037B0000AF823209DF840300133DBB28DF8403009
:1037C000EEE7C3F11003194411F0FF017FF410AFCD
:1037D000F8E5591C1A46CBB2F72180326A4402F848
:1037E000641CE3E6009B5B457FF762AE4FF001038C
:1037F0008DF840300023C2F3033141EA041161F334
:103800000703C2F3072161F30F23C2F3074161F3FA
:103810001743120E62F31F631193012304220293D4
:103820004FE7002A00F036814FF0010E4FEAC40C3A
:10383000A0E69E4686E620010024DB098DF84F3085
:10384000234640F00B0041F0B001BCF1020F60F3E1
:10385000070460F3070361F30F2461F30F2314BF20
:10386000622764278DF84D108DF851104FF0260116
:1038700014BF4FF0630C4FF0650C67F317438DF8DE
:103880005210C2F30641C2F3066262F31F634FF0A7
:10389000060E129304236CF3174408F07F0861F3BB
:1038A0001F648DF853808DF84C008DF850008DF812
:1038B0004EE0119405F5DD608DF8403016F0F6F914
:1038C0009DF84030B0EB830FFFF4F2AD002B3FF4D6
:1038D00079ADF5E6BEF1010F38BF4FF0010E2001C2
:1038E00040F0090061F06F01002360F30703C2F3A9
:1038F000064261F30F2362F317436EF31F631193C4
:103900000123D7E7200140F00A0061F05F01EBE7F7
:10391000200140F00B0061F04F01E5E7D3014FEAD1
:10392000041440F19E8000238DF8463020238DF84A
:103930004A309DF836300B2203F07F038DF8473074
:103940009DF837300A2703F07F038DF84B3044F0A1
:103950000B038DF844308DF8483041F0B0038DF8FA
:1039600045308DF849304FF0090C03230DF14C0E12
:1039700044F00C048EF800400CF1800461F03F012B
:103980000DEB040C0CF83C1C07F180010DEB01075A
:103990000021803200F07F006A4407F83C0C02F8F6
:1039A0003C1C87E7230143F00D038DF844300023CE
:1039B00061F02F018DF846E08DF845108DF8473005
:1039C0009EE70022200140F00E0061F01F0160F32D
:1039D000070208F07F0861F30F22DB0968F3174242
:1039E00063F31F6211928BE7200140F0080061F041
:1039F0007F0179E70AF5DD6318461F4616F056F990
:103A0000009AC0F38F039A4228BF1A4693467EB3AA
:103A1000002A3FF44EAD102A9046144628BF4FF0BE
:103A20001008002504E0102CA04628BF4FF0100815
:103A30004FEA880609EB8501324610A8A4EB08047A
:103A400019F06FFE45443846B2B210A9A4B216F080
:103A500091F9ADB2002CE6D12BE507BB0122022380
:103A6000BAE60123032202279C460DF1440E7FE7AC
:103A700092004946384692B216F07CF919E504EBFB
:103A8000C40304EB43032B44964693F84C104FEACF
:103A9000C40CA1E501234FEAC40C9E469CE6012319
:103AA00084E500BF505B0020F8B5224C054604F5C4
:103AB000B04E03E004F53064744513D094F800C0B0
:103AC000AC45F7D1E07F884203D094F820008842CB
:103AD000F0D1E07F884207D094F820308B4224D088
:103AE0000120F8BD0020F8BDC2B9BBB1124A9EB298
:103AF00004F2D3272AB133463A4628466178FCF7C8
:103B000049FF3246394604F2D46016F033F90B4BC4
:103B10001BB128466178FCF79FFFE17F0029DFD0C9
:103B20002046FFF731FB0120DBE72046FFF7CCFB07
:103B3000D6E700BF505B002095090000590A00003D
:103B40002DE9F04F984600268B7885B04370B8F881
:103B50000030BDF838400F461168A34283469146B5
:103B6000B2463546ADF80A30039127D2B446304606
:103B70000FE0032A19D0012A04BFB1F80320ABF8E3
:103B800026200A78012013449BB2A342114412D28A
:103B90009C464A78242A41D18A78022AE9D19BF8A6
:103BA000232001328BF82320EBE79BF824200132FD
:103BB0008BF82420E5E7ADF80A30039100943B79B7
:103BC0000021019358460DF10A0303AAFFF706FAF4
:103BD000BDF80AC064457CD90398034608E01A780A
:103BE000012194441FFA8CFC644513441CD965469A
:103BF0005A78242AF3D0002968D0ADF80A500393EC
:103C0000644502D95A78042A11D0BDF80AC0C9F80F
:103C10000030A8F800C005B0BDE8F08F0028CDD076
:103C2000ADF80AC00391C9E7ADF80AC0EDE7BA786C
:103C300099789142E9D1DA78002AE6D001228BF80E
:103C40002220187800EB0C0292B21844944288BFEC
:103C50000025ADF80A2003900FD815E081780129DE
:103C600003D1B0F80310ABF82810017801250A44FD
:103C700092B2944208442ED9924641782429EDD03C
:103C800015B1ADF80AA003901B79584601930121A4
:103C90000DF10A0303AA0094FFF7A0F9BDF80A008A
:103CA000844215D9039B84461D46002108E01A78FA
:103CB000012194441FFA8CFC64451344A7D966463D
:103CC0005A78242AF3D051B1B446A0E7034697E7C7
:103CD0008446039B9BE7ADF80A200390D4E7844613
:103CE0002B4694E72DE9F0431F4653790020012B22
:103CF00085B006D193791646012B884604D0032B54
:103D00002FD005B0BDE8F08314781519A742ADF89F
:103D10000A40039510D9024607E02B7801221C4483
:103D2000A4B2A7421D447AD920466B78242BF4D044
:103D300012B1ADF80A000395DFF8089100234A4656
:103D4000117802F53062002937D00133082BF7D102
:103D50004FF0E023D3F8F03DDB0700D500BE002094
:103D6000CFE7384C9578A146234604E00130082877
:103D700003F530634AD01A784245F7D15A78FF2AC2
:103D8000F4D199784A1CFF29D2B2EFD09542EDD1F7
:103D90004FF4306303FB009432782046ADF80A20DC
:103DA000B418314600970DF10A0303AA0394FFF7F4
:103DB000C7FE012005B0BDE8F0834FF4306202FB7E
:103DC00003F509EB0503184619F0F8FBFF2209F883
:103DD000058082704270B278A7428270E9D9039957
:103DE0004A78042AE5D14A79012AE2D18A79032A5C
:103DF000DFD10A780DF10A0314440A4403920097B4
:103E000003AAADF80A40FFF79BFED2E70023217812
:103E100004F5306439B10133082BF8D198E7ADF8D7
:103E20000A40039588E74FF4306202FB03F509EB83
:103E30000504204619F0C2FBFF2309F805806370D2
:103E4000A370A9E7505B00202DE9F047B04C88B083
:103E500017461D469DF8409004F5B04603E004F572
:103E60003064A6426CD023788342F8D163788B42C9
:103E700002D0A3788B42F2D194F82130012B3ED0AE
:103E8000A846002D53D0AA4604F2D466002504E0CB
:103E9000A8EB050ABAF1000F49DD02226946304657
:103EA00015F046FF022842D19DF8001001F00F01E5
:103EB0000439032902D8BAF1010F38D00422304660
:103EC0000DEB020115F004FF042830D1019B002BFB
:103ED000DED003F00F020F2A9DF804100293C3F303
:103EE000031031D0023A09090C2AD1D8DFE802F0D8
:103EF000757579AC9A8B4242424242424200B5B15A
:103F00004FF00008043F04F2D46606E0039A1FFA5B
:103F100083F8454547F8042F09D00422304603A909
:103F200015F0D6FE042808F10103EFD04546E37FE3
:103F300013B12046FFF728F9284608B0BDE8F087FE
:103F4000002008B0BDE8F0871904C3F307229FD50D
:103F5000F62A40F2978002F10803DBB2072B97D8CC
:103F6000002340F010008DF811208DF81000ADF8FE
:103F7000123013E00022214440F0200081F82A2072
:103F8000C3F3072160F3070261F30F22C3F3074174
:103F900061F317421B0E63F31F6204924FF0010E90
:103FA0000EEB050C2A461FFA8CFC03A800E01A460B
:103FB000531C50F8041F9BB2B9F1000F00D009BA8E
:103FC000634547F82210F2D10EF1FF3E01355FFA4A
:103FD0008EFE1EFA85F5ADB25AE7002240F01000C1
:103FE000CEE7214491F82A20002A74D1C3F3072395
:103FF000F02B7FF44DAF12238DF81130012381F89F
:104000002A3002236BE0214491F82A2040F030004E
:104010008DF81000D2B31B0EF72B7FF439AF32228C
:1040200001233EE0214491F82A2040F030008DF831
:104030001000002A6ED0C3F30742F72A7FF428AF9E
:1040400031224FF0020E67E0C3F307221B047FF515
:104050001FAFF72A84D1214491F82A3040F0300074
:104060008DF81000002B3FF413AF002381F82A30A5
:10407000ADF815308DF817303023CDF811304FF0F2
:10408000020E8DE7F32A3FF66BAF01E7C3F3072279
:10409000F02A7FF4FDAE1B0EF72B7FF4F9AE012260
:1040A00002238DF8112000220DF1170C81F82A202F
:1040B0000DF11102022B03F1200169448CBF002194
:1040C00011F8181C03F1010002F8011F98BFC3B2D8
:1040D0009445EFD1D3E723238DF81130012340F02D
:1040E00030008DF810000DF111020DF1170C032BAB
:1040F00003F1200169448CBF002111F8181C03F161
:10410000010002F8011F98BFC3B29445EFD1B6E792
:10411000505B00204FF0010E8DF81120002201208D
:1041200081F82A20C3F307230DF111020DF1170CBA
:1041300086458CBF1946002102F8011F88BF022066
:104140009445F5D19BE700BF2DE9F0418268654BAE
:10415000B2F804E0017888B003F5B04C5FFA8EFE47
:1041600003E003F5306363452AD01A781C468A427F
:10417000F7D15A78724502D09A787245F1D14269E6
:10418000012A6BD0022A1ED0D2B993F82240002C0B
:1041900000F09E8001245878029201928DF8081058
:1041A000039251490592514AADF8040083F8214029
:1041B00002A806910092CDF810D0079416F076FE72
:1041C00008B0BDE8F081C17800297CD1828883F8ED
:1041D0006A11042A3CD9B3F8D65193F8D301954219
:1041E00028BF154600F10D02AA4231D803F2D31CB4
:1041F00003F168061CF800E00131BEF10C0FC9B2F2
:104200000CEB000224D992F801E0BEF1260F1FD179
:1042100092F802E0BEF1020F1AD184F86A11D2F8C6
:1042200008E0D2F800805768C3F86B81C3F86F715B
:10423000C3F873E192F80CE00D3383F86AE1127869
:10424000024490B200F10D02AA4201D89E42D1D19F
:10425000204608B0BDE8F041FEF7DCBFC2783AB1B5
:104260001846FEF72BFF08B0BDE8F041FEF7D2BFBD
:10427000B3F8D6410292052C38BF05248DF80810FA
:104280000221587803F2D3130593174BB4F5807FBE
:104290000693234628BF4FF480738DF800200791C2
:1042A00000990392124A01F06001ADF804000A433C
:1042B00002A80092ADF80630CDF810D016F0F6FD49
:1042C00008B0BDE8F0811846FEF7F8FE2046C0E7CA
:1042D000184683F82140FEF7F1FE08B0BDE8F04132
:1042E000FEF798BF505B002049410000010B010020
:1042F0008106012600B5184B844689B003F5B04EFF
:1043000003E003F5306373451FD01A786245F8D196
:104310005A788A4202D09A788A42F2D19A788A42AE
:1043200002D15B788B4210D1002302A8ADF80410B3
:104330008DF808C0CDF810D08DF80B300793FFF73B
:1043400003FF012009B05DF804FB604616F0AEF9EA
:10435000012009B05DF804FB505B00200A4B03F517
:10436000B04C03E003F5306363450BD01A7882420A
:10437000F8D15A788A4202D09A788A42F2D193F8D8
:104380002100704700207047505B00200D4B03F563
:10439000B04C03E003F5306363450ED01A788242D7
:1043A000F8D15A788A4202D09A788A42F2D193F8A8
:1043B0002120012A03D0D88C704700207047188D27
:1043C000704700BF505B0020144B00B503F5B04EA2
:1043D00003E003F5306373451DD093F800C08445B6
:1043E000F7D193F801C08C4503D093F802C08C45F7
:1043F000EFD182B193F8211001290CBF113303339F
:10440000187830B101201968116099889B799180E2
:1044100093715DF804FB00205DF804FB505B002005
:10442000144B00B503F5B04E03E003F5306373455C
:104430001DD093F800C08445F7D193F801C08C4596
:1044400003D093F802C08C45EFD182B193F82110CC
:1044500001290CBF18330A33187830B101201968CC
:10446000116099889B79918093715DF804FB00201D
:104470005DF804FB505B0020114B00B503F5B04E16
:1044800003E003F53063734513D093F800C084450F
:10449000F7D193F801C08C4503D093F802C08C4546
:1044A000EFD112B103F26B11116093F86A015DF85C
:1044B00004FB0AB10023136000205DF804FB00BF79
:1044C000505B002008B50D4B03F5B04C03E003F53D
:1044D000306363450FD01A788242F8D15A788A4205
:1044E00002D09A788A42F2D103F2D46015F0CEFB62
:1044F000C0F38F0008BD002008BD00BF505B002046
:1045000008B50D4B03F5B04C03E003F5306363458C
:104510000FD01A788242F8D15A788A4202D09A781B
:104520008A42F2D103F5DD6015F0C0FBC0F38F00C5
:1045300008BD002008BD00BF505B002010B501245D
:1045400082B00094FFF780FC02B010BD10B50124CA
:1045500082B00094FEF7F2FE02B010BD03460122C5
:1045600001481A70704700BFB037020008B5FBF76A
:10457000DBFE08BD08B5FBF7D7FE08BD08B5FBF7A5
:10458000D3FE08BD08B5FBF7CFFE08BD08B5FBF7A5
:10459000CBFE08BD08B5FBF7C7FE08BD08B5FBF7A5
:1045A000C3FE08BD08B5FBF7BFFE08BD08B5FBF7A5
:1045B000BBFE08BD08B5FBF7B7FE08BD08B5FBF7A5
:1045C000B3FE08BD08B5FBF7AFFE08BD08B5FBF7A5
:1045D000ABFE08BD08B5FBF7A7FE08BD08B5FBF7A5
:1045E000A3FE08BD08B5FBF79FFE08BD08B5FBF7A5
:1045F0009BFE08BD08B5FBF797FE08BD08B5FBF7A5
:1046000093FE08BD08B5FBF78FFE08BD08B5FBF7A4
:104610008BFE08BD08B5FBF787FE08BD08B5FBF7A4
:1046200083FE08BD08B5FBF77FFE08BD08B5FBF7A4
:104630007BFE08BD08B5FBF777FE08BD08B5FBF7A4
:1046400073FE08BD08B5FBF76FFE08BD08B5FBF7A4
:104650006BFE08BD08B5FBF767FE08BD08B5FBF7A4
:1046600063FE08BD08B5FBF75FFE08BD08B5FBF7A4
:104670005BFE08BD08B5FBF757FE08BD08B5FBF7A4
:1046800053FE08BD08B501F0F9FF08BD08B501F0FB
:10469000F9FF08BD08B501F0F9FF08BD08B501F044
:1046A000F9FF08BD08B501F0F9FF08BD08B501F034
:1046B000F9FF08BD08B501F0F9FF08BD08B501F024
:1046C000F9FF08BD08B501F0F9FF08BD08B501F014
:1046D000F9FF08BD08B5FBF727FE08BD08B5FBF7D5
:1046E00023FE08BD08B5FBF71FFE08BD08B5FBF7A4
:1046F0001BFE08BD08B5FBF717FE08BD08B5FBF7A4
:1047000013FE08BD08B5FBF70FFE08BD08B5FBF7A3
:104710000BFE08BD08B5FBF707FE08BD08B5FBF7A3
:1047200003FE08BD08B5FBF7FFFD08BD08B5FBF7A4
:10473000FBFD08BD08B5FBF7F7FD08BD08B5FBF7A5
:10474000F3FD08BD08B5FBF7EFFD08BD08B5FBF7A5
:10475000EBFD08BD08B5FBF7E7FD08BD08B5FBF7A5
:10476000E3FD08BD08B5FBF7DFFD08BD08B5FBF7A5
:10477000DBFD08BD08B5FBF7D7FD08BD08B5FBF7A5
:10478000D3FD08BD08B5FBF7CFFD08BD08B5FBF7A5
:10479000CBFD08BD08B5FBF7C7FD08BD08B5FBF7A5
:1047A000C3FD08BD08B5FBF7BFFD08BD08B5FBF7A5
:1047B000BBFD08BD08B5FBF7B7FD08BD08B5FBF7A5
:1047C000B3FD08BD08B5FBF7AFFD08BD08B5FBF7A5
:1047D000ABFD08BD08B5FBF7A7FD08BD08B5FBF7A5
:1047E000A3FD08BD08B5FBF79FFD08BD08B5FBF7A5
:1047F0009BFD08BD08B5FBF797FD08BD08B5FBF7A5
:1048000093FD08BD08B5FBF78FFD08BD08B5FBF7A4
:104810008BFD08BD08B5FBF787FD08BD08B5FBF7A4
:1048200083FD08BD08B5FBF77FFD08BD08B5FBF7A4
:104830007BFD08BD08B5FBF777FD08BD08B5FBF7A4
:1048400073FD08BD08B5FBF76FFD08BD08B5FBF7A4
:104850006BFD08BD08B5FBF767FD08BD08B5FBF7A4
:1048600063FD08BD08B5FBF75FFD08BD08B5FBF7A4
:104870005BFD08BD08B5FBF757FD08BD08B5FBF7A4
:1048800053FD08BD08B5FBF74FFD08BD08B5FBF7A4
:104890004BFD08BD08B5FBF747FD08BD08B5FBF7A4
:1048A00043FD08BD08B5FBF73FFD08BD08B5FBF7A4
:1048B0003BFD08BD08B5FBF737FD08BD08B5FBF7A4
:1048C00033FD08BD08B5FBF72FFD08BD08B5FBF7A4
:1048D0002BFD08BD08B5FBF727FD08BD08B5FBF7A4
:1048E00023FD08BD08B5FBF71FFD08BD08B5FBF7A4
:1048F0001BFD08BD08B5FBF717FD08BD08B5FBF7A4
:1049000013FD08BD08B5FBF70FFD08BD08B5FBF7A3
:104910000BFD08BD08B5FBF707FD08BD08B5FBF7A3
:1049200003FD08BD08B5FBF7FFFC08BD08B5FBF7A4
:10493000FBFC08BD08B5FBF7F7FC08BD08B5FBF7A5
:10494000F3FC08BD08B5FBF7EFFC08BD08B5FBF7A5
:10495000EBFC08BD08B5FBF7E7FC08BD08B5FBF7A5
:10496000E3FC08BD08B5FBF7DFFC08BD08B5FBF7A5
:10497000DBFC08BD08B5FBF7D7FC08BD08B5FBF7A5
:10498000D3FC08BD08B5FBF7CFFC08BD08B5FBF7A5
:10499000CBFC08BD08B5FBF7C7FC08BD08B5FBF7A5
:1049A000C3FC08BD08B5FBF7BFFC08BD08B5FBF7A5
:1049B000BBFC08BD08B5FBF7B7FC08BD08B501F0A6
:1049C000B9FB08BD08B5FBF7AFFC08BD08B5FBF7A0
:1049D000ABFC08BD08B5FBF7A7FC08BD08B5FBF7A5
:1049E000A3FC08BD08B5FBF79FFC08BD08B5FBF7A5
:1049F0009BFC08BD08B5FBF797FC08BD08B5FBF7A5
:104A000093FC08BD08B5FBF78FFC08BD08B5FBF7A4
:104A10008BFC08BD08B5FBF787FC08BD08B5FBF7A4
:104A200083FC08BD08B5FBF77FFC08BD08B5FBF7A4
:104A30007BFC08BD08B5FBF777FC08BD08B5FBF7A4
:104A400073FC08BD704700BF4FF08042002038B5AE
:104A50002D4B2E4CD3F888102D4D41F47001C3F826
:104A60008810D3F8881041F00F01C3F88810D3F8EC
:104A70008C1041F4406141F00301C3F88C10C2F87E
:104A8000440ED2F8001421F40031C2F800149C60E6
:104A90003C24D2F824181F4B21F00101C2F824183D
:104AA000996A02F58A2221F4402141F40021996299
:104AB000D96A21F4402141F40021D962D2F80011D1
:104AC00041F48051C2F80011D2F8441121F4803130
:104AD000C2F84411C2F84441D2F8441141F4803183
:104AE000C2F844119A6A0C4922F0030242F0020211
:104AF0009A62DA6A22F0030242F00202DA62A860E5
:104B00008860FFF79FFF38BD00ED00E00000000067
:104B100000400240006002400050024010B543F2E5
:104B2000180000F0DFF8064801F0D0FDBDE81040A5
:104B300001224FF4E1310420024B02F0B5B800BF6E
:104B40000F000100001BB7004FF080624FF0804360
:104B500030B5274D8DB0274CC3F8282243F2FE30E4
:104B600000F0C0F8AB8901A92046ADF8043001F08F
:104B70002FFE2B8A02A92046ADF8083001F0CAFDAD
:104B80001D4A03A99368204623F00F0343F0030353
:104B90009360AB8A0024ADF80C3001F0A9FD1748F2
:104BA00000F060F810A1D1E9000101223223144D78
:104BB000CDE9040104A8CDE90623CDE908440A950E
:104BC00000F01EFA204600F081F846F2FE3000F0B8
:104BD00089F80121202000F0B5F80A4B1D600DB0C6
:104BE00030BD00BFAFF30080B03500020800000008
:104BF000CC3702000050044000300440006CDC025E
:104C000080D1F0082C070020FFF79EBF30B44FF092
:104C100080444FF480454FF4C8524FF490500F4BEE
:104C2000C4F820525C6C0E492140596430BCA3F892
:104C3000B420A3F8B820A3F8BC20A3F8D020A3F890
:104C4000D420A3F89020A3F89420A3F89820A3F8E8
:104C50009C20A3F8A000A3F8A400704700701140A6
:104C60000F1FCFFF174B984229D003F1B76303F50D
:104C70005843984221D10122134BC3F80823D3F89B
:104C8000002322F40002C3F80023D3F8002342F0EB
:104C90001002C3F80023D3F8002342F02002C3F827
:104CA0000023D3F8002342F00102C3F80023D3F815
:104CB0000023D201FBD5002070470120704700225D
:104CC000DAE700BF006CDC0200400440044AD2F87E
:104CD000003523F440330343C2F80035704700BF6A
:104CE0000040044030F0004318D083B210B42BBB16
:104CF0000121000C83B240F2FE3C1A0BC3F30B03FC
:104D0000013A6345D2B20DD09B0003F18043C3F852
:104D10006022013903D15DF8044B70477047000CE5
:104D2000E8D1F8E7064C636962F31B63636112061E
:104D30002369534013F0706FFAD1EAE70221DAE7F2
:104D4000004004404FF0C043800000F18040C0F8B4
:104D5000003321B94FF08043C0F800337047013968
:104D6000C0F80013704700BF144AD2F80435C3F3EB
:104D70004163012B1AD0022B08D0ABB9D2F8000145
:104D800010F0807011D00E4B18687047D2F80004F4
:104D900010F0807009D00B4BD3F8200110F0010007
:104DA00003D0094B1868704700207047D2F80033D1
:104DB000064813F0100F08BF002070470040044061
:104DC000340700200090054030070020006CDC0212
:104DD00008B52DED048BFFF7C7FF344A0146D2F822
:104DE000003513F0807002D1BDEC048B08BDD2F801
:104DF00004351B0307D4D2F80C35DBB2012B38BFC6
:104E00000123B1FBF3F1294BD3F80425D00222D5BD
:104E1000B7EE009A07EE901A244AF8EE678AD2F8A5
:104E200028351B0526D4D2F810359BB207EE903AF0
:104E3000B8EEE78A18EE100A17F030FE084318BFE4
:104E400068EE888AC8EE897ABDEC048BFCEEE77ABE
:104E500017EE900A08BDD3F80425D3F81435D20311
:104E600003F01F0358BF5B00EBB107EE903AB8EEBA
:104E7000E79ACFE7D2F82835D2F82415DB01D2F82B
:104E80002425DBB222F07E4243EA516308EE103A59
:104E900007EE902AB8EEC88AF8EEE77A9FED047A1A
:104EA000A7EE878AC6E7B0EE009AB3E70040044059
:104EB00000000033144AD2F80436C3F34163012BD7
:104EC0001AD0022B08D0ABB9D2F8000110F08070D4
:104ED00011D00E4B18687047D2F8000410F08070A3
:104EE00009D00B4BD3F8200110F0010003D0094B7F
:104EF0001868704700207047D2F80033064813F056
:104F0000100F08BF00207047004004403407002005
:104F10000090054030070020006CDC0208B52DED44
:104F2000048BFFF7C7FF344A0146D2F8003613F06E
:104F3000807002D1BDEC048B08BDD2F804361B038F
:104F400007D4D2F80C36DBB2012B38BF0123B1FBFA
:104F5000F3F1294BD3F80426D00222D5B7EE009AFC
:104F600007EE901A244AF8EE678AD2F828361B0515
:104F700026D4D2F810369BB207EE903AB8EEE78A04
:104F800018EE100A17F08AFD084318BF68EE888AE9
:104F9000C8EE897ABDEC048BFCEEE77A17EE900A36
:104FA00008BDD3F80426D3F81436D20303F01F0348
:104FB00058BF5B00EBB107EE903AB8EEE79ACFE747
:104FC000D2F82836D2F82416DB01D2F82426DBB238
:104FD00022F07E4243EA516308EE103A07EE902A2F
:104FE000B8EEC88AF8EEE77A9FED047AA7EE878AD2
:104FF000C6E7B0EE009AB3E700400440000000337B
:1050000010B504462B492C4AD1F8003843F001036F
:10501000C1F80038D1F8003523F00303C1F800359A
:105020000368C1F80435436843F00040C1F80C350B
:10503000C1F80C05A36843F00040C1F81435C1F86D
:105040001405E36843F00040C1F81035C1F81005BD
:105050002369C1F824356369C1F828358A60FFF7F0
:1050600083FED1F804351A0307D4D1F80C35DBB22E
:10507000012B38BF0123B0FBF3F0104B0D4AA3FB0B
:105080000013DB0903F59673C3F31003C2F8183558
:10509000D2F8003543F00303C2F80035D2F80035EA
:1050A000DB01FBD5A469FFF793FE844214BF032004
:1050B000002010BD0040044001005A5AD34D621038
:1050C000214B1B69C3F30363013B052B39D8DFE890
:1050D00003F0050E29172703FFF720BF1A4BD3F85B
:1050E000000110F080702DD0184B18687047164BD7
:1050F0001748D3F8003213F0200F08BF0020704784
:10510000114BD3F8000410F080701BD003F5A833C6
:10511000D3F8200110F0040014D00E4B186870472B
:10512000FFF756BE084BD3F8000310F0010009D07A
:10513000D3F80823084B12F0010F084818BF18468F
:1051400070470020704700BF004004403407002033
:10515000001BB7003007002000449508006CDC02FB
:1051600008B5FFF7ADFF4FF08043D3F88033DBB2D3
:105170000133B0FBF3F008BD70B44FF000450224DA
:10518000284A294B29489563C2F80441C2F8A40073
:10519000B3FBF1F201FB123393B992B20F3A192A21
:1051A0000ED8DFE802F012300D0D0D330D100D3664
:1051B000390D0D0D0D2D0D0D0D0D0D0D0D0D0D3CA4
:1051C000002070BC70474FF440034FF480364025F8
:1051D0004FF080440020134AD2F8A01021F0E07173
:1051E0000B43C2F8A030C2F8A860C2F8A450946380
:1051F0001060D2F8A030002BFBDA70BC01207047A1
:105200004FF0C073E1E74FF48003DEE74FF4000393
:10521000DBE74FF08073D8E74FF0A073D5E74FF08E
:10522000E073D2E700A0104000389C1C0010200062
:105230000649074BD1F8402142F00202C1F8402153
:1052400000BF013BFCD10120704700BF00B01040FF
:10525000801A06002DE9F04100248B784E78A34295
:1052600014BF4FF041434FF0014302EB420C01EBFE
:105270008C0CBCF80880764206F000761E43DCF801
:1052800004704346BCF80AE001E098450ED05D1C6E
:1052900007EB0311ABB29E4598BF0023CD688C602D
:1052A0004C60CE60E900ACF80830EED541F228132E
:1052B00007EB0E1700EBC210C750BDE8F08100BF2E
:1052C000202210B50021044618F078F940F20112AE
:1052D00001232282A37410BD8B682DE9F04F002BAF
:1052E0000CBF0123022383B00193002A00F0B38096
:1052F0004FF0000802F1200E814642468C461EF80F
:105300001F1C032940F2A7805EE9073041F2141602
:1053100009EBC81423F00305A55120F0030004F5A0
:105320008955286041F22C15481E605103EB01118C
:105330004FEAC81A1A605A609A60DA6010338B42DA
:10534000F8D1DCF80C30BCF8006013F0400F14BF4B
:105350004FF082434FF0807346F30000DCF8187082
:1053600000F0007006F001061843002F6DD0DCF845
:105370001C30002B69D01EF8205C032D6BD9002354
:1053800041F21C11CA4400935EE9043423F0030B7C
:105390004AF801B041F2281124F003044AF8014010
:1053A00041F230116C1E4AF8014041F2081447F6F0
:1053B000F8715AF8044024F4FF4B5EF8044C2BF0CB
:1053C000780B01EA440444EA0B0441F2081B002173
:1053D0004AF80B4037BB5EF808BCF6B14C00A4B2EB
:1053E0005BF824A00BEB8404C3F800A064689C6005
:1053F00001318CB2A542D86003F11003EAD80199BB
:1054000008F1010399424FF001080EF1200E3FF61A
:1054100076AF002003B0BDE8F08F5BF821401C6040
:105420009E60E5E7DCF81CA05446B24606462046DE
:1054300040B101318CB2A542DE6003F11003DED928
:105440000028F6D130465646C5E71EF8205C40F0ED
:105450000040032D93D8012003B0BDE8F08F00BFBA
:1054600010B47AB100F58053D3F80841012A44F012
:105470000104C3F8084105D9D3F8882142F001029C
:10548000C3F8882179B100F58053D3F804210129AC
:1054900042F00102C3F8042105D9D3F8842142F077
:1054A0000102C3F8842103685DF8044B43F0030351
:1054B000036070478BB28BB141F2827C40F64502AB
:1054C00011EA0C0F02EA010211D0CAB143F44043C1
:1054D00000F58052C2F83431C2F8B431090C05D05D
:1054E000D0F8B4300B43C0F8B43070477047002A8E
:1054F000EED043F4004300F58052C2F83431EBE7BC
:1055000043F4804300F58052C2F83431E4E700BF31
:105510002DE9F0474FF080440425C4F828520E7C52
:10552000C4F80851D4F8085100F5805C25F0040552
:10553000C4F80851D4F8C05566F38205C4F8C055C4
:10554000DCF8004044F00104CCF80040DCF80040F6
:1055500014F00104FAD18E6841F2081EEEB17568AC
:105560002F0407F47C1705F4803500EBC41C0CF500
:105570008058C8F80051D8F8045125F47C153D43F3
:10558000C8F804515CF80E5025F47C153D434CF8E6
:105590000E5034B90124002EE1D14FF48037354646
:1055A000E3E70C88DFF81491DFF81481DFF814E1E9
:1055B00004F0020ABAF1000F3D4FDFF80CC13D4D77
:1055C00012BF4F46C4467546C0F800CDC0F8405DD6
:1055D000C0F8307D46B3B57A96F80BC06D014FEA3E
:1055E0008C0C05F060050CF0040C45EA0C05C0F8C5
:1055F000005CB58BC0F8305CD0F8405D45F0080524
:10560000C0F8405D3569C0F8707DC0F8185D357B25
:1056100005F00705C0F83C5D7569C0F8585D757BFD
:1056200005F00705C0F87C5D2AB115689288C0F8BE
:105630000023C0F80453650005F02005C4F3800280
:105640002A43650805F010052A438260220705D524
:1056500003258A8AC0F8905012040267164AA2FBFA
:1056600003239B0C013BC3F30B03C0F8DC308D7CA0
:105670004B7C6A039B0302F4005203F48043134300
:10568000220402F480022405134304F0006423433F
:105690000DB943F080630522BDE8F047C96843F4C3
:1056A0000843036041F00101C0F8A020FFF702BFEA
:1056B000080070000300070083DE1B432800700011
:1056C00009000700010007000B000700FFFFFFFFB4
:1056D0002DE9F04F0E462DED028B924600216C22F3
:1056E000804683B030461C4617F068FFBAF8003099
:1056F000D90744BF01237370DAF80830002B00F09B
:105700009380012302223370002706F148033546B7
:10571000CDF804A09FED468BB246B9469B4616468F
:1057200020344FF0000354F8102C07EB47016A6057
:1057300014F8202C0AEB81016A8154F8042CEA60E9
:1057400054F81C2CEA6114F81F2CEA848B8441F273
:10575000341308EBC71101F58050C95801F040011E
:1057600049EA010907F13401890158F8013054F878
:10577000141CAA8754F8082C69634BF8042F9A0765
:1057800022D5D0F80421D0F80011D8F82001C2F3B6
:105790000542CB03C0F3841048BFD200073000920B
:1057A00017F0CAF8B0EE480AF0EE680A41EC110BA7
:1057B00018F092FE51EC100B17F038F9009A0632EF
:1057C000A0EB8200CBF808007A1C96424FF001074C
:1057D00004F1200405F10C05A3D8B9F100095646DF
:1057E00018BF4FF00109144BDDF804A0B8EB030813
:1057F00018BF4FF0010886F80290DAE90623C6E9DF
:1058000019230E9A0D4BF2650F9A32660C4A1A60F4
:105810000C4B43F828604FF400620B4B1A6103B045
:10582000BDEC028BBDE8F08F01226DE7AFF3008085
:1058300000000000000000400000104050B30020B5
:10584000715E000054B3002000E100E0114B99426A
:1058500007D9114B994209D24FF44071C0F8001298
:1058600070474FF40071C0F8001270470B4B99421B
:1058700009D90B4B99420AD90A4B99428CBF002196
:1058800001218902EFE70021C0F8001270474FF4B0
:105890008071E8E7BF0E160200879303FFE0F5056D
:1058A0007FD1F0087FB2E60E8446D0F800024905A9
:1058B00001F07871120400F4706002F4F8120143F0
:1058C000114341F00401CCF80012CCF80432DCF8AA
:1058D000003243F00103CCF80032DCF8000210F093
:1058E0000100FAD1704700BF8446D0F80002490594
:1058F00001F07871120400F4706002F4F8120143B0
:10590000114341F00C01CCF80012DCF8002242F007
:105910000102CCF80022DCF8000210F00100FAD1FC
:10592000DCF804221A8070478B6E002B49D02DE9D9
:10593000F04F0E46834689464FF0000A0F7883B039
:1059400001F14C08B9F80A0058B3002401971CE093
:105950006700BFB253F8271041B153465846326E24
:10596000B56EA847737853B1D8F80030013753F8B3
:10597000271021B153465846B76E326EB847B9F872
:105980000A000134A3B298420AD97278D8F80030DC
:10599000002ADDD153F824100029F2D02746DCE795
:1059A000019FBAF1000F0CBF3B4600234FF0010AE4
:1059B00009F10C0908F10408002BC3D103B0BDE8BC
:1059C000F08F70472DE9F04F4B6E85B0002B5ED005
:1059D0008B6E0E46002B5AD04FF0000B01F14C0994
:1059E000C846DA4689460B78CDE9010B0393B9F82E
:1059F0000A30D9F80450002B32D000273C4616E07C
:105A00005246D6E918130198984730B3D8F80030B9
:105A1000A8605B445860EB68B9F80A200137BCB253
:105A200043F00043A242EB6005F1100518D97378EA
:105A3000524601980BB16400A4B2D6E918139847F6
:105A40004FEA840B48B1D8F800207378286042F8F8
:105A50002400002BD4D1AB60DDE74FF47A630293CE
:105A6000039A8AF00103002A08BF00234FF0010ABD
:105A700009F10C0908F10408002BB8D1DDE9018A0D
:105A8000BAF57A6F09D0504605B0BDE8F08F4FF4F3
:105A90007A6A504605B0BDE8F08F40463146FFF7C0
:105AA00043FF504605B0BDE8F08F00BF2DE9F04F31
:105AB00003EB430501EB85052F896C680E4604EB6B
:105AC00007119A46CB688BB0002B0290C0F2AD80D4
:105AD00093463B463A010CE06989994298BF0023FE
:105AE0009F4204EB031100F0A080C8680028C0F2B8
:105AF0009C80C8680133C0009BB2EDD5CB6813F41D
:105B0000004340F05081C968C1F30E01002900F044
:105B10008C801F4604930AEB4A0306EB83010AF1CB
:105B2000120306919900A946089125460597144647
:105B3000CDF80CA066E0E368049DC3F30E03591B87
:105B400090B28142ABF8043040F3B58080464FF00C
:105B5000010A1B1A5B1B9BB20593DDE90202D6E921
:105B6000181398470190002800F089807378002B63
:105B700060D0059B002B40F0AB80089BB9F8080073
:105B8000F3185968DBF8003051F83020079343F8D8
:105B9000372003EBC702019BA2F8048041F83030A4
:105BA000B9F80820013701EBC2014868BFB2B178EB
:105BB000019B0029236018BF4FF04341A06008BF3C
:105BC0004FF0034100206060E160B9F80A10013233
:105BD00092B2914298BF0022DDE902034FF0000C1F
:105BE00041F22814D9F8045000EBC31005EB011161
:105BF000A9F808208BF808C00151BAF1000F40F055
:105C00009C8014012C44E368069A13F08053D268F8
:105C100091D196F801A01FFA82F8BAF1000F4FD186
:105C2000049B43449BB2049397E740F6A3700BB0E8
:105C3000BDE8F08FB3780022002B14BF4FF0414C29
:105C40004FF0014C089BB9F80800F3185968DBF8CD
:105C5000005051F8203005EBC70E45F83730019B56
:105C6000AEF80480013741F8203007952360BFB2B9
:105C7000A2606260B9F80820C4F80CC0A5E7DDF89E
:105C80000CA07D1EADB2ED005FB1DBF800105346F5
:105C900049590298B46E326E083DA04715F1080FBD
:105CA000F3D1029852463146FFF7D4FA40F6A47079
:105CB0000BB0BDE8F08F4FF0010A1FFA81F84CE7F6
:105CC0009A46049B03EB48039BB2CDE9043844E7B2
:105CD000DDE90202D6E918139847002842D073780C
:105CE000002BA7D0089BB9F808C0F3185A68DBF856
:105CF000005002EBCC0EDEF80430791C099352F808
:105D00003C3089B245F83730099B05EBC70EAEF839
:105D1000048045F83130059B05EBC1018B80019B68
:105D2000023742F83C30B9F80810079502EBC1027F
:105D30005060B9F80820BFB239E7079B7A1E92B2CB
:105D400003EBC2018C88DDF80CA0042C15D9043CAF
:105D50008C800020BBF80430043BABF804300BB05F
:105D6000BDE8F08FDDF80480DDF80CA04146534615
:105D70000298B46E326EA04783E7A1F804C002987F
:105D800053F83210B56E5346326EA847042CE0D05B
:105D9000DBF80020BB1E9BB202EBC30293882344B6
:105DA000043B9380D5E7CB680298C3F3C5435246C2
:105DB00031468BF82030FFF74DFA40F6A1700BB05A
:105DC000BDE8F08F2DE9F04102EB420401EB8404C1
:105DD0001746A28C0D46E369618C92B2064682B0EA
:105DE00003EB0113002A3DD13FE0DB68DB001CD54B
:105DF000628FA18F531C9BB2994298BF0023002051
:105E0000616BD5F85C8002EB420201EBC20C638748
:105E10008CF80400B8F1000F07D0286E3B46CDE99E
:105E200000C0012229463046C047B4F822C0E38CA6
:105E30000CF1010C1FFA8CFC63459CBF00218C46C1
:105E4000B4F824E0E3690EF1FF3E1FFA8EFEA4F8D9
:105E500024E0A28C88BF4FEA0C1192B2A4F822C0B1
:105E60000B4412B1DA68002ABFDA02B0BDE8F08153
:105E70002DE9F04100F58054A3680546DA070E4687
:105E800082B014D5D4F860717B060ED548F2400379
:105E9000D1F85C80C4F86031B8F1000F05D0002360
:105EA0000A6ECDE900321A46C047F80728D4A36825
:105EB000990716D5D4F8E0717A0610D548F2400358
:105EC000D6F85C80C4F8E031B8F1000F07D00022AA
:105ED000336E31460193284601230092C047FB07E9
:105EE00002D402B0BDE8F08148F20103012231463C
:105EF0002846C4F8E03102B0BDE8F041FFF762BFC8
:105F000048F20103002231462846C4F86031FFF709
:105F100059FFCCE72DE9F04F91468BB00246D9E905
:105F200000681846B8F1000F00F0F68033464FF0D5
:105F3000000E06EBC8059C8808339D42A644FAD1A2
:105F4000BEF5804F80F0DE8001EB80035B6D13B106
:105F50007345C0F0D78000EB400401EB8404A38CB0
:105F6000E48C9BB2E31AB8EB430F01944FEA400470
:105F700000F2CD80044401EB840BBBF83850BBF831
:105F80003C30691C89B28B4298BF0021D9F80C7053
:105F9000DBF8343005EB450543F835704446ABF883
:105FA00038104FF0000A41460890CDF81CE00992E5
:105FB0003EE04FF00008C446C2F30D02012F01F18C
:105FC000FF3142EA0C026DD9079F049C1D014EF877
:105FD0000540039CC0F8048047EAC447059C013390
:105FE0002743029C9BB242EAC4728260019A47F046
:105FF0000047934228BF0023C760ABF820304FF41E
:1060000000634A4AC2F89030BFF34F8FBFF36F8FDF
:10601000BBF8243001339BB2ABF824304FF400635B
:106020001361002955D0BBF82630D9F804400193FC
:1060300099F8085099F8090005F00107BBF82030DD
:10604000DBF81CE0069056F83A0006EBCA0202970D
:10605000A142C5F38307049092880EEB03100397C7
:106060004FEACA0829D002298CBF00240124A71EA8
:106070002407FFB2059401299BD908F1080806EB13
:10608000080CBCF804C02A4CC2F30D0204EA0C4C04
:10609000012F56F808800AF1020AA1F1020142EA32
:1060A0000C0291D8069C2704079C07F4403727432D
:1060B000AC078AD542F0804287E7022904D84FF026
:1060C000405401270594D6E74FF00054002705946B
:1060D000D3E7BBF82010DBF81C30DDE9080261B122
:1060E00003EB011302EBC012002023F0030302F5BF
:1060F000895213600BB0BDE8F08FBBF8261003EB9C
:106100000113EFE740F6A7700BB0BDE8F08F40F643
:10611000A5700BB0BDE8F08F03EB430301EB8303E5
:106120009C8CDB8CC6460193440023E700E100E031
:106130000000FF3F024A034B11681B6802481847E2
:1061400054B3002050B30020000010402DE9F04768
:10615000002590460A680E464FF0040C41F6FF7980
:106160002F46114604464FEA820E4FEA4800B0FB24
:10617000FEF30133C3F34F034B4528BF4B46012BBE
:1061800038BF01230CFB03FAB8FBFAFA524534BFBF
:10619000AAEB020AA2EB0A0A8A45964403D85146A2
:1061A0001F465FFA8CF50CF1010CBCF1210FDED11A
:1061B000674BA3FB0232520902EB42028A42C0F053
:1061C000B8800020634B53F8042B944202D0013076
:1061D0000A28F8D1012100F0FBF9002840F0A7803F
:1061E000A3682A1F43F00203A360A368032A23F0D5
:1061F0000203A360236905F1FF3598BF43F4003320
:1062000065F31C636FF30C033B432361236923F0A5
:1062100000532361A369F27B317923F4E26323F015
:10622000070312020B4302F4E0621A43B37B9B00A4
:1062300003F0040313437279012A00F081800029DE
:106240007BD1A3612369F27962F34D332361727AC2
:10625000337A43EA0243E362A36A43F08803A3620A
:10626000A36A43F44043A362737B327B1B01520158
:10627000616A02F0200203F010031343B27A0B4369
:1062800063621AB1636A43F008036362F37A1BB175
:10629000636A43F001036362B2792F4B2F4D61694A
:1062A000002A18BF1D4696F8263096F82720294365
:1062B0005B425242B6F810C0778A02F480226161D4
:1062C00003F400231343A2691343A361C4F848C035
:1062D000E764A16D337D327E0B4343EA4203327F94
:1062E00043EA820396F8202043EAC203A365727D45
:1062F000F38A43EA82732366727E738B43EA827366
:106300006366727FF38B43EA8273A36696F821205B
:10631000738C43EA8273E36696F8253096F824205E
:106320001B0223651AB1236D43F00F032365BDE8FB
:10633000F08740F22150BDE8F08743F0100380E77A
:1063400011B123F400637CE743F4006379E700BFF5
:106350001F85EB51F037020000C01FE000C01FC0D6
:1063600010B5242204460021043017F027F94FF419
:10637000E133236010BD00BF10B44469436CC26DAB
:106380000A49806A9B00920003F03C0302F47052B9
:1063900021401343000C0B4300F0C300184320F0CE
:1063A000785020F47C505DF8044B704700C0FFC16A
:1063B000002330B4C1F38302174C4264C3658B07DA
:1063C00004EA010407D0826A230422F4703203F441
:1063D00040331343836240F21A5C43690F4D03F06C
:1063E0007853234343614269436CC16D15409B0060
:1063F000826A890003F03C0301F470510B43120CD4
:106400002B4302F0C3021343234218BF604630BC43
:1064100008BF0020704700BF3FC01FC000C0FFC1C1
:1064200042B10A4443691B02FCD511F8013B8A4280
:10643000C361F7D143695B02FCD50020704700BF00
:1064400070B58469250500F1878004F01204A4F179
:106450000204B4FA84F46409531E002A6FD001F1D7
:10646000FF3E01EB030C3D49C36A13F0706F5ED130
:106470004669436CC56D9B00826AAD0005F470559A
:1064800003F03C030E402B43120C334302F0C302D3
:106490001A4313F4002302F4003602F4802550D18D
:1064A000D2032AD4AEB9002DDED000234364C365E5
:1064B000436903F0785343F4802343614369426C9A
:1064C0005B03C26D826A2FD440F21E5070BD002E55
:1064D00028D000234364C365436903F0785343F431
:1064E000003343614369426CC26D826A9A0319D4D6
:1064F000002DDAD140F21F5070BD4364C36543697B
:1065000003F0785343F4803343614369426CD90309
:10651000C26D826ADBD4002EDBD1002DC5D14FF4D1
:10652000A46070BD002DC0D140F21A5070BDC36987
:1065300084B103F07F030EF8013FF44594D10020AD
:1065400070BD4FF40021FFF733FF0028ECD140F27B
:106550001D5070BDDBB2EEE701247DE700C0FFC136
:10656000184B70B553F820300446D3F8F45F15F09B
:10657000300F09D0144B00F11E0253F822301BB12A
:10658000124951F822109847AA070AD00E4B04F17D
:106590000A0253F8223023B10C49204651F8221048
:1065A00098476B070CD5084B04F1140253F82230BE
:1065B00033B106492046BDE8704051F82210184713
:1065C00070BD00BF54380200F8B3002058B300205B
:1065D000012238B5264B0C4633F810300546D9B2A7
:1065E0001B0AFA2B02FA01F236D0FB2B13D04FF024
:1065F0008041883341F823201E4B53F8250000F0DA
:1066000065F81D4B53F82530B4B1032C0ED9072C77
:1066100012D0032038BD4FF080438021D3F83C0EC8
:106620000243C3F83C2EC3F82C12E5E7D3F8F82F49
:10663000E11CCA40D207ECD5D3F8F82F110707D5D3
:10664000D3F8F82F02F00702A24201D0012038BD92
:106650000020C3F8F84F38BD4FF080434021D3F8F5
:10666000380E0243C3F8382EC3F82C12C4E700BF1B
:106670004038020018380200543802000020FFF7AA
:106680006FBF00BF0120FFF76BBF00BF0220FFF705
:1066900067BF00BF0320FFF763BF00BF0420FFF701
:1066A0005FBF00BF0520FFF75BBF00BF0620FFF7FD
:1066B00057BF00BF0720FFF753BF00BF0820FFF7F9
:1066C0004FBF00BF0920FFF74BBF00BF4FF0804C0A
:1066D0000121030C9A0080B28140503362444CF88F
:1066E000231002F58072136831EA0303FBD0704770
:1066F0000B784A7803F00303036452B1036C43F050
:1067000080430364036C002BFCDA036C23F08043AA
:10671000036470470369DB0750D4D0F8003113F4E9
:10672000401F4ED010B4D0F800314A7813F07C5F8F
:1067300034D1D0F800410B78C4F3810199421DD0C7
:10674000D0F8001111F4401F05D0D0F8001141F02D
:106750000101C0F80011D0F80011C1F38101994284
:106760000CD0D0F80011C90708D5D0F8001163F398
:106770008301C0F800110369DB07FCD4B2B9D0F87B
:10678000003113F07C5F05D1D0F8003162F30003D3
:10679000C0F8003100205DF8044B7047A2B1D0F87A
:1067A00000410B78C4F381018B42C9D1012AEBD19E
:1067B000D0F8003113F4401FE6D1EBE742F6A00019
:1067C000704742F6A600704742F6A500E3E700BF17
:1067D00002690346D0071ED491F801C00978BCF1C4
:1067E000020F10D00020D3F800216CF30922C3F867
:1067F0000021D3F8002161F38B22C3F800211A692C
:10680000D207FCD47047D3F8002112F4401FE9D11D
:1068100042F6A600F3E742F6A0007047014B1B6961
:106820005B68184700FC0313014B1B699B6A184700
:1068300000FC0313014B1B695B6B184700FC03133F
:1068400030B50C468BB005466846FFF789FDA27A45
:10685000E37A003A18BF0122003B18BF01238DF8EC
:106860002720227A61688DF826308DF80420E37B9A
:10687000627A00918DF807202BB1082B28BF0823DE
:10688000013B8DF80830237C2BB1082B28BF08234F
:10689000013B8DF80930227B637B003A18BF01224F
:1068A000003B18BF012340F201108DF80A208DF83B
:1068B0000B30A27B084BADF80E00694653F822005E
:1068C0002268FFF743FC18B9A37B2B700BB030BDD7
:1068D00042F6AF700BB030BD7C38020008B5064BF5
:1068E000007853F82000FFF7ABFD42F6AF730028A5
:1068F00014BF1846002008BD7C38020008B5044BC0
:10690000007853F82000FFF78BFD002008BD00BF82
:106910007C3802002DE9F04F037891B0002B00F095
:10692000B581002704460E46B846CDE90177DFF869
:10693000C0A2039710E09AF8102006932AB1012212
:106940005046DAF8083006A9984708F101080134E2
:106950002378002B00F09980252BECD14FF0000913
:10696000637809EB8902A3F13001092904F10100E0
:1069700003EB420203D80446A2F13009F0E72E2BC4
:1069800074D0632B40F28680A3F16401C9B214294C
:1069900000F297800120944A8840104240F0F38032
:1069A0000F2900F0B180C20740F18B8000233146EF
:1069B0008DF81C3051F8043B002B00F08F808B4F7A
:1069C0000DF11D061846A7FB0323DB0803EB83022A
:1069D000A0EB42023032092806F8012BF2D807ABAF
:1069E000F61A013E334401960293019B994540F308
:1069F00081807F4D2027AB46019E04912B7C06971A
:106A000023B101225846AB6806A9984701364E4586
:106A1000F4DB019A09F1FF3304999B1A4A45A8BF98
:106A200000230E4608F101089844029B002B53D026
:106A3000029B1A78002A4FD06D4D03F1FF3B2F4681
:106A400000E09B462B7C069223B101223846AB68BE
:106A500006A998475B4613F80129002AF1D1029B49
:106A6000CDF808B04344A3EB0B0835E0044610F81A
:106A7000013FA3F13002092A83D8044610F8013FF0
:106A8000A3F13002092AF1D97BE74746384611B015
:106A9000BDE8F08F452B14D9A3F146011D2910D86C
:106AA000DFE801F09D0F0F0F0F0F0F0F0F0F0F0FEC
:106AB0000F0F0F0F0F0F9D0F0F0F0F0F0F0F0F0F58
:106AC0009D2A4B4D06932B7C23B101222846AB68AF
:106AD00006A9984708F10108023439E73023012656
:106AE0008DF81D3007AB334401960293019B994505
:106AF0003FF77FAF0E469BE73D4D56F8042B2B7CAE
:106B00000692002BE1D1E5E756F8041B0029E3D0FB
:106B10000846049116F012FE48450499019015DAD2
:106B200083462027324D05902B7C069723B1012206
:106B3000AB682F4806A998470BF1010BD945F3D153
:106B4000DDE9041008EB0902A2EB00080B78002B2A
:106B5000C2D0274D8B462F46894600E093462A7CBB
:106B6000069322B101223846AB6806A998479BF8E4
:106B700001300BF10102002BF0D1C9F101014144B8
:106B800001EB0B08A8E7692B3FF410AF782B31D14C
:106B900000253146002351F8040B8DF81C300028E5
:106BA0006DD0002D14BF412661260DF11D050A3E52
:106BB00000F00F03092B94BF30339B19000905F82F
:106BC000013B0028F4D107ABED1A013D01952B44A0
:106BD0000293019B99453FF70CAF0E4628E7582BCF
:106BE00008D10125D5E700BF24181200CDCCCCCCAC
:106BF00098B40020623B132B4DD8DFE803F00A4C19
:106C00004C4C4C4C4C4C4C4C4C4C4C0A1B4C4C4C37
:106C10004C0A314651F8040B132B10D8DFE803F06F
:106C20002C0F0F0F0F0F0F0F0F0F0F0F0F29410F0B
:106C30000F0F0F263146102351F8040B0393002346
:106C40008DF81C3000283FF449AF039A0DF11D0662
:106C50000546B0FBF2F002FB1053092B94BF303312
:106C60003733AA4206F8013BF2D9B8E60A23039368
:106C7000E5E708230393E2E702230393DFE73023EA
:106C800001258DF81D30019507ABA0E71F4638465A
:106C900011B0BDE8F08F019B99457FF7C6AE314634
:106CA000A7E610230393CAE7012A01D00120704709
:106CB00070B500240D4686B00C4E01930C4B8DF838
:106CC000120001A93046039332740295ADF81040CA
:106CD0008DF813408DF81440FFF7B2FD2046054AA9
:106CE000054BC6E9022306B070BD00BF98B4002072
:106CF00000000101FD680000DD6800000FB400B570
:106D0000084B83B004A951F8040B1B7C019133B1EB
:106D1000FFF700FE03B05DF804EB04B070474FF0DE
:106D2000FF30F7E798B4002010B504460EF07CFD64
:106D3000606818B10EF07EFB00236360BDE8104070
:106D40000EF090BD70B504460E460EF06DFD606805
:106D500018B10EF06FFB0023636004F5803300224E
:106D600003F50271C1E8AF2F03F50371C1E8AF2F3E
:106D700083F8142215460EF07FFB606088B132461E
:106D80000A490EF08BF940B96068224608490EF0B6
:106D900047FB0EF067FD012070BD60680EF04AFBF6
:106DA00065600EF05FFD002070BD00BFD8390200A5
:106DB000057200002DE9F0431F46436883B0002BA5
:106DC0005DD00546304C8846666891460EF02CFD35
:106DD000636805F58034D4F84C229B1B0132C4F85B
:106DE0004C22D4F8542236201A44C4F85422D4F841
:106DF0005822B9B2934288BFC4F858324FF4207277
:106E00000AF0C4F8064698B33A464946406816F078
:106E100088FCD8F800201C4F12BAB8F80430019250
:106E2000686801AA3146D7F804800EF07FFA7B68C3
:106E3000D4F85C22A3EB08031A44C4F85C22D4F80B
:106E400060220546934288BFC4F8603250B930468C
:106E50000AF040F80EF006FDB5FA85F0400903B0DF
:106E6000BDE8F083D4F850320133C4F85032EEE775
:106E7000D4F850320133C4F850320EF0F3FC002045
:106E800003B0BDE8F08300BF001000E008B511F0CA
:106E9000A7FB012838BF012008BD00BF10B504467C
:106EA000064B03600EF0C0FC606818B10EF0C2FA29
:106EB000002363600EF0D6FC204610BDAC38020003
:106EC00010B50446084B03600EF0AEFC606818B1C4
:106ED0000EF0B0FA002363600EF0C4FC20460349B4
:106EE000F9F790FA204610BDAC38020064020100A8
:106EF00070B500240646134B2146C0E900344FF418
:106F00008132083016F05AFB06F5803506F58133DC
:106F1000C3E9024420222146C5E98644C5E98844E4
:106F2000C5F8104285F8144205F50A7016F046FBC4
:106F30003046C5E99244C5E99444C5E99644C5F88C
:106F4000604270BDAC38020010B400F581330C33E0
:106F5000D3E8AF4F0A68A24219D0C2F58133072B9C
:106F600006D800230B6094B108305DF8044B7047DD
:106F700000F1080333F802C098184FF6FF729445E9
:106F800002D05DF8044B704700220A601CB9002053
:106F90005DF8044B70471846F3E700BF70B500F585
:106FA000803494F814320E46154682B0FBB904F5CD
:106FB00002731B6801A90193FFF7C6FF08B343687A
:106FC000019A3360438830F8081BB380CB1C083229
:106FD00023F003031344B3F5813F28BF00230122AC
:106FE0002960C4F8103284F8142202B070BDD4F8BD
:106FF000103204F50272C2E8AF3F002384F8143265
:10700000D5E72860F1E700BF2DE9F0410D4600F516
:107010008031984691F81432174682B06BBB00F568
:10702000813606F108031B6801A90193FFF78CFF65
:10703000044660B32146384631F8087B474528BFEF
:1070400047463A4616F06DFB6368B4F800C02B6003
:1070500063880CF10301AB80019B21F0030108332D
:107060001944B1F5813F28BF002106F10803C3E8A8
:10707000AF1F384602B0BDE8F081D1F8103201F5FB
:107080000272C2E8AF3F002381F81432C7E7074617
:10709000384602B0BDE8F0812DE9F0470746544C70
:1070A00007F58038534D10462468D8F81822A5FB00
:1070B000045401320E465049C8F818224D68D8F8D9
:1070C00048224FEA9449A5EB020E4FF0000CBEFB9C
:1070D000F9FE4A4CC8F8485254F8041F714504D8C8
:1070E0000CF1010CBCF1070FF6D107EB8C0C0CF581
:1070F000803CDCF828220132CCF828223289D8F8EA
:1071000020128A4288BFC8F82022B2F5806F04D9C5
:10711000D8F824120131C8F82412B2F5806F28BFC4
:107120004FF4806292460AF10304A4B224F00304EF
:1071300008F502720834D2E8AF2F07F5813909F15A
:107140000C010D68954210D3C5F58131A14234D3AD
:107150008AB9A1420FD1D8F81C3230460133C8F8A1
:107160001C32BDE8F04709F0B5BE521BA242F2D96D
:10717000B5F5813FEFD0083727F805A02F447B8075
:10718000006806F09DF82C44786052460023304693
:1071900007F108010AF028F9B4F5813F28BF00245F
:1071A00009F10C03C3E8AF4F304609F093FE144BCE
:1071B0001B68D3B1BDE8F0471847A242CBD90729D5
:1071C0000ED87B810068A7F808A006F079F852462F
:1071D000F8600023304607F110010AF005F9DFE7F7
:1071E0004FF6FF723D442A81EBE7BDE8F08700BF10
:1071F0002C07002083DE1B43001000E0C83802008B
:10720000ACB4002011461A46BDF80030FFF744BF69
:1072100010B504460846D4F88424D4F8801491426A
:107220000FD0942202FB014101F50C7116F079FA9E
:107230000120D4F88034034403F00303C4F88034FD
:1072400010BD002010BD00BF38B590F89130044645
:1072500013B990F82E3273B1094D0EF0E5FA286893
:1072600003F010FE40B90EF0FDFAFF220023A4F84F
:10727000902084F82E3238BD286803F0CFFDF2E765
:10728000BC57012030B50C46A1B0054680216846A8
:1072900023460D4A15F006FF002804DDC2B26946F8
:1072A000284603F0FBFD094A8021684604F1620389
:1072B00015F0F8FE021E04DD69462846D2B203F03E
:1072C000EDFD21B030BD00BFB8160200C0160200AF
:1072D0002DE9F04790F8917094B027B10127384616
:1072E00014B0BDE8F0871546DFF8B48000F104095A
:1072F0008C2204460E464846294616F012FA0EF035
:1073000093FA98F80030002B3FD04FF0000A3F224C
:10731000294604A816F06CF994F82E32DFF8848020
:107320008DF84FA053BBD8F8000003F0ABFD28B98F
:10733000D8F8000004A904F00FFBC8B9164ACDF82C
:1073400008900192009600232946144AD8F80000BC
:1073500004F08AFA002884F8900005DB012384F801
:1073600091300EF07FFAB9E7D8F8000003F056FD2F
:107370000EF078FA384614B0BDE8F087D8F800006F
:1073800003F04CFD84F82EA2CDE704F0D5FE0123D6
:1073900088F80030B9E700BF85720000C816020007
:1073A000B0B40020BC57012090F82D3203B97047CB
:1073B00010B504460EF038FA94F82C0203F088FD5C
:1073C0000EF050FAFF23A4F82C3210BD70B590F8DF
:1073D0002D32044684B07BB103682A4A5B6993422C
:1073E0004BD10EF021FA94F82C0203F071FD0EF04F
:1073F00039FAFF2384F82C3240F29712002104F16D
:10740000940016F0DBF800231F4D84F82D320EF0A7
:107410000BFA2B7863B31D4E94F89130306813B992
:1074200094F82E52BDB10022194804F50B7133684F
:10743000CDE9000402911046164903F061FDB0FA4F
:1074400080F0400984F82D020EF00CFA94F82D52C9
:10745000284604B070BD03F015FD0028E3D10E49A5
:10746000306804F079FA50B9012384F82E32DAE753
:1074700004F062FE01232B70CDE79847BCE70EF0C5
:10748000F1F9E5E7A9730000B0B40020BC57012072
:107490001D750000C8160200D0160200002382F8F5
:1074A0009230002936D070B50D68A6B00DB926B05F
:1074B00070BD942614461849324601A816F031F9D9
:1074C000284605F0FDFEB4F89030211D61220190A0
:1074D00003A8ADF8083016F08BF804F166012922F4
:1074E0000DF16E0016F084F82568D5F88404D5F8FF
:1074F0008034441C04F003049C42D8D006FB0050A6
:10750000324601A900F50C7016F00BF9C5F8844459
:1075100026B070BD704700BF0C3902002DE9F04F56
:107520009846C5B0DB0705460E4614464E9F06D565
:1075300040F29712002107F1940016F03FF8B5F8D9
:1075400004310C2B65D0212B21D0012B76D1032CBB
:1075500000F3C58018F0020F16D097F828329BB1BF
:1075600097F8293283B197F82A32002B40F0ED804A
:1075700007F5916407F5DB6394F89250002D00F055
:10758000B48094349C42F7D145B0BDE8F08F052C0F
:10759000E0DDB08805F090FEA7F82002003818BFA3
:1075A0000120063C06F1060187F8280200F0FE8063
:1075B000002507F194091AE0A6421FDCFD2B28469E
:1075C00006D87B194FF02E020135284683F8942007
:1075D000C5F1FF02B242A8BF32469246594648441E
:1075E00016F09FF8A41B55440BEB060106D00E784D
:1075F000013C6B1E01F1010B002EDDD1002DD4BF2B
:107600000022012200233D4485F8943087F8292286
:10761000A0E7002C9EDD3278002A9BD0A24299DAA6
:10762000612AA8BF6122711C144607F5CA7016F0C2
:1076300078F800233A1982F894318BE7102B89D11E
:10764000002C87DD304610F8015B6A1CA41A06EB9B
:10765000020B3FF57FAF07F5FB73DFF860A10193E5
:10766000032D17D902786E2A23D142786D2A20D1B2
:1076700090F80290B9F13D091BD1033D612DA8BFDF
:107680006125311D2A4607F5CA703D4416F049F8B8
:1076900085F89491002C3FF45DAF584610F8015BDB
:1076A0005E466A1CA41A0BEB02033FF553AF9B46E0
:1076B000D6E7052DEED90522514615F087FF814604
:1076C0000028E7D1053D292DA8BF292501982A4684
:1076D000B11D3D4416F025F885F8F691DAE73268D9
:1076E00087F82A32C7F8242234E70123B7F820228A
:1076F00007F5CA7184F89230A4F8902027606122BF
:10770000201D15F075FF292207F5FB7184F86550DF
:1077100004F1660015F06CFFFF2207F1940184F874
:107720008F5004A815F064FF2346224A03A904A839
:107730008DF80F5106F0D0FA00287FF425AF2246CD
:1077400003A904A8FFF7AAFE1EE794251A492A46B2
:1077500004A815F0E6FFD7F8240205F0B1FDB7F84C
:1077600020326122049007F5CA7106A8ADF81430E2
:1077700015F03EFF292207F5FB710DF17A0015F097
:1077800037FFD7F88404D7F88034441C04F003048E
:107790009C423FF4F9AE05FB00702A4604A900F5AF
:1077A0000C7015F0BEFFC7F88444EDE6254622466E
:1077B00028E700BF9D7400000C390200DC160200AF
:1077C00000201060704700BF2DE9F0470C68174695
:1077D000220F032A0E46054684B048D0052A3FD121
:1077E000C4F3036900F5804808EB4911C4F3C420D1
:1077F000014491F88C10C4F30220C4F3035AC14031
:10780000BAF1020F4FEA142001F00101C4F307247A
:107810003ED022D80AF0010A002958D1052A40F0AA
:107820009680012308EB491808EBD40804F00704FC
:10783000A34098F88C20DBB2BAF1000F65D01A4350
:1078400088F88C20D5F8903073B13A463146D5F897
:10785000980004B0BDE8F0471847BAF1030F21D0F3
:10786000D5F89030002BF0D104B0BDE8F087C4F318
:10787000036900F58048C4F3035A08EB0901BAF123
:10788000020F4FEA142091F87C10C4F30724C0D1F2
:107890000029E5D1D8F890320133C8F8903204B00D
:1078A000BDE8F0870029F5D0052AD5F8903049D1F8
:1078B000012108EB491808EBD40898F88C2004F053
:1078C0000704A14022EA010288F88C20BCE7052ABF
:1078D000D5F890304FEA09611CD1020292B20A43F6
:1078E00042F0A04242F4441200920022CDE901226B
:1078F000039223B104226946D5F898009847D8F836
:107900008C320133C8F88C328BE722EA030288F804
:107910008C20A5E7002241F0405141F44011009134
:107920000192BBB102226946D5F898009847D8F871
:107930008C325A1CD5F89030C8F88C22C84488F88C
:107940007CA081E70022C84488F87C207CE7D5F839
:107950009030F3E7D8F88C32C1440133C8F88C3248
:1079600089F87CA080E700BF2DE9F04F00F5804545
:10797000B5F874308346CB1A9AB21BB2002B89B08B
:1079800069DD4FF0000900F581470E460B374C4684
:10799000BA4600F58053D3F8081800F5804852180D
:1079A00008F17B0838BFC3F808280297CDF800809B
:1079B0000396009A12F8013F0092002B40F0958048
:1079C00000275646B846CDF804A004E008F10108A7
:1079D000B8F1200F32D016F8013F002BF6D04FEA55
:1079E000C80A00275FFA8AFA00E03378FB4049EAC8
:1079F0000A2242F0A04213F0010F42F4441210D0C8
:107A0000DBF89030CDE905440794049223B10422B9
:107A1000DBF8980004A99847D5F88C320133C5F8F3
:107A20008C3201370AF1010A082F5FFA8AFADCD199
:107A300008F10108B8F1200F3470CCD1009B029AF4
:107A4000DDF804A093420AF1200A09F18079B0D14F
:107A5000039EA5F874602E6F002E5CD00BF5C35406
:107A60000BF501520A342A3202E00834A24254D003
:107A7000A379002BF9D02188B5F874309942F4D15C
:107A8000B4F804800BF50157B4F802902C37B8F124
:107A9000000F22D00026DFF8B8A006E0B04549D399
:107AA0005846FFF791FEB04540D909EB060357F859
:107AB000232007EB8301130F1AF803201644002A32
:107AC000ECD10BF58051D1F844282E6F571CB5F836
:107AD000743002D00132C1F844280022013E013343
:107AE000A2712E67A5F87430B6E749F04052DBF872
:107AF000903042F44012CDE9042423B10222DBF895
:107B0000980004A99847D5F88C32009A0133147074
:107B1000C5F88C3254E7A5F86C60DBF80000036808
:107B2000DB699847A86709B0BDE8F08F2E6FB5F8FC
:107B30007430D2E70BF58051D1F848282E6F501CD5
:107B4000B5F87430C9D00132C1F84828C5E700BF84
:107B5000A039020000F5C35C0CF10A0C2DE9F04FCE
:107B600063460026834600F501548DB02A349A7985
:107B7000DAB1002E00F0DB803588188803F10802A6
:107B8000291A09B2002908DD944200F0FB8091799E
:107B90001E4649B105461346EFE703F10802A2422B
:107BA00006D09379002BF6D113460833A342DED1D9
:107BB000002E00F0E4800BF5804331880393B3F886
:107BC00074300BF58057D7F80828CB1A9BB29A1857
:107BD00003D2C7F80828002B59D04FF000090BF545
:107BE00081410BF580450B317B350694C8462C4608
:107BF0000D46CDE904C6DFF8C8A10291079714F835
:107C0000012F002A40F099802E460027CDE900542C
:107C100002E00137202F2CD016F8012F002AF8D0CF
:107C2000FD000024EDB200E032782B19DBB2E24017
:107C300049EA032312F0010F43EA0A0311D0CDE908
:107C40000838DBF89030CDE90A8823B10422DBF84C
:107C5000980008A99847039AD2F88C320133C2F8E9
:107C60008C320134082CDFD10137202F86F80080B8
:107C7000D2D1029BDDE90054A34205F1200509F1B0
:107C80008079BCD1DDE904C63188DDE90647039B74
:107C9000BE469846A3F87410196F002965D0654652
:107CA00002E00835A54263D0AB79002BF9D02A88D1
:107CB000B8F874309A42F4D1B5F804A00BF5015924
:107CC0006F8809F12C09BAF1000F27D0CDE900C463
:107CD00000265446C246F04606E0B44254D3584605
:107CE000FFF772FDB4425FD9BA1959F82200334B3D
:107CF00009EB8201020F9A5C1644002AEDD1C646B8
:107D0000DDE900C4DEF84428D046561CDAF87010CD
:107D1000BAF8743002D00132CEF84428002201397A
:107D20000133AA71A8F87430C8F87010B5E71E4680
:107D30000833A3427FF41BAF3AE749F04052DBF827
:107D4000903042F44012CDF82480089223B10222F0
:107D5000DBF8980008A99847039B84F80080D3F8C3
:107D60008C220132C3F88C224EE7039BA3F86C10DF
:107D7000DBF800000368DB699847039B98670DB048
:107D8000BDE8F08F1E4616E7C646DDE900C4DEF802
:107D90004828D046501CDAF87010BAF87430BDD0BC
:107DA0000132CEF84828B9E7C646DDE900C4D0461E
:107DB000DAF87010BAF87430B0E700BFA0390200EA
:107DC000000031502DE9F04F00F58048D8F87030B0
:107DD000814689B033B14846FFF7BCFED8F8703011
:107DE000002BF8D1002209F5C35309F501511233D4
:107DF000323103F8022C08338B42FAD14FF0000ADB
:107E0000554609F581470B3709F58044DFF828B15D
:107E10000397C8F87020A8F86C2088F876207B3487
:107E200014F8012F002A71D13E460021CDE9014707
:107E300002E0013120292CD016F8012F002AF8D0B9
:107E4000CF000024FFB2009100E032783B19E240FD
:107E5000DBB24AEA032312F0010F43EA0B0210D00F
:107E6000D9F89030CDE905550795049223B1042245
:107E7000D9F8980004A99847D8F88C320133C8F88B
:107E80008C320134082CE0D1009935700131202961
:107E9000D2D1039BDDE901479C4207F120070AF19B
:107EA000807ABDD10122D9F8000000240368DB6983
:107EB00089F8E4219847C022C9F8E8012146C9F8A9
:107EC000184189F81C41C9F8E041C9F81C42C9F8B9
:107ED000204809F58F7015F071FB4B4689F8014277
:107EE00089F8194209F5C06283F835421833934284
:107EF000FAD1002209F5036309F51B6903F8032C85
:107F00000C339945FAD109B0BDE8F08F4AF04052E0
:107F1000D9F8906042F44012CDE9042526B102223E
:107F2000D9F8980004A9B047D8F88C2225700132FE
:107F3000C8F88C2278E700BF000031502DE9F043EB
:107F400000F5805595F8B43383B023B190F8A43090
:107F50000446032B02D003B0BDE8F083D5E9E92342
:107F60009A42F8D100680368DB699847D5F8AC33CA
:107F70000646C31A002BEEDB04F59E571C374FF460
:107F80008061384601F04EFF4FF000088146D4F87A
:107F90001C32434403F0010303EB430104EBC10132
:107FA00091F801222AB9B8F1000F17D14FF001085A
:107FB000EDE75A4202F01802B1F8EC3102F5F8721E
:107FC00091F800122244CDE9002138464FF4806236
:107FD000494602F0DDF808B18144E4E74FF0000CB7
:107FE000B4F818314FF4806249463846CDE900CCE8
:107FF00002F0CEF80028AED0214600EB090351F87C
:10800000AC0B3A4607683F69B8474FF48070D4F824
:108010001C32B4F8181103EB430204EBC202013323
:10802000A2F8000203F00103A2F8EC11C4F81C321C
:10803000D4F820384F1C03EB430204EBC202013397
:10804000A2F8340203F03F03A2F82012C4F820384B
:10805000D5F8EC37A4F818715A1CD5F8B0231CBF1A
:108060000133C5F8EC37531C052BC5F8B0330AD8DB
:10807000022B89BFFA230A2302F1FF3293403344D3
:10808000C5F8AC3367E7002385F8B43363E700BF76
:108090002DE9F04F00F58057D7F838388BB05E1CCB
:1080A0001CBF0133C7F838384B888A465ABA114684
:1080B000ADF8062090F8E42104461FFA81F8DAB101
:1080C00063BBB44804F29D13001B04F2DD1101E010
:1080D000994236D013F8012F002AF9D030F8132036
:1080E0004245F5D1D7F83C385A1C02D00133C7F8C5
:1080F0003C380BB0BDE8F08F90F81C31002BE0D07D
:1081000004F62403029304F6A41502E09D4200F055
:1081100045835A7A0C33002AF8D0D2E70068036806
:10812000DB699847D4F8E831C31A812B40F3B28158
:1081300094F81C31002BC4D094F8E431002BDFD02C
:10814000BFE704F6240304F6A41502930120D4F833
:10815000E021BDF806C0111804EB420601F03F0112
:108160002244029BA6F81EC182F89E01C4F8E011C9
:108170005A7A1AB11A88424500F0BD800C33AB42DE
:10818000F6D120680368DB699847C7F8B8039AF806
:108190000190DAF808304FEA8902B3EB890FC0F09A
:1081A000AD8004F5804696F87630B9F1000F00F006
:1081B000B080002B00F01F81B6F87430434500F00A
:1081C0008383A8EB03031BB2002B40F35B81334690
:1081D00041F66A0B2E461D4604F5015E0EF12A0E8D
:1081E0000392CDF810E0296FDAF80430FF2900F28D
:1081F0006281B5F86C204A44B2F5006F00F35881F3
:1082000004EB0B029079002840F04D81AC461046FB
:1082100035466646BDF806C0039AA0F800C04FF088
:10822000010CB6F86CE0A0F80490A0F802E0B6F8F3
:108230006CE080F806C0B9F1000F0BD00EF61A0CF6
:1082400004EB8C0C1A4453F8040B00BA9A424CF815
:10825000040FF8D1CE444B1CA6F86CE0336729B963
:1082600020680368DB699847336FB067D7F8102838
:108270009A4201D2C7F8103894F81C3173B3B4F89D
:108280001A31A8EB03039BB25A1E12B2002A21DD59
:1082900020680368DB699847B4F81A61D7F8043896
:1082A0000136B6B2A8EB060292B2202A40F28B82C7
:1082B0009A42D7F8003888BFC7F80428D21801D2EC
:1082C000C7F8002894F81C3143B1B4F81A31A8EB70
:1082D00003039BB21BB2002B7FF70BAF01220023DD
:1082E000BDF8061084F81C21A4F81A1184F8E431B2
:1082F0000BB0BDE8F08F00225A7242E7D7F844383D
:108300005C1C3FF4F6AE0133C7F844380BB0BDE84F
:10831000F08FD7F84018481C1CBF0131C7F840182F
:10832000002B40F0A480012386F876304346C446F3
:10833000AE46A04638460133316FA6F874300029A6
:1083400000F0358208F5C35908F5015209F10A0910
:108350002A3204E009F10809914500F0908299F869
:108360000630002BF6D0B9F80040B6F874309C42C5
:10837000F0D1B9F8044008F5015BB9F802500BF1EF
:108380002C0B7CB3CDE9039C4FF0000AF146024F61
:1083900005900CE0E2FDFFFFA03902005445C0F05B
:1083A000C8824046FFF710FA544540F2B8820AEB03
:1083B00005015BF821200BEB8101120FBA5C92449E
:1083C000002AEBD10598CE46D0F84428DDF810C03D
:1083D000551CDDF80C90316FB6F8743002D00132C4
:1083E000C0F8442800220139013389F80620A6F894
:1083F00074303167A3E7BDF80630DAF804E0A6F878
:108400007430012386F8763003954FF0000B4D460B
:10841000F146DFF874A459F82B104FEA8B0EC1F324
:1084200003121AF8022009BA002A00F04482934489
:10843000AB4500F33582012A06910CD00121CE44D0
:108440000DF1180C5EF8213001311BBA4CF8043FD5
:10845000CBB29A42F6D8204606A95FFA8BFBFFF70B
:10846000B3F95D45D7D8039DB6F874305FE7B6F829
:10847000743098453FF45BAFA8EB03031BB2002BAD
:108480003FF7A5AED7F80C38591C1CBF0133C7F80D
:108490000C38F1E6D7F80C385D1C3FF42AAE0133F6
:1084A000C7F80C3825E60498083290427FF4AAAE4B
:1084B000002900F0A1802046FFF74CFBB5F87410AE
:1084C00041457FF490AE2B4635461E46DAF804301F
:1084D000B9F1000F30D003954FF0000B1D46DFF8C7
:1084E000A8A355F82B104FEA8B0EC1F303121AF80C
:1084F000022009BA002A00F009829344CB4500F318
:10850000FA81012A06910CD00121AE440DF1180C1C
:108510005EF8213001311BBA4CF8043FCBB29A42CD
:10852000F6D8204606A95FFA8BFBFFF74DF9D9452F
:10853000D7D8039DB6F87410C446AE46A046384658
:108540000131A6F87410316F002900F0308108F570
:10855000C35908F5015209F10A092A3204E009F168
:1085600008094A4500F08B8199F80630002BF6D0B7
:10857000B9F80040B6F874309C42F0D1B9F8044024
:1085800008F5015BB9F802500BF12C0B5CB3CDE997
:10859000039C4FF0000AF146BB4F059008E054459C
:1085A000C0F0F5814046FFF70FF9544540F20182D3
:1085B00005EB0A025BF822000BEB8201020FBA5CAA
:1085C0009244002AEBD10598CE46D0F84428DDF835
:1085D00010C0551CDDF80C90316FB6F8743002D025
:1085E0000132C0F8442800220139013389F80620FD
:1085F000A6F874303167A7E72A463546164692F842
:108600007620C2B3B6F87420A8EB020212B2002A98
:1086100031DD04F5C3520A32CDF80C90914604F5D1
:10862000015B0BF12A0B4B4600209A79002A00F0DF
:108630000C81002800F01B81B0F800E0B3F800C006
:1086400003F10802AEEB0C0109B2002940F3F480FB
:108650005A4500F0128191791846002900F0F48003
:10866000E6461346EAE741462046DDF80C90FFF760
:108670007BF9DAF80430B9F1000F2ED003954FF0F2
:10868000000B1D46DFF800A255F82B104FEA8B0EA9
:10869000C1F303121AF8022009BA002A00F021815E
:1086A0009344CB4500F31381012A06910CD001219C
:1086B000AE440DF1180C5EF8213001311BBA4CF8B4
:1086C000043FCBB29A42F6D8204606A95FFA8BFB4C
:1086D000FFF77AF8D945D7D8039DC446AE46A046E1
:1086E0003846B6F87430316F0133A6F8743000297B
:1086F0005DD008F5C35908F5015209F10A092A327B
:1087000004E009F10809914500F0B98099F80630B4
:10871000002BF6D0B9F80040B6F874309C42F0D186
:10872000B9F8044008F5015BB9F802500BF12C0BC5
:108730005CB3CDE9039C4FF0000AF146524F05901F
:1087400008E05445C0F011814046FFF73DF854451C
:1087500040F2018105EB0A025BF822000BEB82017B
:10876000020FBA5C9244002AEBD10598CE46D0F8AD
:108770004428DDF810C0551CDDF80C90316FB6F8B8
:10878000743002D00132C0F844280022013901338C
:1087900089F80620A6F874303167A8E7B4F81A31D2
:1087A000A8EB03031BB2002B3FF7D0AC9AE444467E
:1087B0007546E0460746A6F86C1020680368DB693A
:1087C0009847B06758E59A4288BFC7F804284645DD
:1087D0003FF478AD4FF480792C4BDDF808A0A3EB83
:1087E000040C04F29D1E04F2DD11734601E08B427D
:1087F0000CD013F8012F002AF9D03CF81320B24214
:10880000F5D10136B6B24645EFD15BE553465A7A0B
:1088100012B11A88B242F4D00C33AB42F7D15346AE
:1088200002E00C339D4233D05A7A002AF9D11E80DF
:108830005860A3F80890E4E703F10802934508D0D4
:108840009379002B7FF40DAF134608335B457FF41B
:10885000ECAE00283FF407AF0388A8EB03031BB27C
:10886000002B7FF700AF2046FFF774F9DBE61846D0
:1088700008335B457FF4D9AEEBE71846ECE7444696
:108880007546E046074698E7A0390200E2FDFFFF83
:10889000D7F800385A1C1CBF0133C7F80038B0E7BE
:1088A000D7F84838039D5A1C02D00133C7F848381E
:1088B000B6F874303BE5D7F84438039D591CF7D01F
:1088C0000133C7F84438F3E7DAF804E09CE5D7F859
:1088D0004838039D5A1C3FF400AF0133C7F84838AD
:1088E000FBE6D7F84438039D591C3FF4F6AE01333C
:1088F000C7F84438F1E6D7F84838039D5A1C02D02F
:108900000133C7F84838B6F8741015E6D7F844387C
:10891000039D591CF7D00133C7F84438F3E7CE461E
:10892000DDF810C0DDF80C900598316FB6F87430A2
:1089300058E50598CE46D0F84828DDF810C0541CFC
:10894000DDF80C90316FB6F874303FF44BAD013266
:10895000C0F8482846E5CE46DDF810C0DDF80C909A
:108960000598316FB6F874300FE70598CE46D0F809
:108970004828DDF810C0541CDDF80C90316FB6F8B3
:1089800074303FF402AF0132C0F84828FDE6059884
:10899000CE46D0F84828DDF810C0541CDDF80C9005
:1089A000316FB6F874303FF41EAE0132C0F848287B
:1089B00019E6CE46DDF810C0DDF80C900598316F51
:1089C000B6F874300FE600BF2DE9F0410B780E4683
:1089D0008F2B044617468AB03FD81A0628D4013B8D
:1089E000DAB2202A6FD8202B6DD8DFE813F0ED0221
:1089F000B8026C006C006C006C006C006C006C00C9
:108A00006C006C006C006C006C006C009E028202BA
:108A100049026C006C006C006C006C006C006C0017
:108A20006C006C006C006C006C006C001E020F028D
:108A3000803B0F2B47D8DFE813F0A301F300BE0003
:108A4000AA00460046004600460046004600460092
:108A500046004600460046007B00F12B5CD0FF2B11
:108A600000F06381F02B2ED100F58052D2F82C3823
:108A700004F59E55581C1CBF0133C2F82C388B7866
:108A80001C354FF48061284684F8A53001F0CAF9FE
:108A900006464FF480622846314601F06FFB2146BE
:108AA000331851F8AC0B2A4605682D69A8470021F8
:108AB000D4F8943084F8A4105BB3D4F898000AB0CA
:108AC000BDE8F041184704F59E5533681C354FF456
:108AD00080612846029301F0A5F900210646019124
:108AE00002A901234FF4806228460091314601F02B
:108AF000DBFA331820682A46056839462D6904F5E3
:108B00008054A847D4F8F0375A1C02D00133C4F877
:108B1000F0370AB0BDE8F08190F8A430052BF8D109
:108B20000021D0F8943080F8A410002BC5D1F0E7D4
:108B300000F58055D5F8F43700685E1C1CBF013382
:108B4000C5F8F4370368DB69984704F50361002230
:108B50000B46C5F8B80304F51B6513F8030C0C337A
:108B6000AB420244F9D1002AD3D0002301F8033CE0
:108B70000C31A942FAD104F58046336F002BC8D0DE
:108B80002046FEF7E7FF336F002BF9D1C1E700F570
:108B90008055D5F8FC375F1C1CBF0133C5F8FC3786
:108BA000FFF710F920680368DB699847C5F8B80338
:108BB0000AB0BDE8F08100F58055D5F8FC3704F522
:108BC0009E565A1C1CBF0133C5F8FC371C36FFF7F4
:108BD000F9F84FF48061304601F024F907464FF46C
:108BE00080623046394601F055FA21463B1851F86B
:108BF000AC0B324606683669B04720680368DB690B
:108C0000984794F8A430C5F8B803032B81D003210A
:108C1000D4F8943084F8A410002B7FF44EAF78E79A
:108C200090F8A430032B40F0858000F58055D5F8EE
:108C3000E837591C1CBF0133C5F8E8377378002B9F
:108C400000F02E82B368012B40F22A827368B3F8D9
:108C5000008098FA98F81FFA88F804F5804696F88C
:108C60007630002B00F02882B6F87430434504F6C5
:108C7000240300F07B82002004F69811C91A03F146
:108C8000180221F0030111440C3313F8032C42B1F4
:108C900033F80C2CA8EB020212B2002AC8BF03F86A
:108CA000030C0C338B42F0D196F87630002B3FF456
:108CB00079AFB6F87430A8EB03031BB2002B7FF733
:108CC00071AF04F5C35604F501570A362A37334607
:108CD00000209A79C2B1002800F0D181B0F800E0FC
:108CE000198803F10802AEEB010C0FFA8CFCBCF101
:108CF000000F40F3C681BA4200F0D081907900287D
:108D000040F0C8811846134608339F42E1D100283D
:108D100000F0CD810388A8EB03031BB2002B40F3C6
:108D2000C6812046FEF716FFD1E790F8A430032B4A
:108D300000F0A28104F58052D2F8283804F59E553F
:108D4000591C18BF013305F11C0518BFC2F828389B
:108D50004FF48061284601F065F8052306464FF47C
:108D600080623146284601F081F92A463946331897
:108D7000206804682469A4460AB0BDE8F041604751
:108D800090F8A430032BD5D100F58055D5F8E03705
:108D900000265F1C1CBF0133C5F8E037B1F8028024
:108DA000074698FA98F803461FFA88F805E0013656
:108DB000402E03F1180300F0828193F83522002A37
:108DC000F5D0B3F820224245F1D104F59E551C356B
:108DD0004FF48061284601F025F8074606EB460669
:108DE00004EBC601B1F8203201F5097691F834128E
:108DF0004FF48062CDE900612846394601F0C8F998
:108E000021463B182A4651F8AC0BB2E700F58055D5
:108E1000D5F824385A1C1CBF0133C5F8243890F803
:108E2000A430032B7FF475AEBCE600F58055D5F871
:108E300020383046591C1CBF0133C5F8203801F0DA
:108E40003BFA04F59E561C3680464FF4806130464E
:108E500000F0E8FF434680464FF4806230464146CA
:108E600001F0AEF808EB0003206832460668394688
:108E70003669B04794F8A430032B7FF44AAE91E6EC
:108E800090F8A830012B7FF444AE90F8A430012B69
:108E90007FF43FAED0F8A00000283FF43AAE8B68D4
:108EA0000F2B7FF636AE036802AF3A461B6949685E
:108EB000984700283FF42DAE04F59E551C354FF41D
:108EC0008061284600F0AEFF064604F16603314695
:108ED00000934FF48062231D2846019700F0CEFFD7
:108EE0002146331851F8AC0B2A4604682469A04780
:108EF0000FE690F8A830012B7FF40BAE90F8A43069
:108F0000012B7FF406AE4FF6FF72B0F8A63004F5E1
:108F1000805493421CBF0133A0F8A6300068036858
:108F2000DB699847C4F8C003F3E590F8A830012B3B
:108F30007FF4EFAD90F8A430012B7FF4EAAD00256B
:108F4000084662222B4604F1B601009501F074F93F
:108F50002046FEF737FF206884F8E4517CE090F863
:108F6000A850002D7FF4D5AD90F8A430022B7FF4EB
:108F7000D0AD8B681F2B7FF6CCADD0F8A00048B1E8
:108F800003684A6804F59E51DB680C319847002855
:108F900040F03C8104F58052D2F82838581C02D0A9
:108FA0000133C2F8283804F59E551C354FF4806112
:108FB000284600F037FF064643234FF480622846D8
:108FC000314601F053F86AE590F8A850002D7FF47F
:108FD000A0AD90F8A430032B00F0A58013F0FD0F96
:108FE0007FF497AD00233A683046C4F8AC20BA88C5
:108FF00004F1B601A4F8B0206222009301F01CF93C
:10900000D4F8A00004F1AC0728B103689B68984726
:10901000002840F0C18004F59E551C354FF4806156
:10902000284600F0FFFE064604F166034FF4806216
:10903000284631460093231D00F06AFF331820684C
:109040002A46056839462D69A8472046FEF7BAFE2C
:109050000023206884F8E4310368DB699847032122
:10906000D4F8943004F58052C2F8B80384F8A41000
:10907000002B7FF422AD4CE5FFF70AF849E51846CE
:1090800042E6BA423FF443AE9379002B3FF43BAE45
:10909000134625E618468E46134621E6184639E65D
:1090A000B6F8028098FA98F81FFA88F8D5E5414694
:1090B0002046FEF759FC75E504F62403DBE5D5F8F8
:1090C000E4374FF48061581C1CBF0133C5F8E43706
:1090D00004F59E551C35284600F0A4FE0646B4F85B
:1090E000180104F5C06C97F835325BB1B7F820224F
:1090F000A2EB08031BB2811A002B09B202DD002982
:10910000C8BF10461837BC45EDD101234FF480622B
:1091100031460090284600F07FFF214633182A464A
:1091200051F8AC0B25E63A68D0F8AC309A427FF49F
:10913000F0ACB0F8B020BB889A427FF4EAACD0F82B
:10914000A00000287ED003689B689847002879D04B
:10915000D4F8943084F8A450002B3FF443AF294650
:10916000D4F89800984794F8A43037E704F50362E0
:1091700004F51B6003E00C3290423FF47CAD12F822
:10918000031C0029F7D032F80C1C4145F3D108F13B
:1091900001081FFA88F86EE504F59E560C3610217A
:1091A000304600F0E3FDA0B904F58052D2F828382B
:1091B0004FF480615D1C04F59E5518BF013305F125
:1091C0001C0518BFC2F82838284600F02BFE4323A0
:1091D000C4E504F59E551C354FF48061284600F027
:1091E00021FE334606464FF480622846314600F0A1
:1091F000B1FE331820682A46056839462D69A8470C
:1092000020680368DB699847022129E704F59E5628
:109210001C364FF48061304600F004FE074604F12E
:109220006603394600934FF48062231D304600F0F8
:109230006FFE21463B1851F8AC0B32460668366982
:10924000B04785E6002704F59E551C35622230465E
:109250003B4604F1B601009700F0EEFF4FF4806149
:10926000284600F0DFFD064604F166034FF48062F5
:10927000284631460093231D00F04AFE214633184C
:1092800051F8AC0B2A4605682D69A8472046FEF721
:1092900099FD206884F8E471036804F58054DB6963
:1092A0009847C4F8B80334E42DE9F041074644F286
:1092B00094201E460C469046F7F7A2F84146054614
:1092C0008C2240F8044B14F02CFA96E80700002496
:1092D0004FF47F4E4FF0010C05F1900383E8070037
:1092E000C5F8A4E085F8A8C021466222C5E9274454
:1092F000C5F8AC40A5F8B040A5F8B44005F1B600FB
:1093000014F05CF921468022C5F8184185F81C410B
:1093100005F58F7014F052F92146402205F5CF7003
:1093200014F04CF921463022C5F8E04185F8E441BB
:10933000C5F8E84105F5F67014F040F921464FF400
:10934000C062C5F81C4205F5087014F037F92146D3
:109350004FF4C072C5F8204805F6240005F5805684
:1093600014F02CF921464FF4206205F6A41014F0F5
:1093700025F92146C6E9E944C6E9EB44C6E9EE44CD
:10938000C6E9F044C6E9F244C6E9F44486F8B443B9
:10939000C6F8D8434FF4806206F5777014F00EF9E2
:1093A0002146782206F2DC7014F008F9214686F88E
:1093B0005448C6F8584886F85C48C6F86048C6F86D
:1093C000644886F868484FF4006206F66A0014F0B4
:1093D000F5F805F5015005F5804621464FF4005299
:1093E0002C3014F0EBF84FF400722146C6E91E440D
:1093F000C6E92044A6F86C403467A6F8744086F8A5
:109400007640C6F8884006F18C0014F0D7F838464C
:10941000C6E9A3443D60BDE8F08100BF10B5044635
:10942000006818B144F29421F6F7ECFF204610BD15
:1094300070B54FF0000C1446026805461068C2F87B
:10944000A030036882F8A8C09B68A2F8B410C2F8E4
:109450009C400E46984734B12A682368314620461E
:109460009B680432984700212B68D3F8942083F836
:10947000A41022B1BDE87040D3F89800104770BD29
:109480002DE9F0430468054683B0002C49D0084616
:109490004FF00108A4F8B42011460268C4F8AC20CB
:1094A00082882068C4F8A0300368A4F8B0209B68C4
:1094B00084F8A880984700222B681868A3F8A62093
:1094C0000368DB6998472C684FF4806104F59E5669
:1094D0001C368146304600F0A5FC074604F16603C1
:1094E0004FF48062304639460093231D00F0A4FCFF
:1094F00021463B1851F8AC0B3246066804F58054FF
:109500003669B0472B68D3F89420C4F8C09383F829
:10951000A48032B14146D3F8980003B0BDE8F043CF
:10952000104703B0BDE8F0832DE9F041046894F8DA
:10953000A4300BB9BDE8F08104F58052D2F8283888
:1095400004F59E56591C18BF013306F11C0618BFBE
:10955000C2F8283805464FF48061304600F062FCBE
:10956000074600234FF480623946304600F07EFD06
:1095700021463B1851F8AC0B324604682469A047D9
:109580002C68206804F580540368DB69984705213E
:109590002B68D3F89420C4F8C40383F8A410002ADD
:1095A000C8D0BDE8F041D3F8980010472DE9F04F3E
:1095B0000368ADF23C4D054602901868002403682C
:1095C000DFF8F4B6DB6998472B680546186803F5A1
:1095D0008053D3F8589883F85C48036809949E69CF
:1095E000ADF828405E45079440F0BB814A464FF0F5
:1095F0000008A9464FF0040A1546DDF808B05C697A
:109600000EAA4FF4806309A9A047044607900028DA
:1096100000F0E68221460EA8DBF8007000F0DEFDC7
:1096200050B30023F022CDF820A0CDE90B230D93F9
:1096300007F580560CE0D6F834383846591C18BF68
:10964000013309AA0BA918BFC6F83438FFF7BCF9D3
:1096500021460BAB08AA0EA800F0CEFD0028EAD1E7
:10966000089B9C4208D907F58057D7F84C28E31A85
:109670009B1801D2C7F84C381DB108F101084545C7
:1096800004D9DBF8003018680368B8E74D460122BA
:10969000029B1C6804F5805383F85C2894F8A4307E
:1096A000012B00F03381032B40F0B48004F580538C
:1096B00093F85498B9F1000F40F0968241F2DC38EB
:1096C000DDF808A004F5036604F51B670EE006F854
:1096D000039C92F8763033B1B2F8743036F80C2C23
:1096E0009A4200F077820C36BE423FD016F8033C17
:1096F000002BF8D056F8083CEB1A132BF3DD16F8C4
:10970000043C04EB0800022B04F58042DFD84FF440
:10971000806100F087FB0446DAF8003021464FF400
:10972000806203EB080036F80C3C00F061FCDAF8CC
:1097300000102318086801EB08020468AC312469A2
:10974000A047DAF800400C3604F58052D2F8DC3736
:10975000591C1CBF0133C2F8DC3716F8103C46F820
:10976000145C013306F8103CBE42BFD104F58043BF
:109770001A6F22B19B6FEB1A812B00F3668242F2C3
:109780000F7204F58056D6F8B833EB1A934205DD14
:10979000D6F8BC33EB1A934200F35D82D6F860280A
:1097A000D6F8A433D6F8A813002A40F0EB8104229F
:1097B000D6F8A433D6F8A81305950027154604F566
:1097C0009E5B0BF11C0B8B421CD04FF48061584602
:1097D00000F028FB4FF000088146D4F81C324344C7
:1097E00003F0010303EB430204EBC20292F80112FF
:1097F000002940F00781B8F1000F40F01B814FF0C5
:109800000108EAE7059D029C2068FEF797FB2468A3
:1098100094F8A4309A1E012A49D804F58056D6F847
:10982000B833EB1A002B6DDDD6F85028934247F27F
:109830002F5288BFC6F85038934263DDD6F83038CF
:10984000591C1CBF0133C6F83038D6F828384FF4FD
:1098500080615A1C1CBF0133C6F8283804F59E5697
:109860001C36304600F0DEFA074604234FF48062CF
:109870003946304600F0FAFB21463B1851F8AC0B54
:10988000324604682469A0470521029C236803F539
:109890008052C2F8C453D3F8942083F8A410002A4D
:1098A00030D0D3F898009047246894F8A430052B62
:1098B00028D104F58053D3F8C433EB1AB3F5FA6F0B
:1098C00020DB20680368DB689847029C236893F8D4
:1098D000A82032B91868B3F8B41003689B68984799
:1098E0002368D3F89C0020B10368DB689847029B8B
:1098F0001B680021D3F8942083F8A41012B1D3F888
:10990000980090470DF23C4DBDE8F08F04F580566D
:10991000D6F8C033EB1AB3F57A7FF3DB04F59E5724
:109920001C374FF48061384600F07CFA804604F121
:1099300066034FF48062414600933846231D00F0D1
:109940007BFA214608EB000351F8AC0B3A46046859
:109950002469A047029B1C68C6F8C05394F8A43041
:1099600058E707AA09A9B047002800F0A08103958D
:10997000A0464D464FF0040A8146079C029B2146B3
:1099800048461F6800F02AFC50B30023F022CDF8AF
:109990002CA0CDE90E23109307F580560CE0D6F8E5
:1099A000343809AA581C18BF013338460EA918BF0D
:1099B000C6F83438FFF708F8214648460EAB0BAA24
:1099C00000F01AFC0028EAD10B9B9C4208D907F54D
:1099D0008057E41AD7F84C38E41801D2C7F84C483D
:1099E00025B108F10108454540F2F280029B1C6850
:1099F000206803689B695B4540F0DC800023039D81
:109A000007934BE6584200F0180092F800C200F5A8
:109A1000F8702044B2F8EC314946CDE9000C4FF41F
:109A20008062584600F0B4FB20B18144B8F1000FC9
:109A30003FF4E5AED6E9E92393423FF4E3AE4FF0BD
:109A4000000A4FF00108CDE90375B4F8183158E069
:109A5000D6F8A433B4F81811013303F07F03C6F825
:109A6000A433D4F81C3297F8B42903EB430304EB76
:109A7000C300A0F8EC1180F800222946920000F5FE
:109A8000F870E14413F04DFED4F81C22D4F82008FD
:109A900097F8B479B4F818C100EB400002EB42012A
:109AA000013204EBC00304EBC10102F0010281F8B2
:109AB000018203F50970C4F81C222946BA00A3F8F4
:109AC00020C283F8347213F02CFED4F82028B4F8A6
:109AD000183102EB4201013204EBC10102F03F02F6
:109AE00081F835820133C4F82028D6E9E9219BB2F8
:109AF0008A42A4F818310AF1010A66D0BAF1200F9F
:109B000063D002EB82029200A71897F8B4C902F65C
:109B1000A412A518CDE9005C4FF48062494658466E
:109B200000F036FB8446002892D1DDE90375BAF1D6
:109B3000000F3FF467AE214651F8AC0B5A46D0F8FF
:109B400000C04B46DCF81080C04720684FF0010889
:109B500003684744DB699847C6F86408206886F8BC
:109B600068880368DB6998470023FA30BD4286F8AD
:109B7000B483C6F8B033C6F8AC033FF443AED6E9BD
:109B8000E93120E68B4213D096F8682882B120682C
:109B90000368DB699847D6F86438D6F86028C31A9A
:109BA0009342FFF630AED6E9E931002A3FF4FFAD2B
:109BB000012201E607AA09A99847814600287FF4F7
:109BC000DCAEDDE902351C6868E5DDE90375B2E766
:109BD000039D5CE52046FDF7BDFFDAF8004082E515
:109BE000029B4D461C6859E5002241F2DC3683F8A1
:109BF00054284FF48061A01900F014F90446029F24
:109C000021463B684FF48062981900F025FA3968C4
:109C1000231808688A190468AC312469A047386899
:109C2000FEF7D0F83C6804F58053D3F8F827C3F862
:109C3000B853501C1CBF0132C3F8F82794F8A43065
:109C40009A1E012A7FF65EAE31E62046FDF782FFBE
:109C5000029B1C6893E541F2DC364FF48061A01949
:109C600000F0E0F80446029F4FF480623B6803F581
:109C700080519819D1F8C8330133C1F8C83321464F
:109C800000F086F93968231808688A190468AC312D
:109C90002469A0473C6804F58056D6F81C38C6F8FD
:109CA000BC53581C1CBF0133C6F81C3876E5029B18
:109CB0001B681868036899E4C177000038B504464A
:109CC000006890F8A430032B23D1531E032B20D817
:109CD00000F5805CDCE9E95303F1010C0CF07F0C2A
:109CE000AC4516D003EB830300EB830585F8B4295C
:109CF00005F6A410920013F014FD0120226802F56D
:109D00008052D2F8A833034403F07F03C2F8A8338B
:109D100038BD002038BD00BF38B504460D68782234
:109D200005F5BE511C3105F5804513F0FAFCD5E967
:109D3000A3322046C4E90E3238BD00BF036893F851
:109D4000A420032A08D103F58053D3E9E90301389D
:109D5000C01A00F07F00704700207047036893F836
:109D6000A4007047036893F8A500704791B170B4E0
:109D7000094E01443368094D094C0138013905FB8E
:109D800003431A0C00F8012F8142F8D10020336000
:109D900070BC704700207047380700200D6619001E
:109DA0005FF36E3C2DE9F0470646184698460C4690
:109DB000174613F0C3FC00F1040C2CF00305099BBB
:109DC00004EB050A4FEA9C0C574583F800C002D209
:109DD0000020BDE8F087814634442A460021204611
:109DE00013F0ECFB4146204609F1010213F099FC07
:109DF000089813F0A3FC041D24F003040AEB0403E9
:109E00009F428046E4D3564422460021304613F058
:109E1000D5FB3046089908F1010213F082FC28199D
:109E2000BDE8F0870346032983BF024A04201A6075
:109E3000002070474D49444970B50C4604319142A9
:109E400084B002D9002004B070BD089E054600967B
:109E50000DF10F060196FFF7A5FF0028F2D04FF095
:109E6000010C00229DF80F102B198608043005F80C
:109E700004C05E709970DA7004B070BD2DE9F043D3
:109E800001F1040C85B094450D9E04D80C46243194
:109E90009142964603D9002005B0BDE8F083D6F87C
:109EA0000090D6F80480B768D6F80CE040F80C9023
:109EB0008444CCF80480CCF80870CCF80CE0D6F8D8
:109EC0001090D6F81480B769D6F81CE00C9ECCF838
:109ED0001090CCF81480CCF81870CCF81CE00096E8
:109EE0000DF10F0601960546FFF75CFF0028D2D062
:109EF000022700219DF80F6000F120022B19FA4083
:109F000024302F555A709E70D97005B0BDE8F0838B
:109F100070B50C460431914284B002D9002004B0DF
:109F200070BD089E054600960DF10F060196FFF7DD
:109F300039FF0028F2D04FF0100C00229DF80F10CE
:109F40002B198608043005F804C05E709970DA7029
:109F500004B070BD01F1140C944517D801F1040C44
:109F6000624528BF40F2124210B528BF42501C681B
:109F7000D3F804E09968DB6800EB0C0240F80C4071
:109F8000C2F804E09160D360142010BD0020704737
:109F9000844601F1080090420FD800B501F1040E8B
:109FA000724528BF4FF490721BBA28BF4CF80120AD
:109FB0004CF80E3008205DF804FB0020704700BF0D
:109FC000844601F1080090420FD800B501F1040E5B
:109FD000724528BF40F221121BBA28BF4CF801205D
:109FE0004CF80E3008205DF804FB0020704700BFDD
:109FF0008446081D82420CD310B580240CEB01026C
:10A000004FEA132E2CF8014082F802E0D3700420AE
:10A0100010BD0020704700BF30B501F1040E72453D
:10A02000BDF80C4016D3844640F2811000252CF870
:10A0300001000CEB0100083191428370C57009D812
:10A0400008200CEB0E0324FA00F20CF80E205C70D2
:10A050005D8030BD002030BD0346081D824223BF15
:10A06000822204205A500020704700BF8446081DF9
:10A0700082420CD310B5F0244FF0000E0CEB01021D
:10A080002CF80140937082F803E0042010BD0020FA
:10A09000704700BF0346081D824223BF832204206D
:10A0A0005A500020704700BF2DE9F041DDE90676E7
:10A0B000002E4ED03478002C5AD0B6464FF0000C0B
:10A0C00002E0BCF1C80F4ED01EF8014F65460CF1FE
:10A0D000010C002CF5D10435C5F3870E0EF10204F6
:10A0E000E4B20EF1010EA4005FFA8EFE0C4494421D
:10A0F0002CD80C1DA24229D38F224FF000084254C5
:10A100003A464418A370CB1C84F801E000F80380A1
:10A1100007F1040E034417B314780132724503F8B3
:10A12000014FF8D1032D1CD00023073125F0030582
:10A1300008449C4594BF0022F25C01339D4200F824
:10A14000012FF6D105F10800BDE8F0810020BDE83F
:10A15000F0814FF0010E08240325B446C6E73C46C3
:10A16000DBE70820F3E74FF0330ED024CB25BDE723
:10A17000A4464FF0010E08240325B7E70346081D47
:10A18000824223BFF12204205A500020704700BFB2
:10A1900030B5049C01F1040E0EEB840595421BD8EA
:10A1A000042C19D872454FEA840C06D3FF2242547E
:10A1B0000144CB701B0A4C708B7054B1039B7044EC
:10A1C00003EB0C0153F8042B12BA8B4240F8042B1A
:10A1D000F8D10CF1040030BD002030BD072906D9AC
:10A1E0000068044BC01AB0FA80F0400970470020A4
:10A1F000704700BF4D49444930B41468251D8D4255
:10A2000017D8055D04441D7065785D7094F802C030
:10A21000AD0083F802C0E4789D60DC7014680434FB
:10A22000254420448D42586003D80120156030BC7D
:10A230007047002030BC70472DE9F0470478054690
:10A24000A4F10204B4FA84F464099846089E90F8D4
:10A2500002A064012AB183688946A3421CD8002366
:10A260000B703EB1AB6804EB8A04A34204D8002310
:10A2700088F80030BDE8F087013E1B1B9E4228BFD6
:10A280001E46696840463246214413F04AFA0023CC
:10A2900008F80630BDE8F087571E1B1B9F4228BFF9
:10A2A0001F4641683A464846214413F03AFA0023D3
:10A2B00009F80730D5E700BF8368032B83BF4368E5
:10A2C000186800BA0020704706F004BE00B583B0DD
:10A2D0000BF0DEFA0BF0A8FA264B1B6813B1264AE6
:10A2E00010689847254D264E0EE058B10BF0BAFA8B
:10A2F000224601A928460BF0F5F904460BF094FA22
:10A30000013411D10AF048FD0BF0CAFA0AF068FDD9
:10A31000431C0446E9D10BF0A5FA002201A9284606
:10A320000BF0E0F90BF080FA019C7CB12378012B53
:10A3300014D0022B0ED04BB9D4E9021360689847B1
:10A34000A0B92146062006F057FADDE730460BF0AB
:10A350005FFAD9E7D4E901309847D5E7D4E901306D
:10A3600098472146052006F047FACDE7606806F0D9
:10A37000B1FDE6E7C0B40020BCB40020B8B40020B2
:10A38000E4160200F8B5104B07461B680E4615464A
:10A390007BB1062006F002FA044690B10023C0E922
:10A3A000026547600146237007480BF06DF920B93C
:10A3B000F8BD06480BF02CFAEBE72146062006F024
:10A3C0001BFA4FF0FF30F8BDB8B4002004170200AC
:10A3D00091F84D3013F0180F02D0034AFFF7D2BFA7
:10A3E000024AFFF7CFBF00BFF95401008DFA000009
:10A3F0000F4B70B51B6806460D4673B1052006F07D
:10A40000CDF9044688B10123C0E9016501462370F6
:10A4100007480BF039F920B970BD06480BF0F8F980
:10A42000ECE72146052006F0E7F94FF0FF3070BD5C
:10A43000B8B400200417020030B505460C4683B0BE
:10A4400003F052FC114A124B4021124815601C6067
:10A450000BF0FEF870B910480BF074F990B90824AD
:10A460004FF4806300220D4900940D480BF09CF9D5
:10A4700003B030BD0B480BF0CBF907480BF062F985
:10A480000028ECD008480BF0C3F9E8E7C0B400207E
:10A49000BCB40020B8B40020B4B40020CDA20000A9
:10A4A0005C17020014170200381702000146014829
:10A4B000FFF79EBFC9A200008A7C837C00B51343CE
:10A4C000D1F80EC0837491F813E0D0F80E30C27C3E
:10A4D00043EA0C0342EA0E02C0F80E30C2740A7D51
:10A4E000037D134303758B7883708B7A83720B889B
:10A4F00003800B7B03735DF804FB00BF00234FF068
:10A50000100C1F4A12780A3250F82220C1E9003399
:10A51000C1E90433CB608B608B6181F80EC0136C92
:10A520009BB181F80FC0536CCBB181F810C0436868
:10A5300023B94023CB7440230B757047402301227D
:10A54000CB7440234A740B757047536C8BB181F800
:10A5500010C04368002BEED001234B74EBE7436837
:10A5600023B1012240234A74CB7470474023CB743B
:10A570007047436813B101234B747047704700BFA5
:10A5800090B5002070B50D4604462A46818982B0F8
:10A59000806801F06BFF4FF6FF729042A08128D0D7
:10A5A00003460222A0680DF1060106F01DFF0228F5
:10A5B00006461ED1A389BDF806000233A38102F02E
:10A5C0007BFE3246A5F80401A389A0680DF10601BF
:10A5D00006F00AFF02280CD1A389BDF80600023359
:10A5E000A38102F069FE03460020A5F8063102B0FF
:10A5F00070BD6FF00500FAE770B50D46418A82B074
:10A6000051BB044683681889A389984224D31388D0
:10A6100013B3013B138028464FF48A7212F0CEFF29
:10A6200029462046FFF7AEFF064610B1304602B07D
:10A6300070BDB5F80631A06803F40042A5F8082102
:10A640000422C3F30E01A389A5F806110DEB020144
:10A6500006F0CAFE042804D06FF00506304602B0AA
:10A6600070BDA38901980433A38102F029FE022260
:10A67000C5F80C01A389A0680DEB020106F0B4FE39
:10A680000228E9D1A389BDF802000233A38102F0B8
:10A6900013FEA389A5F81001A5F812310344A38184
:10A6A000C4E700BF70B5B1F806310C46012B054672
:10A6B000C2B005D0FF2B03D00026304642B070BD9B
:10A6C0000022294601A802F085F8C0B10026012227
:10A6D000294601A802F07EF80028EED1204601A903
:10A6E00001F0DEFE0028E8D0B4F80431212B1AD0A6
:10A6F000FF2B15D0102BE0D146F08006DDE7204679
:10A7000001A901F0CDFE0028E0D0B4F804610C2EC0
:10A710000CD0A6F1FF06B6FA86F676093601D6E722
:10A7200046F04006E8E746F04006C6E71026CEE7CA
:10A7300038B51E4B1B780A3350F8234094F8CA30C2
:10A7400094F8C950013384F8CA300BF02BF804EBAD
:10A750008505C5F88C0094F8CA3094F8C9200E2BF2
:10A76000134B09D80132A3FB0213DB08C3EB03131D
:10A77000D31A84F8C93038BD511CA3FB0103DB0890
:10A78000C3EB0313CB1A42F20F7104EB820204EB0A
:10A790008300D2F88C20D0F88C0084F8C930121ACB
:10A7A0008A429CBF012284F8C82038BD90B50020A1
:10A7B000898888882DE9F04F15461C46B2F8062195
:10A7C000B3F80631ADF5037D9A420ED00BD80123C4
:10A7D00000208C9A13700DF5037DBDE8F08FAE421A
:10A7E00000F08C80F3D20223F2E7B5F80431B4F81C
:10A7F00004219342EAD1212B07460E4627D0B4F814
:10A800001031B5F810219A46934228BF9246BAF10A
:10A81000000F70D04FF0000901E0CA4567D0B5F8CD
:10A8200012111FFA89F8414489B2B86806F0AAFEED
:10A83000B4F81231834608EB0301B06889B206F020
:10A84000A1FE834509F10109E7D0C0D9CBE74FF05C
:10A850000009B5F812111FFA89F8414489B2B868A5
:10A8600006F090FEB4F81231824608EB0301B0689E
:10A8700089B206F087FE824509F10109A6D1B9F136
:10A88000060FE6D1B5F812116A460631B86889B2EA
:10A8900001F0ECFD4FF6FF75A84231D0B4F812116B
:10A8A000B068063189B241AA01F0E0FDA84227D084
:10A8B000684601F0EDFD41A801F0EAFDBDF8046233
:10A8C000BDF800513446AE4228BF2C46002C86D03D
:10A8D0006B4641AA1C4401E0A34280D013F8010B4F
:10A8E00012F8011B8842F7D07FF671AF7BE7B5F80D
:10A8F0001021B4F810319A427FF468AF002367E763
:10A900006FF0050067E700BF2DE9F04FB0F80AA02F
:10A9100098460B8BC9B0BAF1030FB1F80CB0ADF883
:10A920000A3048D806460C469146BAF1000F3FD08F
:10A9300000250DF109070EE043462146204603AAF3
:10A940000097FFF737FF88B93A787389022A10D049
:10A950000135AB4223DD36F8153020460DF10A02F1
:10A9600003A9A381FFF748FE0028E5D049B0BDE860
:10A97000F08FAB4203F1010708DB7A1B681C520021
:10A9800006EB400006EB450112F0FEFD002026F824
:10A9900015907781A4F80CB049B0BDE8F08F55460A
:10A9A0005F1C26F8159000207781A4F80CB0F3E71F
:10A9B00055460127EAE74FF0FF30D7E7826838B500
:10A9C000128983899A421CD3438A0446CBB10D462F
:10A9D000013B002143824FF48572284612F0EEFDC0
:10A9E00029462046FFF7CEFD00B138BDB5F8063147
:10A9F00003F40042C3F30E03A5F80821A5F80631BD
:10AA000038BD6FF0050038BDF0B5B1F804310D4622
:10AA10000C2B0446C3B00FD0FF2B0DD001AE002786
:10AA2000184B30461B780A3354F8231001F0DCFD34
:10AA3000A8B1384643B0F0BD6368002BEED001AE3C
:10AA40003046211D01F068FD0028E8D13146284636
:10AA500001F026FD071E18BF01277F00E0E7314601
:10AA6000284601F01DFD0028E3D06368002BE0D0EC
:10AA7000B5F80431012B01D0FF2BDAD147F00107E3
:10AA8000D7E700BF90B5002070B5C2B0044601A85A
:10AA90000E4601F0E7FD78B100250022214601A80D
:10AAA00001F03AFEF8B10122214601A801F034FE7E
:10AAB00040B3284642B070BD304601A901F0F0FC19
:10AAC0000028E9D0B6F804510C2D2FD0A5F1FF05D0
:10AAD000B5FA85F500226D09214601A82D0101F086
:10AAE0001BFE0028DFD1304601A901F0D9FC002867
:10AAF000D9D0B6F804310C2B01D0FF2BD3D145F0BF
:10AB00002005D0E7304601A901F0CAFC0028D0D0CA
:10AB1000B6F80431212B06D0FF2B09D0102BC8D159
:10AB200045F08005C5E745F04005C2E71025B4E7CC
:10AB300045F04005F4E700BF2DE9F04FAF4B9346D9
:10AB40001B78CA8A0A3350F823C0ADF54F7D002A1E
:10AB500052D08A46CDE902C001F116080CF148092D
:10AB600003E0BAF81630002B46D04246504689A979
:10AB7000FFF742FD002840D189A801F089FCBDF80B
:10AB80002833FF2BEDD0BDF82A33FF2BE9D0012B62
:10AB90009BF8114035D078230193029B0BF11305EC
:10ABA00003F1400454F8047BF7B1BDF82A33012BBC
:10ABB00001D0FF2B18D1384689A92E78FFF764FF02
:10ABC000064016F0100341D176B1019A5108CC9A93
:10ABD0008A4209D9BDF828230C2A00F09580720614
:10ABE0003BD4330600F1B9804C4505F10105D9D1BC
:10ABF000BAF81630002BB8D100200DF54F7DBDE816
:10AC0000F08F039889A9FFF7FFFE0440C3D0CC9BC7
:10AC10003C2BC0D9BDF828330C2B00F0B780E007DF
:10AC2000B9D5BDF83433042BB5D1039ABDF836132A
:10AC3000DAF80800043206F0D5FC0028ABD19BF806
:10AC4000113023F001038BF81130A4E741F2941284
:10AC500040F6CA0110230192B9E7BDF8366302221B
:10AC60003346DAF808000DF11A0106F0BDFB0228A0
:10AC7000BAD10490BDF81A0002F01EFB049A002815
:10AC8000B2D1B31CDAF808009BB20DF11A0106F03C
:10AC9000ABFB0228A8D10490BDF81A0002F00CFB0F
:10ACA000049A0028A0D1331DDAF808009BB20DF1F8
:10ACB0001A0106F099FB022896D1BDF81A0002F09D
:10ACC000FBFAB7F88E3183428ED107ABB11D1A461D
:10ACD00089B2DAF808001F4601F0C8FB029906465F
:10ACE00048A801F081FC4FF6FF739E423FF47CAF11
:10ACF000384648A901F0D4FB00283FF475AF2B7803
:10AD000023F040032B706FE7049307AB1A46BDF89E
:10AD10003613DAF80800059301F0A8FB4FF6FF722E
:10AD200090423FF461AF049B002B54D1B1067FF5F4
:10AD30005BAF3946012248A801F0EEFC00287FF401
:10AD400053AF059848A901F0ABFB00283FF44CAF86
:10AD50002B7823F020032B7046E7384602F040F8AA
:10AD6000BDF83423B7F8003193427FF43DAF3A4643
:10AD7000BDF83613DAF8080006F034FC00287FF43A
:10AD800033AF2B7803F07F032B702DE7BDF836131C
:10AD900007AADAF8080001F069FB0299054648A8FD
:10ADA00001F022FC4FF6FF739D423FF4F4AE002801
:10ADB0007FF4F1AE48A907A801F072FB00283FF428
:10ADC000EAAEA4077FF5E7AE9BF8113023F002034B
:10ADD0008BF81130DFE60022394648A801F09CFCD0
:10ADE0000028A3D1059848A901F05AFB00289DD05E
:10ADF0002B7823F010032B7098E700BF90B500204C
:10AE0000024B1B780A3350F82300704790B500209E
:10AE1000014B1868704700BF8CB5002070B5044620
:10AE20000AF03EFDFCB1134E33780A3354F8235038
:10AE3000EDB11148214609F08DFF286C08B105F0ED
:10AE4000FBF9686C08B105F0F7F90C49204604F0ED
:10AE500035FD284605F0F0F90022337810460A3314
:10AE600044F8232070BD06480AF0D2FCDBE76FF0FF
:10AE7000050070BD90B5002075B00000C03902001B
:10AE800064170200044B1B780A3350F82300003883
:10AE900018BF0120704700BF90B5002070B5044670
:10AEA0000D4616460AF0FCFC34B1324629462046CF
:10AEB000BDE8704001F05CBA04480AF0A9FC3246D3
:10AEC00029462046BDE8704001F052BA8C170200B6
:10AED000012810B5044602D907480AF099FC4FF43E
:10AEE000AA72064B02FB0433D3F8442112B10022AC
:10AEF000C3F8442110BD00BFBC17020094B5002068
:10AF00002DE9F04F0E4615461F46044683B018B192
:10AF100012F014FC3F2860D8304612F00FFCFF28D6
:10AF20005BD80E9B002B58D0012D56D8DFF8B8A067
:10AF3000DAF8442142B1DAF898224FF0FF30002AC3
:10AF400041D003B0BDE8F08F40239046D146CDE913
:10AF500000324FF4AA7B00215A46484612F02EFBDD
:10AF60000C220BFB08A80C9BA8F84C51C8F84431E4
:10AF70000D9B88F84E21C8F848313DB93046184934
:10AF800012F0C5FB10B90122A8F8502100983146F3
:10AF9000504401F037FA54B1204612F0CFFB3F285D
:10AFA0000246214628BF3F22484612F0BAFB0E9BBC
:10AFB000019C394648460B4A1C7002F067F9002094
:10AFC00003B0BDE8F08F4FF001084FF4CA730AF5E3
:10AFD000AA790093CDF80480BBE76FF00500B0E7D5
:10AFE000E0170200C039020094B5002010B50446F5
:10AFF00088B00AF055FC5CB11C4B1B780A3354F83E
:10B0000023302BB193F84920032A01D962680AB989
:10B0100008B010BD00224FF0010C0320196C039200
:10B020000592CDE90122CDE906228DF80EC08DF8FA
:10B030001500049211B1F0228DF817205B6C13B14A
:10B04000F0238DF8183041F2E9428423084901A821
:10B0500002912146ADF80C208DF8063001F0E8FF92
:10B06000204608B0BDE8104002F050B890B500206E
:10B07000E00000FB30B5344B04461B7889B00A333E
:10B0800050F8235095F84930022B20D9033B012B6F
:10B090001BD895F848204AB904212C4B85F8C820C4
:10B0A0001B6885F849100BB1012198472046FFF72E
:10B0B0009DFF95F848300133DBB2012B85F848300D
:10B0C00039D94FF4A063A5F8483009B030BD4368C2
:10B0D000ABB995F84830022B0CD81BB195F8C830A5
:10B0E000012B2CD02246FA20194909B0BDE8304086
:10B0F00009F018BE4FF44073A5F84830F2E701A9F3
:10B10000FFF7FCF9002241F2E9431248ADF80420B0
:10B11000029008462146ADF80C3001F089FF002866
:10B12000D7D1022295F8483085F849200133DBB2A7
:10B1300085F84830CFE722464FF47A70D4E72246AC
:10B1400041F28830D0E700BF90B5002080B50020E4
:10B1500075B00000E00000FB70B504460D460AF033
:10B160009FFBC4B1104B1B780A3354F8236096B18F
:10B1700021460E4809F0EEFD4FF4807296F8C83073
:10B18000A6F84820012B224606D02846BDE870408C
:10B19000064909F0C7BD70BD41F28830BDE8704076
:10B1A000024909F0BFBD00BF90B5002075B0000096
:10B1B0002DE9F04F0546ADF2EC5D0C460DA9FFF709
:10B1C0009DF92422002114A812F0F8F92822002168
:10B1D0001DA812F0F3F9284614AA0DA901F012FED9
:10B1E000002857D10C23064601460246ADF88030B0
:10B1F000BDF8563063F30F0063F31F402190BDF894
:10B20000580060F30F0660F31F46BDF85A002296FF
:10B2100060F30F0160F31F412391BDF85C10149897
:10B2200061F30F0261F31F4224921F907BB36AA95E
:10B230001DA8FFF7C3FB48BBB4F80C80BDF88070B5
:10B24000BDF886600FE0204627A9FFF7B7FBE8B9F5
:10B25000BDF8A231012B01D0FF2B17D16AA927A875
:10B2600001F01EF900BB638A002BECD1238AA4F8FD
:10B270000C806382238BADF880706383BDF88C30C3
:10B28000ADF88660ADF88E30002ED0D11F9808B191
:10B2900005F020FE0DF2EC5DBDE8F08F2046ADA973
:10B2A000FFF78CFB0028F1D1638A002BF6D13346DF
:10B2B00043B1ADA91DA8FFF781FB0028E6D1BDF879
:10B2C0008630F5E7CDE90A330C93BDF88E301BB319
:10B2D0000DF18E020DF2D4411DA8BDF88090FFF74C
:10B2E0008BF90028D2D1BDF8AC32FF2B03D0BDF8CA
:10B2F000D8259A42E9D10DF2D4416AA801F0D0F8DC
:10B300000028E2D04A460DF2D4431DA90AA8FFF74F
:10B31000FBFA0028D9D0B9E70023CDE9073304F1BF
:10B320001A0A0993638BFBB152462046F0A9B4F880
:10B330000C90FFF761F90028A8D1BDF8AC32FF2BC3
:10B3400003D0BDF8C4249A42ECD1F0A96AA801F058
:10B35000A7F80028E6D04A462146F0AB07A8FFF739
:10B36000D3FA0028DED091E7BDF82610BDF832C030
:10B370000A46614528BF6246BDF88C30ADF88E3074
:10B38000238B6383002A42D00DF1280B04F11A03AA
:10B390000BEB4202059602951E461546CDE9031CAD
:10B3A0000DF11C090DF11B0A1FE039F8023B324672
:10B3B0002046A381F0A9FFF71FF900287FF466AFAC
:10B3C0002146CDF800A0F0AB0DF2D4421DA8FFF746
:10B3D000F1F900287FF45AAF9AF80030022B3FF4BD
:10B3E00055AF012B22D0AB450DD03BF8023B0DF100
:10B3F0008E020DF2D4411DA8ADF88030FFF7FCF8A5
:10B400000028D2D042E7059E029DDDE9031C61457C
:10B410003FF42CAFFFF43AAF2846FFF789F92846EE
:10B420004FF47A71FFF798FE1F9830E7029DF3E71B
:10B430002DE9F04FDFF8B4930F4699F80030064637
:10B440000A3351F823B0CFB09BF849309A1E012A35
:10B450006DD9043B012B5CD8002299F80030718A29
:10B460000A33CDE90222CDE90422CDE9062257F8BC
:10B4700023A0089200293AD009AC0AF14408CDF87B
:10B4800000B021463046FFF799FA002841D1204606
:10B4900000F0FEFFB4F808311BB14FF001038DF846
:10B4A0001330B4F80631012B3BD0FF2B39D00020EC
:10B4B0009DF819300AF13C0B18438DF819000DF175
:10B4C0001B055BF8040F48B1B4F80621012A23D00C
:10B4D000FF2A21D000202A7810432870D84505F192
:10B4E0000105EED1738A002BCBD1DDF800B03146D7
:10B4F000384602AAFFF720FB58B9346A14B929E08C
:10B50000246A3CB32146384602AAFFF715FB0028FF
:10B51000F6D04FB0BDE8F08F2146FFF7B5FAC0B2C4
:10B52000D9E721463846FFF76FFAC0B2C0E7038A71
:10B53000002BEED0838A002BEBD1038B002BE8D0BD
:10B54000838B002BE5D101463846FFF731FE9BF88F
:10B5500049307EE799F800300A3357F823A0738BFF
:10B56000002B4BD009AC06F11A080AF14409CDF8BA
:10B5700004B002E0738B002B3ED042462146304699
:10B58000FFF73AF80028C4D1204600F081FFB4F854
:10B590000431FF2BEED0B4F80651FF2DEAD0012D77
:10B5A0009DF819B008D121463846FFF72DFA1BEA5D
:10B5B000000F18BF8DF81550009626460AF13C057D
:10B5C0000DF11B0B55F8040F78B1B6F806319BF856
:10B5D0000040012B01D0FF2B07D13146FFF754FA71
:10B5E00004421CBF01238DF81530A9450BF1010B56
:10B5F000E8D13446009EBDE7DDF804B09DF8161092
:10B600009DF819309DF81B200B439DF8171013432C
:10B610000B439DF81C109DF818000B4303433FF4A7
:10B6200078AF41F2E9408423B4888DF80A3084422F
:10B63000338A6DD0012B7FF46CAF114300228DF85B
:10B640001220F2898DF81430ADF8082001F0300393
:10B650009DF8151073BB002964D19BF86C109DF800
:10B660001320002900F0AD80002A3ED1F288002A84
:10B670003BD19DF81420002A37D19BF84D20002B98
:10B6800000F0A780002A7FF444AF02A90BF150001C
:10B69000FEF712FF09F0CCFF64240146B1FBF4F57C
:10B6A00005FB141138464D4A0BF14C03143101F0DF
:10B6B000D1FD2EE79DF81510002933D19BF86C10B1
:10B6C0009DF81320002971D0002A4DD1F388002B5A
:10B6D0004AD19DF81430002B46D111461A46012359
:10B6E0000029CAD052B1002B3ED13368394602A896
:10B6F0000393ADF8104001F09BFC0AE71BB302A9CD
:10B700000BF15000FEF7D8FE01238BF84C3000E718
:10B71000012083428DF81200CCD142EA010303F0EC
:10B72000300395E79DF813209BF86C30002A46D132
:10B730009BF84E00002848D1F388002BD5D19DF806
:10B740001430002BD1D141F2E943254A394602A8F1
:10B750000392ADF8103001F06BFC00287FF4D9AEF5
:10B76000384601F0D3FCD4E69BF86D30002B7FF413
:10B77000D0AE336802A9CBF87430B3880BF17000F7
:10B78000ABF87830FEF798FE09F052FF01466425C9
:10B79000144C3846A4FB0164640905FB1411124AD9
:10B7A0000BF16D03143101F055FDB2E6F388002B67
:10B7B000DAD101239DF81400002891D093E7002BE3
:10B7C00093D1F0880028F5D08FE7002BEED00A4601
:10B7D0007CE7002A7FF49DAEB5E700BF15D20000DC
:10B7E000E00000FB1F85EB51D9D0000090B5002090
:10B7F00070B583680546D87B05F05AFA014628469D
:10B80000FFF716FE154B1C68AC4223D02CB1636ABF
:10B81000AB4205D01C46002CF9D1114809F0F8FFC5
:10B820006B6A63622C6A64B10E4E236AA0682B6255
:10B8300005F050FB2146304604F0BCFF2C6A002C7A
:10B84000F3D1A86805F046FB2946BDE870400548DD
:10B8500004F0B0BF6A6A1A60E4E700BF7CB500205C
:10B86000F4170200B03902002DE9F84F06460F46E2
:10B8700090469946BDF828B00AF012F8002E5DD027
:10B88000324B1B780A3356F823A0BAF1000F59D077
:10B89000384611F053FF3F2854D8404611F04EFF70
:10B8A0003F284FD8B9F1010F4CD8DAF840503DB1DC
:10B8B000DAF844301BB14FF0FF30BDE8F88F0125B6
:10B8C0004FF4C871012004F0CDFE04460028F2D0E8
:10B8D000384611F033FF3F280246394628BF3F2241
:10B8E00004F5827011F01DFF404611F027FF3F283C
:10B8F0000246414628BF3F2204F5A27011F011FF15
:10B900000B9BA4F88C91C4F884310C9BA4F88EB1E5
:10B91000C4F8883105F110034AF8234009F088FE85
:10B920000146FA220A4B3046A3FB01431B0902FBE6
:10B930001311FFF711FC68B2BDE8F88F054809F054
:10B9400067FF9DE76FF00500B7E700BF90B50020E7
:10B95000D34D621020180200F8B505460E4609F0D6
:10B960009FFF002D47D0304611F0E8FE3F2842D817
:10B97000244F3B780A3355F8233013B1224809F09D
:10B9800047FFCC21012004F06DFE0446B0B33B78A4
:10B990000A3345F82300304611F0D0FE3F28024616
:10B9A000314628BF3F22204611F0BBFE41F2E94359
:10B9B000164A284616496265A4F8583003F030FF4D
:10B9C000064670B909F034FE0146FA22114B2846AA
:10B9D000A3FB01431B0902FB1311FFF7BDFB30461C
:10B9E000F8BD204604F028FC00223B7830460A339C
:10B9F00045F82320F8BD6FF00506F0E74FF0FF365D
:10BA0000EDE700BF90B5002048180200E00000FB01
:10BA1000C0390200D34D6210224B1B780A3350F814
:10BA20002330002B3CD070B515460A0706460C465D
:10BA300012D52B781BB914F47C7F22D170BD09F08C
:10BA4000F7FD0146FA22184B3046A3FB01C31B0940
:10BA500002FB1311FFF780FB6307ECD52B78002B5B
:10BA6000E9D009F0E5FD0146FA220F4B3046A3FB71
:10BA700001531B0902FB1311FFF76EFB14F47C7FCB
:10BA8000DCD009F0D5FD0146FA22074B3046A3FB76
:10BA90000143BDE870401B0902FB1311FFF75CBBBB
:10BAA000704700BF90B50020D34D62102DE9F04FD4
:10BAB000054641F2E9420846A44BADF24C4D1B78D5
:10BAC0000391A9880A33914250F823B023D16E8A9A
:10BAD0002EB39F4FCDAC07F5AA7816E0D7F84431C6
:10BAE00033B121463846FEF7DDFD002840F0658180
:10BAF000D7F8983233B121464046FEF7D3FD0028EF
:10BB000040F05D8100266B8A4BB121462846FEF746
:10BB100055FF0028E2D00DF24C4DBDE8F08F698B47
:10BB2000EA8A0A44E98B0A4492B2ADF81C20002A42
:10BB300000F0C9804FF00109CDAC3FE02146B6F8D6
:10BB4000402106F1400011F00FFD00285BD1D6F82E
:10BB500044312BB3B8F10C0F2BD14FF00308B4F8DC
:10BB60001211A86849AA05F07BFC81460028D2D0B2
:10BB7000B4F804310C2B00F0AE80212B00F0CB8008
:10BB8000D6F848214168BDF8243100921944204676
:10BB90004346B4F81021D6F84471B8474FF0000975
:10BBA0009BF849309A1E012A53D9043B012B40F2DD
:10BBB000D780BDF81C30002B00F085802146284638
:10BBC00007AAFEF719FD0028A5D1204600F060FC69
:10BBD000B4F80481B8F1FF0FEBD0B4F80631012BB3
:10BBE000E7D186B1B6F85031002BA7D1D6F8443151
:10BBF000002BD5D0BDF81C80B8FA88F84FEA581849
:10BC000049EA4808ABE7524BD3F8443133B12146F7
:10BC10004F48FEF747FD002840F012814C4BD3F807
:10BC20009862002EBCD021464A48FEF73BFD0646EE
:10BC30000028B5D0474ED6F84431002BB0D0B6F826
:10BC40005031BDF81C20002B00F07681B4F804813F
:10BC500080E759468AA800F0C7FC804600285DD0DE
:10BC6000DBF840100BF1400849B101228AA84FF0DF
:10BC7000000A00F051FD70B1BAF1000F99D158F8E7
:10BC8000041F002995D001228AA84FF0010A00F074
:10BC900043FD0028F0D104908AA9204600F000FC62
:10BCA0000028E9D0039C2046FEF742FD21462A48A1
:10BCB00009F050F8294B1B682BB1049A2046114615
:10BCC0000AF1010298470023EB826B83EB830DF2AC
:10BCD0004C4DBDE8F08F4FF0000AB4F81211A8687F
:10BCE000514489B20DF22E2200F0C0FB4FF6FF73D3
:10BCF000984274D0B4F80431BDF82E23212B60D0C3
:10BD00000DF22E21D6F8480143460090D6F8447132
:10BD10002046B84742E74FF0060ADEE720468AA9E8
:10BD200000F0BEFB00289BD0039C2046FEF700FDE0
:10BD30002146094809F00EF8084B1B68002BC2D0B9
:10BD40004246414620469847BDE700BF90B50020D7
:10BD500094B50020E8B6002075B0000080B5002042
:10BD6000594608A800F040FC00285BD0002304934B
:10BD70000BF144031F46A0460BF13C0A5AF8044F4E
:10BD800034B10122214608A800F0C6FC002838D0B2
:10BD90005745F3D1049B4446002B3FF40AAF09F00A
:10BDA00047FC0246FA21674B0398A3FB02431B0999
:10BDB00001FB1321FFF7D0F985E7634EA3E6634E3D
:10BDC000A1E6D9F80430BDF82411063258580B44C6
:10BDD0008A909B8892B2ADF82C328AA992E7B4F887
:10BDE0001021BDF82431D9F80410A2EB0A02534403
:10BDF00092B219440DF22E20ADF82E2311F091FCD1
:10BE000078E7404608A900F04BFB0028C0D0B8F8FE
:10BE10000431212B1DD0102B29D05745BFD0012331
:10BE20000493ABE7204608A900F03AFB00289DD018
:10BE3000B4F804A1BAF1010F04D00123049397E7E9
:10BE4000414EF8E6B4F81031042B24D0CDF810A000
:10BE50008EE7B8F812310222A8680DF11E01049392
:10BE600005F0C2FA022822D00123049390E720466D
:10BE700000F0B6FFB8F81021B4F800319342CCD1ED
:10BE80002246B8F81211A86805F0ACFB031E18BFD3
:10BE9000012304937CE7039AB4F81211A8680432D2
:10BEA00005F0A0FB031E18BF0123049360E7059073
:10BEB000BDF81E0001F000FA059A0028D4D1049BB9
:10BEC000A86802339BB20DF11E0105F08DFA02281D
:10BED000CAD10590BDF81E0001F0EEF9059A0028C0
:10BEE000C2D1049BA86804339BB20DF11E0105F07A
:10BEF0007BFA0228B8D1BDF81E0001F0DDF9B4F8D4
:10BF00008E318342B0D1049949AA063189B2A8681A
:10BF100000F0ACFA594604468AA800F065FB4FF6DB
:10BF2000FF739C42A0D08AA949A800F0B9FAB0FAE0
:10BF300080F35B0904932BE7B2FA82F2520949EAD3
:10BF400042080CE6D34D621094B50020E8B60020FC
:10BF50002DE9F04F7149724F09787E680A3156F821
:10BF600021108FB01446BDF86080002969D0994631
:10BF70000C220023204601A905F036FA0B2860D9CF
:10BF80009DF8065015F078055BD1294622220DF167
:10BF9000160011F013FB0C23D9F800B0BDF8040013
:10BFA000ADF81C30ADF81480CDF810B0069401F057
:10BFB00083F9ADF81E00BDF8080001F07DF92B46AD
:10BFC000814669F30F0369F31F43BDF80A00089324
:10BFD00001F072F92B4682466AF30F036AF31F439E
:10BFE000BDF80C00099301F067F92A46034663F394
:10BFF0000F0263F31F42BDF80E000A9201F05CF9D4
:10C00000484A7B6960F30F0560F31F4593420B9527
:10C0100008D001223B69ADF8162072685340B2681F
:10C0200013420ED19DF906309DF80620002B70DBDF
:10C03000B9F1000F0BD093073BD4314604A8FFF7AA
:10C04000F7F9204604F046FF0FB0BDE8F08FBAF1D3
:10C05000000FF2D0344B1D681DB9EEE76D6A002D5C
:10C06000EBD0AB884345F9D12B685B45F6D12F481F
:10C0700004F088FB84460028E3D0664604AF0DF147
:10C08000300E3C4610360FCC744507F1100746F8C9
:10C09000100C46F80C1C46F8082C46F8043CF0D16D
:10C0A00003CF306071602B6ACCF82030C5F820C017
:10C0B000CAE71E4804F066FB07460028C1D00546C3
:10C0C00004AE0DF1300C344610350FCC644506F14A
:10C0D000100645F8100C45F80C1C45F8082C45F8DE
:10C0E000043CF0D103CE104B696028601A681F60D1
:10C0F0007A6209F09DFA64240D4B3A46A3FB005383
:10C100005B0904FB13000B4900F5C87008F00AFE38
:10C110009AE7314604A8FFF7C9FC92E790B50020E2
:10C12000D8BC0020E00000FB7CB50020B039020044
:10C130001F85EB51F1B7000010B54FF42A720021B2
:10C14000164811F03BFA164804F0C8FA2E2009F000
:10C15000A5F9144C2060D8B1FF2341F2E9421249FD
:10C16000437708F09BFF78B900221049206809F056
:10C1700057F904F089FD02460D4B0E491A700E481E
:10C18000BDE8104004F0AABD0C4809F041FBEBE704
:10C190000B4809F03DFB2068DEE700BF94B50020A6
:10C1A000B03902008CB50020D839020051BF000020
:10C1B00090B5002019BA000084B500208018020054
:10C1C00068180200062B2DE9F84342D0984607462E
:10C1D0008946164613E0FF2B3BDCB4542B4622461F
:10C1E0003846A6F800C105F0FFF8844225442BD15B
:10C1F000B6F800311FFA85F92344A6F80031494604
:10C20000384605F0BFF900F0C00209F10105C02A67
:10C210000446ADB200F1010320D03F2819D8B6F88A
:10C22000002102F1010C10441FFA8CFCFF2806EBE0
:10C230000C0113440DDC002CCDD1531CB454A6F8D2
:10C2400000312846BDE8F883B6F80031013BA6F876
:10C2500000314FF6FF752846BDE8F8833B89AB42B5
:10C26000F7D92946384605F08DF9230203F47C53AB
:10C2700003431AB20B2A99B2EBDD3B898B42E8D912
:10C2800008F1010332463846FFF79CFF4FF6FF7373
:10C290009842DED009F102091FFA89F5D1E700BF03
:10C2A0000B462DE9F04F0446C7B01D880021934688
:10C2B00005A84FF48272029311F080F900232946F9
:10C2C000204605AAFFF77EFF4FF6FF7398423ED047
:10C2D000029BBBF80071B3F800C05D46A0EB0C01F7
:10C2E000C9B287B34FF0000ABDF814915FFA87F81E
:10C2F000A9EB0803DBB29B4654462B46CDF80CC095
:10C300000191A8EB0402D2B24A4512D80BEB040605
:10C31000F6B205A9022A03EB0400314406F1020C2F
:10C3200007D90093019B9C450DDA11F01DF9009B84
:10C3300098B12A78013452FA84F4E4B20132A74267
:10C34000A2461544DDD8384647B0BDE8F08FBBF8AB
:10C350000071384647B0BDE8F08F57463846DDF8E3
:10C360000CC0029B66441E8047B0BDE8F08F00BF42
:10C370003F2A1FD838B504461546B0F800013AB92F
:10C38000FF281AD8431C2254A4F80031002038BDDD
:10C39000531C0344FF2B10DC2254013080B2A4F85C
:10C3A0000001204411F0BDF9B4F800312B44A4F889
:10C3B0000031EBE76FF0050070476FF0050038BD06
:10C3C00038B5B1F800510446B0F8000175B16B1CE6
:10C3D0000344FF2B12DC2A46204411F0A2F9B4F8E2
:10C3E000003100201D44A4F8005138BDFF2805D8B5
:10C3F000431C25540020A4F8003138BD6FF005001F
:10C4000038BD00BF70B50026B0F800C1054600F881
:10C410000C600A78844400F580740CF10103D2B1F9
:10C420009C420CD817E003F8012C9CF80020013244
:10C430008CF8002011F8012F6AB1A34212D02E2AE5
:10C440009E4603F10103EED103F8016C11F8012FB0
:10C45000F446002AF1D19C4204D05B1B0020A5F8D1
:10C46000003170BD6FF0050070BD00BF70B514469F
:10C470000E4605464FF482720021204611F09EF8C8
:10C48000224631462846BDE870400023FFF79ABE99
:10C4900001E0013318440378002BFAD1704700BF44
:10C4A0000B46B0F80011B3F80021914201D00020F2
:10C4B00070472DE9F0410478074602461E78ACB972
:10C4C000B44224D10120BDE8F0819A42F8D2A642BC
:10C4D0001AD122464146284600F0F4FE2A1908EBFC
:10C4E000040388B92C5DACB1B7F800111E7803F1D4
:10C4F0000108551C7B18002EE7D10F44BA4234BF07
:10C5000000200120BDE8F0810020BDE8F081B7F8EF
:10C510000011F2E71E78D3E700285CD070B50E4614
:10C5200082B0002954D04FF482720021044611F0E9
:10C5300045F8351D042115F8012D0DEB010000F023
:10C54000DFFE01A811F0FAF8024601A92046D2B296
:10C55000FFF70EFF0346A8BBB542EBD1B4F80011BC
:10C56000F72932D84FF0070E1D4D4A1C92B22868A9
:10C57000B5F804C0AD79A61804F801E0A4F80021CC
:10C58000A050A6F804C0B571B4F8001101EB0E027A
:10C5900092B2FA2AA4F8002117D8042511480831CC
:10C5A000006889B2A554A4F800116050B4F80011D5
:10C5B0004A1992B2FF2AA4F8002106D80531A354E3
:10C5C000A4F80011184602B070BD6FF00503F9E73A
:10C5D0006FF00F03F6E76FF00F031846704700BFC8
:10C5E000941802009C18020038B50D464FF4827270
:10C5F0000021044610F0E2FF7DB3284611F09EF8BA
:10C60000024629462046D2B2FFF7B2FE034608B1E1
:10C61000184638BDB4F80011F9291ED84FF0050EA0
:10C620000F4D4A1C92B228682D7904EB020C04F8D5
:10C6300001E0A4F80021A0508CF80450B4F80011D7
:10C6400001EB0E0292B2FF2AA4F8002105D80631B0
:10C65000A3541846A4F8001138BD6FF00503D7E7BE
:10C66000A41802002DE9F84304464FF48272002119
:10C6700010F0A4FF244B4FF0090903CB93F800807E
:10C6800023464FF0120C0727204D03F8019BAE887C
:10C69000C4F8010095F806E02868596083F808801E
:10C6A0000422C4F80B001A492046A772A4F80F60B0
:10C6B00084F811E0A4F800C1FFF75AFE034610B158
:10C6C0001846BDE8F883B4F80011F92918D80527F1
:10C6D000104D4A1C92B228682D79A6186754A4F808
:10C6E0000021A0503571B4F80011CA1992B2FF2A86
:10C6F000A4F8002104D80631A354A4F80011DFE700
:10C700006FF00503DCE700BFAC180200B8180200A8
:10C71000C0180200A418020070B514460E464FF46B
:10C7200082720021054610F049FF64B106F582745B
:10C73000204611F003F8024621462846D2B2FFF700
:10C7400017FE034660B906F5A274204610F0F6FF06
:10C75000024621462846D2B2FFF70AFE034608B138
:10C76000184670BD194BB6F88C2153F8224020466C
:10C7700010F0E4FF024621462846D2B2FFF7F8FD4A
:10C7800003460028ECD1B5F80011F9291BD84FF069
:10C79000050C0F4C4A1C92B220682479AE1805F89B
:10C7A00001C0A5F80021A8503471B5F8001101EBC3
:10C7B0000C0292B2FF2AA5F8002104D80631AB542E
:10C7C000A5F80011CCE76FF00503C9E7C4390200F2
:10C7D000A418020070B514460E464FF48272002170
:10C7E000054610F0EBFE54B1304610F0A7FF0246AC
:10C7F00031462846D2B2FFF7BBFD034630B9284682
:10C8000006F14001FFF7DCFD034608B1184670BD94
:10C81000194BB6F84C2153F82240204610F08EFFF9
:10C82000024621462846D2B2FFF7A2FD0346002861
:10C83000ECD1B5F80011F9291BD84FF0050C0F4CBD
:10C840004A1C92B220682479AE1805F801C0A5F8F8
:10C850000021A8503471B5F8001101EB0C0292B21E
:10C86000FF2AA5F8002104D80631AB54A5F8001121
:10C87000CCE76FF00503C9E7C4390200A418020031
:10C880002DE9F04391F8027188460546B1F8006140
:10C8900083B02FB1002E38D1002003B0BDE8F08363
:10C8A00000F10C0400F120090BE042460DF10601F5
:10C8B000FFF7F6FC864284BF0646BDF806704C457D
:10C8C0000BD034F8023FADF80630002BF7D02868C3
:10C8D0000028EAD1B8F80001ECE7BEB9002FDBD0A0
:10C8E00047F4404000F0E8FC0222ADF80600AB88B7
:10C8F00028680DF1060104F0F9FD0028CDD1AB88C0
:10C900000233AB8003B0BDE8F083002741463246D6
:10C91000AB88286804F0EAFD0028BED105F10C03BD
:10C9200033F8022F42B101300A28F9D1AB881E44F6
:10C93000AE80002FD4D1AFE7AB8805EB4000C381B8
:10C94000F5E700BF08B5FEF75BFA002380F84D302D
:10C9500008BD00BF08B5FEF753FA002380F86C301D
:10C9600008BD00BFF0B5044600680F4616461D46D8
:10C9700083B0002839D0A388B7F800C102890CF130
:10C98000040C13FA8CFC94453BDC39462046FFF737
:10C9900077FF08B103B0F0BD304600F08DFC0222F5
:10C9A000ADF80600A38820680DF1060104F09EFD95
:10C9B0000028EFD1A388002D03F1020348F2010003
:10C9C000A38008BF012000F077FC0222ADF806002A
:10C9D000A38820680DF1060104F088FD0028D9D154
:10C9E000A3880233A38003B0F0BD4FF4207240F25D
:10C9F000AA51362004F0CAFA206010B10C23A3809B
:10CA0000BAE74FF0FF30C5E72DE9F0430446006870
:10CA100085B00D461646DDF834800F9F002857D0AC
:10CA2000A288B5F800C10CF10A0C1FFA8CFCB8F111
:10CA3000000F03D00E998C441FFA8CFC27B1B7F875
:10CA400000118C441FFA8CFC9444028994454DDCFF
:10CA5000324629462046FFF785FF0C9800F030FC4F
:10CA600004220390A388206803A904F03FFD60BB63
:10CA7000A68806F106091FFA89F9A4F80490B8F10E
:10CA8000000F0BD00E9B41469DB22A464B462068B4
:10CA900004F02CFDC8B9A3881D44A58027B13946F0
:10CAA0002046FFF7EDFE80B9A088A0EB090080B218
:10CAB00000F002FC0546331D022220689BB20DF1F6
:10CAC0000A01ADF80A5004F011FD05B0BDE8F0838D
:10CAD0004FF4207240F2AA513620019304F056FA26
:10CAE000019B206010B10C22A2809AE74FF0FF302A
:10CAF000EBE700BF10B50446C2B001A8FFF774FD14
:10CB00000123FF22204601A9FFF72CFF42B010BDF0
:10CB100010B50446C2B0012201A8FFF7FDFD0123B4
:10CB2000FF22204601A9FFF71DFF42B010BD00BF44
:10CB3000134630B50D46ADF5077D19460022044673
:10CB400004A8FFF7E9FD45A8FFF78CFD2B7BD3B1C7
:10CB5000E38873B10A220023204604AC0092CDE999
:10CB600001330C2245A90394FFF74EFF0DF5077D15
:10CB700030BD0C22204645A9FFF7F4FE0028F5D170
:10CB80000123E380E6E741F29412E4E770B506463C
:10CB9000C6B010460D461446FEF732F9014605A808
:10CBA000FFF722FD2B7BDBB1F3887BB10A23043432
:10CBB00001940093AB7A0024042501223046CDE98C
:10CBC000025405A9FFF720FF46B070BD0122304690
:10CBD00005A9FFF7C7FE0028F6D10123F380E5E79A
:10CBE0007823E4E72DE9F04117460D46ADF5087DC1
:10CBF00019460122044606A81E46FFF78DFD394658
:10CC000047A8FFF7F1FC2B7B93B30127E3888DF84E
:10CC10001E7223B34FF00A08002000F04DFB0346BC
:10CC20000020ADF8103000F047FBADF81200B6F868
:10CC30008E0100F041FB062647AB04AF0393CDF80D
:10CC40000080AB7AADF814002122204606A9019796
:10CC50000296FFF7D9FE0DF5087DBDE8F08121228F
:10CC6000204606A9FFF77EFE0028F4D1E780D1E731
:10CC70004FF07808D0E700BF70B514460E46ADF50A
:10CC8000067D00222146054604A8FFF745FD012246
:10CC9000214645A8FFF740FD337BD3B1EB8873B144
:10CCA0000A22002345AC009228460C22CDE901332C
:10CCB00004A90394FFF7A8FE0DF5067D70BD0C22B4
:10CCC000284604A9FFF74EFE0028F5D10123EB808A
:10CCD000E6E77822E5E700BF70B50546ADF5067DCD
:10CCE000104614460E46FEF78BF8014604A8FFF7DF
:10CCF0007BFC211D45A8FFF70FFC337BDBB1EB88E4
:10CD00007BB10A2204ACB37A039400240092284633
:10CD10000C22CDE9014445A9FFF776FE0DF5067D0D
:10CD200070BD0C22284645A9FFF71CFE0028F5D14E
:10CD30000123EB80E5E77822E4E700BFA9B130B535
:10CD40000C460546C3B00A7801A8FFF743FD00234F
:10CD5000284694F84E2101A9FFF704FE18B90020D7
:10CD6000EB880133EB8043B030BD0020704700BF3B
:10CD700070B51446C6B0012205460E4605A82146E8
:10CD8000FFF7CAFC4FF482720021204610F016FC17
:10CD9000D4F884311BB12046D4F888119847337BEE
:10CDA000DBB1EB887BB10A230093B37A0194B4F82A
:10CDB0000041102202940024284605A90394FFF79D
:10CDC00023FE46B070BD1022284605A9FFF7CAFD14
:10CDD0000028F6D10123EB80E5E77823E4E700BFE4
:10CDE00010B504464FF48272002110F0E7FBD4F82E
:10CDF00084312BB12046D4F88811BDE81040184783
:10CE000010BD00BF2DE9F04F85B015460C46074612
:10CE1000FDF7F6FFA16980462846FFF78FFF06461B
:10CE200018B1304605B0BDE8F08F3846FDF7E8FF91
:10CE3000A37B8246DB067AD40AF13C0B04F10F098E
:10CE40000AF1440A5BF8041F19B199F80030D806BA
:10CE50005AD4D34509F10109F4D1637C13F00109D7
:10CE600040F0AE809A0757D408F13C0304F1130B4D
:10CE700004F11502CDE90026DA461E460393029717
:10CE800056F8047F57B19AF80020D3065DD4900677
:10CE90006AD4510677D4130600F18680009B0AF10C
:10CEA000010A9A45ECD1DDE9016794F90230002BC3
:10CEB000C0F29180A2466B894B44DDF80C906B81E7
:10CEC00059F8044FBCB19BF80030980605D55906B7
:10CED00040F195801A0640F185809AF8112003F000
:10CEE000600302F00500034305D0D30703D47B6839
:10CEF000002B40F09280009B0BF1010B9B45DFD192
:10CF0000304605B0BDE8F08F2846FFF701FEB8B9FE
:10CF1000EB880133EB809CE73A4621462846FFF731
:10CF2000DBFE68B909F101091FFA89F99CE701469E
:10CF30002846FFF7DFFD18B9EB880133EB807BE76C
:10CF40000646304605B0BDE8F08F3A4621462846F1
:10CF5000FFF7EEFD0028F3D19AF8002009F101094E
:10CF600090061FFA89F994D53A4621462846FFF7DC
:10CF700083FE0028E4D19AF8002009F10109510646
:10CF80001FFA89F987D53B46424621462846FFF7D6
:10CF900029FE0028D4D19AF8002009F101091306CE
:10CFA0001FFA89F97FF57AAF3A4621462846FFF7FE
:10CFB000DFFE0028C4D109F101091FFA89F96DE7E4
:10CFC0003A4621462846FFF7E1FD0028B8D14FF048
:10CFD0000109637C46E72B89A2464B442B81DDF88F
:10CFE0000C906DE7224651462846FFF7C1FE002807
:10CFF000A6D1AB890133AB819BF800306DE72346A6
:10D00000424651462846FFF7EDFD002898D1AB89EE
:10D010000133AB819BF800305CE73A465146284625
:10D02000FFF7B4FD00288BD1AB890133AB8162E7F8
:10D0300070B505460E468EB02422002105A810F0DA
:10D04000BDFA2946304605AAFFF7DCFE0446002853
:10D050003AD1059B002B3BD0AB78BDF81A00029467
:10D06000CDE903448DF80A3000F026F9ADF80C0044
:10D07000BDF81C0000F020F90346BDF81E00ADF815
:10D080000E3000F019F9ADF81000BDF8200000F0E6
:10D0900013F903462888ADF8123000F00DF90C2280
:10D0A00002A9ADF80800059804F0E8F9BDF81810D9
:10D0B000059804F015F8FDF7ABFE2B89059900964D
:10D0C0002A1D08F013F90446059808B103F002FF81
:10D0D00020460EB070BD00BF10B50446FDF790FEAF
:10D0E000214604467030FFF7A3FF00B110BD84F85D
:10D0F0007200A4F88200C4F87A00C4F87E0084F8B4
:10D10000840084F86D00A4F8700010BD38B50546A1
:10D11000FDF776FE90F84D30044663B32946274864
:10D1200007F018FE2A464FF47A70244907F0FAFDFA
:10D13000012294F84E3084F84D204BB32946204804
:10D1400007F008FE2A46FA201D4907F0EBFD0122F0
:10D1500094F86C3084F84E2033B32946194807F010
:10D16000F9FD2A4647F23050164907F0DBFD01234E
:10D1700084F86C3038BD2A464FF47A700F4907F0B6
:10D18000D1FD012294F84E3084F84D20002BD5D1EA
:10D190002A46FA200A4907F0C5FD012294F86C30AE
:10D1A00084F84E20002BD8D12A4647F2305005494A
:10D1B00007F0B8FD012384F86C3038BD45C9000084
:10D1C000C9D1000055C9000038B50546FDF718FE65
:10D1D000002290F84C3080F84E2003B938BD044648
:10D1E00029465030FFF724FF03460028F6D184F883
:10D1F0005230A4F86230C4F85A30C4F85E3084F873
:10D20000643084F84C302846A4F85030BDE83840EB
:10D21000FFF77CBF38B50546FDF7F2FD2946044609
:10D220005030FFF705FF00B138BD034684F8523097
:10D23000A4F86230C4F85A30C4F85E3084F8643020
:10D2400084F84C302846A4F85030BDE83840FFF749
:10D250005DBF00BFF8B51C461B7806460F46154655
:10D260005BB10146104607F075FD32462946384647
:10D2700007F058FD01232370F8BD024629463846C1
:10D2800007F050FD01232370F8BD00BF002341F2D9
:10D29000E94C00B589B01268079001A80393CDE965
:10D2A00004330193ADF80CC002920693FFF7C0FE61
:10D2B00009B05DF804FB00BF40BA80B2704700BF00
:10D2C00000BA70478446F0B500E0BCB11CF8014BD1
:10D2D00011F801EB44F020057445A2EB0C03A5F115
:10D2E00061064EF0200703D0192E05D8BD4203D1A8
:10D2F000C318EAD11846F0BD0120F0BD2046F0BDAC
:10D30000012930B5054631D94B1E002A00EB030E2A
:10D3100026DB4FF00000E8542CD02846864526D95D
:10D3200082EAE273154CA3EBE27301E086451ED05E
:10D3300084FB03C24FEAE37CCCEBA20C0CEB8C0227
:10D34000A3EB420330330EF8013D6346002BEDD1D1
:10D350006A18A2EB0E027146BDE8304010F014B915
:10D360002D2400F8014B0024EC54D7E701D1002311
:10D370002B7030BD30232B8030BD00BF67666666E2
:10D380002DE9F04105468846224C234E04F1300732
:10D39000236863B1227AAA4209D14FF48A7000FB54
:10D3A00005604146626810309847002323600C34C2
:10D3B000BC42EDD14FF48A7303FB0563164E002483
:10D3C0003246D97BE3B2AB4204F1010402D0937A36
:10D3D000022B15D0042C02F58A72F3D103290DD843
:10D3E0000E4F57F8210008F025F84FF48A730022F9
:10D3F00003FB0566F37BF47347F82320BDE8F08157
:10D40000D37B8B42E6D14FF48A73042203FB05637E
:10D41000DA73F3E744B8002074B80020C8BC0020D9
:10D420002DE9F04F4FF48A74DFF880A1834604FBA6
:10D4300000A4E37A87B0012B03D9584808F0E8F933
:10D44000E37A574A52F8233043B94FF48A7404FB05
:10D450000BA494F81051002D00F098804FF48A74BA
:10D4600004FB0BF404F110075744384610F066F93A
:10D47000014612314FF42072362089B203F086FD46
:10D480008046002871D0002354442089CDE903331D
:10D490000593FFF711FF01238DF80E304FF48073D1
:10D4A0000C264FF6FE79ADF80C000C22404603A97D
:10D4B000ADF81030013F03F0E1FFCDF804B07A7809
:10D4C00007F1010B2E2A58D05C46002504E0627853
:10D4D000DDB22E2A4CD004466B1C601C002AF6D10B
:10D4E0002A462746A4EB0B04A4B232444A4539DC51
:10D4F0002A463146404604F067F806F1010C224600
:10D500003544594640461FFA8CF303F0EFFFADB2A5
:10D510003A786E1CB6B2002AD1D131464046DDF8C9
:10D5200004B004F051F84FF001230293AB1C9BB2FE
:10D530000422404602A903F0D9FF4FF48A7303FB8B
:10D540000BAA9AF810319AF80F00DBB935239AF834
:10D550000B20134901EB8202124951F82000414689
:10D5600007F0E4FE404603F0B5FC07B0BDE8F08FDD
:10D57000E41B2A460746A4B2B7E700225F461446DA
:10D580001546B2E741F2E943074AE5E7294658461E
:10D59000FFF7F6FEA57207B0BDE8F08FD0180200C5
:10D5A0003CB80020C8BC0020CC39020074B8002070
:10D5B000042870B504464BD04FF48A733A4D03FBF0
:10D5C00004539B7A032B6AD8DFE803F00F102B0279
:10D5D0004FF48A7304FB03F3EA58002A40D14FF456
:10D5E0008A73002203FB04539A7270BD2F4E08F019
:10D5F0001FF82D4B81B29A7A022A2DD003F58A7337
:10D600009E42F8D14FF48A7304FB03F3284E294A53
:10D610001D44083329812046D650BDE87040FFF7ED
:10D62000FFBE4FF48A7104FB01F16A18137B013BC2
:10D63000DBB21373002BD8D1537B0133DBB2042B45
:10D64000537312D013732046BDE87040FFF7E8BE55
:10D65000194808F0DDF8AFE71A898A42CED1C6E74B
:10D66000013AEA50002ABAD0BFE7D37A63B9134B24
:10D670005B684BB192F8103133B940F20115104894
:10D68000083145525373DEE700212046FFF778FE4C
:10D690004FF48A73002203FB04539A7270BD094849
:10D6A000BDE8704008F0B4B874B80020C4BC0020D5
:10D6B0000200010076B80020E81802003CB8002003
:10D6C00077B80020041902002DE9F04F14461289A2
:10D6D0008BB00F2A05D8204603F0FCFB0BB0BDE849
:10D6E000F08F98460C220023204604A903F07CFE0C
:10D6F0000C280546EFD1B54FBDF81000FFF7DCFD53
:10D700003B469A7A0026022A07D00136042E03F5FA
:10D710008A73E0D09A7A022AF7D11A898242F4D128
:10D72000BDF81400FFF7C8FD8246BDF81600FFF7EC
:10D73000C3FD9DF912308146002BCCDABAF1010FFE
:10D74000C9D14FF48A7303FB067393F810213AB9D9
:10D75000D97A9F4BD8F8002053F821309A42BAD199
:10D760004FF48A7303FB06F30093103307EB030AAD
:10D7700001964FF6FF7B2E465546DFF86082314614
:10D78000204603F011FF0028A5DB5E45A3D000F082
:10D79000C002711CC02A8EB29DD020B305EB000AD6
:10D7A0003146204603F000FF031EDBB293DB15F881
:10D7B000012B06F1010C18F8020000F0030001280B
:10D7C00018F8030008BF203200F00300012808BF4A
:10D7D00020339A427FF47FAF5E451FFA8CF63FF408
:10D7E0007AAF5545DCD13146204603F0DDFE0028F6
:10D7F00005F10105FFF66FAFC1D135464FF6FF7851
:10D800004545019E3FF467AF05F1010B1FFA8BFB05
:10D81000C3453FF460AF5B460422204602A903F0F3
:10D82000E3FD04287FF457AFBDF80A30B3F5807FDD
:10D830007FF451AFBDF80830B3F5807F7FF44BAF74
:10D840004FF6FB739B453FF646AF9DF813305FFAEA
:10D8500086FB1B0770D10535ADB2B9F1000F5DD065
:10D860002389AB420CD859E022899342BFF633AFEB
:10D870002946204603F098FE0028FFF62CAF15D06D
:10D880002946204603F090FE05F1010A031E1FFA07
:10D890008AFA03F0C00253449DB2FFF61CAFBAF1FE
:10D8A000000F3FF418AFC02ADED1554645453FF47E
:10D8B00012AF05F1010A1FFA8AFAC2453FF40BAF15
:10D8C00053460A22204607A903F08EFD0A287FF45A
:10D8D00002AF4FF6F5739A453FF6FDAEBDF81E3028
:10D8E0000B35B3F5807FBDF82400ADB204D1BDF88F
:10D8F0001C30B3F5807F37D0FFF7DEFC2B18B3F573
:10D90000803FBFF6E8AEBDF82400FFF7D5FC09F173
:10D91000FF390544ADB21FFA89F99EE7204603F0AE
:10D92000D9FA00215846FFF72BFD4FF48A730022E5
:10D9300003FB06739A72D1E64FF48A7303FB0673F6
:10D94000DB7A002BEAD1224B5B68002BE6D04FF448
:10D950008A7340F2013106FB03F31E4A083358462E
:10D96000D152FFF725FEB6E6B0F5806FC4D12B4645
:10D970000422204603A903F037FD04287FF4ABAE50
:10D9800020464FF48A7406FB04F4039B3D196B6038
:10D9900003F0A0FA0898FFF793FC0F4B009983421D
:10D9A00028BF03463B510323043158463944AB7228
:10D9B000FFF7E6FC3B59002B7FF490AEAB7A032BCC
:10D9C0007FF48CAE0022AA7288E600BF74B80020F3
:10D9D0003CB8002078B80020803A0900A53B02003E
:10D9E000704700BF012800D9704721B1054B0A6874
:10D9F00043F820207047044A024B126843F8202065
:10DA0000704700BF3CB80020D839020008B500209C
:10DA1000FFF7CEFD0120FFF7CBFD0220FFF7C8FD89
:10DA2000BDE808400320FFF7C3BD00BF002900F098
:10DA30002F812DE9F04F044685B0002800F0EF80DB
:10DA40001F460378002B00F0EA8016468A460FF046
:10DA500075FE00F1FF3B14F80B302E2B18BF8346E8
:10DA6000BBF1FF0F00F2DB805146204602F0B2FA14
:10DA7000054618B1002005B0BDE8F08FDFF85492DC
:10DA8000C84618F8063C032B4AD00135042D08F58A
:10DA90008A78F6D1204686490FF0BDFDABF106032A
:10DAA000234498427AD0834B1B68002B00F0FA8005
:10DAB00000230193002519F8063C022B44D00135C0
:10DAC000042D09F58A79F6D12B4600257A4AAE460F
:10DAD00011469846794800788B7A5FFA85F9002BD1
:10DAE00048D0032B05F1010509D191F80EC0A0EB38
:10DAF0000C0C5FFA8CFCE6453CBFC846E646042D9C
:10DB000001F58A71E8D14346032B06D84FF48A7594
:10DB100005FB0325A97A032943D04FF0FF30AAE77C
:10DB20005A4641462046FFF7CDFB0028ADD118F8F4
:10DB30000B30002BA9D14FF48A725F4B02FB0533E7
:10DB40005B68CAF8003095E75A4649462046FFF719
:10DB5000B9FB0028B3D119F80B30002BAFD15848CE
:10DB6000024611680C32002900F089800133042B31
:10DB7000F7D1A4E74FF48A7303FB0525DFF840A132
:10DB80004FF0000851460B680C3163B108F10108F1
:10DB9000B8F1040FF7D14FF0FF306CE70123019388
:10DBA00088E79946EAE7A8730120A87208EB4800C5
:10DBB0004AF820600AEB800021465A4602934760EB
:10DBC0004FEA480380F8089005F1100003933D4C9C
:10DBD0000FF0A7FD029B21461E4605EB0B021374B6
:10DBE00051F8043BF3B10136042EF9D10423364A2F
:10DBF00017780137FFB2032F88BF002754F827108A
:10DC0000781C013B61BB13F0FF03C7B2F3D1039A49
:10DC1000AB7242444AF822300423EB737DE76FF085
:10DC20000F0028E72E2007F039FC834600283CD05F
:10DC3000264F07F0FDFC82B2B2F5806FF9D339466A
:10DC4000584607F02BFA10F1080FF2D018BB024625
:10DC50001F49584607F0E4FB1B4AF7B244F826B0C8
:10DC60001770164A0199137848460133EF7385F807
:10DC700010111370FFF79CFC6FF00400FBE603EB40
:10DC8000430340F8236000EB83035F601D72F3E7FA
:10DC90006FF00F007047584607F0CCFB002344F8A4
:10DCA0002630A3E76FF00500E5E644F826B09DE7CF
:10DCB000241902003CB8002074B80020C4BC002025
:10DCC00044B80020C8BC0020C5BC0020D8390200E0
:10DCD000C9D6000084B8002010B5002482B000949A
:10DCE000FFF7A4FE02B010BD08B503F039FD07F040
:10DCF00057FD02F075FA02F00BFD02F0D9FD07F0B6
:10DD000083F803F095FD01F095FCFFF769FEBDE88F
:10DD1000084006F0E1BF00BFF8B50446C56A07F049
:10DD2000BFFD94F84D30DB073FD585B32B790BB1A0
:10DD30000020F8BD05F108061F4A3146204608F0CC
:10DD4000F9FA4FF6A9632A889A4207D1012331468E
:10DD500020462A682B7108F00BFBE9E7B4F84A303B
:10DD60001648E76A1844FFF7ABFAFFF7A9FA7B7980
:10DD7000134A184480B240F0294040F47E0090429B
:10DD80000DD800F57E40FFF79BFA2860DEE71C21E6
:10DD9000012002F067FC054650B1E062C6E7094B7E
:10DDA000984288BFA0F57E40EDE76FF00F00F8BD08
:10DDB0004FF0FF30F8BD00BFC9DD00000001FEA933
:10DDC000FF00FEA9FFFEFEA970B50129C56A82B059
:10DDD00023D002290DD051B902264FF6FF740191CC
:10DDE0006A46294601AB2E71009402F063FD02B031
:10DDF00070BD002604462E6007F052FD4FF6A96361
:10DE00002E71A2889A42F2D1084B20461A46194632
:10DE100002B0BDE8704002F04DBD6B7901336B710B
:10DE200002B0BDE87040FFF777BF00BFD8390200ED
:10DE3000C36A0BB11A7902B97047012219461A71E7
:10DE400051F8082B08F094BA704700BFC36A1BB1A1
:10DE500041681A68914201D0002070471879A0F1FA
:10DE60000200B0FA80F04009704700BFC06A20B1DC
:10DE70000A6803689A4201D0002070470079A0F137
:10DE80000200B0FA80F04009704700BFF8B5071DE6
:10DE9000442F04460D4616460ED8330E621C2B55F1
:10DEA00092B2A31C310C0334A9549BB2A4B2320A1F
:10DEB000EA542E55B8B2F8BD014807F0A9FCECE7CA
:10DEC0002C1902002DE9F84300287AD00C460029CD
:10DED00077D0814616464FF49A714FF4207236205F
:10DEE0001F4603F053F8804600286AD04389B3F5F3
:10DEF0009A7F60D3032E41D0A379002B66D0364B96
:10DF00001868D8F804504FF49A720021206028460F
:10DF10000FF054FB40F201132B8099F84C30AB709A
:10DF20002068FFF7CDF94FF4C873F340DB07686052
:10DF30003DD4032E37D009F1450109F14B0405F119
:10DF40001B0C11F801EFA1420CF801EFF9D16FF0B1
:10DF50007D02632385F8ED2040F2351285F8EC3020
:10DF600085F8EF305321032385F8F260A5F8F020FF
:10DF700085F8EE1040463B80BDE8F8836379032BBB
:10DF8000BAD0D8F804504FF49A72002128460FF006
:10DF900015FB40F201132B8099F84C30AB702068D0
:10DFA000FFF78EF968606379043B012BC3D8D9F879
:10DFB0000430EB60BFE7094807F02AFC032E9BD131
:10DFC000DCE74FF000084046BDE8F88307F030FB7F
:10DFD000014B186095E700BFF0BC002068190200F3
:10DFE00038B5134C2378E3B9124D2B6813B112489E
:10DFF00007F00EFC07F040FA2860B0B1427A0F49F2
:10E0000042F020024272442207F048F843220B49B2
:10E01000286807F0D7F900220949286807F000FAB4
:10E02000237801332370002038BD4FF0FF3038BD16
:10E03000F4BC0020F8BC0020A8190200D839020066
:10E0400069E80000002800F08A80816A002900F059
:10E050008680002210B58B6A82B05C1C4A8207D091
:10E060001E33B3F5701F5FD23B2B67D801238B8221
:10E07000CB6A5A1C1FD01E33B3F5701F40D34FF626
:10E08000FF730A6B4B81541CCB815ED01E32B2F5FC
:10E09000701F02D23B2A5CD801238B810B820023A4
:10E0A0004B81CB79DB0718D491F91C300A7F002B08
:10E0B00056DBFF2312E00A6B4B89541C2ED01E3214
:10E0C000B2F5701F37D23B2A43D801229A428A8187
:10E0D0000A82E4D9CB79DB07E6D50B6A4A7900934B
:10E0E0004B6A0A2A019304D00A220023A1F80520D2
:10E0F0000B816A4601AB1C3102F0DCFB02B010BDA3
:10E100003B2B92BF01231A4AA2FB03230A6B88BF51
:10E11000C3F34F13541C4B81CB81D0D18A899A42CF
:10E12000D8D8002AD6D0BAE74FF6FF738B82CB6AD5
:10E130005A1CA0D1BFE74FF6FF72C7E7A2F17732B2
:10E14000A2FB0323C3F34F13F0E78A89002AC1D04F
:10E15000A5E7074CA4FB0242C2F34F12B6E7704793
:10E16000BF2A4FF6FF7388BF6FF07F43B6E700BF4B
:10E1700089888888002330B52B4D83B0EA7804461F
:10E18000C0E9083312B1294BDB6883622B79002B7D
:10E1900047D0264B1B696A79E36232B3234B5B6934
:10E1A00023630A69AB79E2614BBBE37903F0FE03B9
:10E1B000E371EB79002B2ED12B7AA3B11B4C206A93
:10E1C000FFF77EF8034601A900200193FFF70AFC40
:10E1D0006B7A43B1606AFFF773F8034601A9012027
:10E1E0000193FFF7FFFB03B030BDA36AC3EBC3038A
:10E1F000DB0823630A69AB79E261002BD5D00B4BB6
:10E200009869FFF75DF8E379206243F00103E37159
:10E21000EB79002BD0D0054BD869FFF751F860623D
:10E22000CAE7A36A5B08B6E7FCBC002008BD002073
:10E230002DE9F84F064642B310460F4615460FF03B
:10E240007DFA10B3C6F141039842044628BF1C462C
:10E2500098421DD8FF2C02D9254807F0D9FA5FFA59
:10E2600084F906F1020808EB0903442B3BD80C2380
:10E27000BB550136B6B207F806901FFA88F604F1CE
:10E28000FF391CE001364E44B6B23046BDE8F88F87
:10E29000174806F1020807F0BBFA08EB0403442B09
:10E2A0005FFA84F91FD80C23BB550136B6B207F8C4
:10E2B00006901FFA88F604F1FF39002CE5D005EB33
:10E2C000040BDFF83480344605E0631C5D4507F835
:10E2D00004A09CB2D6D0432C15F801ABF5D940462A
:10E2E00007F096FAF1E7034807F092FADBE700BF80
:10E2F000D0190200EC190200301A02002DE9F04F8B
:10E30000856A07466B7985B0032B04D0032200236E
:10E31000A5F805202B810322294638460DF10E036E
:10E32000FFF7D0FD0646002800F08780BDF80E40BC
:10E33000436804F1040903F1F00804F1020A631CC4
:10E34000B9F1440F1FFA8AFA1FFA83FB00F2928098
:10E35000392308F80430022308F80B300223402246
:10E3600008F80A30E31C9BB21FFA89F908F8032069
:10E3700009F10603442B00F292803223042208F8AC
:10E380000930631D9BB208F80320E869FEF798FF87
:10E39000063402464146A0B2FFF778FD00F1060AB6
:10E3A000BAF1440F044676D83723042208F8043023
:10E3B000631C0234DFF808B19BB2A4B208F8032052
:10E3C000432C1BF8019B1FFA8AFA0CD8631C9BB2E2
:10E3D000534508F80490ADF80E3008D01C46432C85
:10E3E0001BF8019BF2D9304807F012FAEEE74146DC
:10E3F0003A6C5046FFF71CFFFF23411C89B24329AA
:10E40000024608F8003008D8C2F1430208EB0100C8
:10E4100092B200210FF0D2F84421F031304689B297
:10E4200002F05EFE214A432310683146204A0097DD
:10E4300006F05CFF304602F04DFDAB79FF2B14D0A7
:10E440000133DBB2092BAB710FD8C3EB431203EBE3
:10E450008203DB00174A03F2F3139BB2A2FB0323F0
:10E460005B092B8105B0BDE8F08F14232B8105B02B
:10E47000BDE8F08F104807F0CBF9392308F80430D5
:10E48000022308F80B305344442B7FF667AF0B4848
:10E4900007F0BEF962E7084807F0BAF984E70648D2
:10E4A00007F0B6F969E700BF301A0200F8BC002097
:10E4B000D4390200D34D6210EC190200681A020030
:10E4C000D039020000232DE9F04F866A87B07279B7
:10E4D0008046062AF36103D006223381A6F8052080
:10E4E0000122314640460DF11603FFF7EBFC814651
:10E4F00000286ED0BDF81640456804F1040BA71C37
:10E50000631CBBF1440F05F1F005BFB21FFA83FA9B
:10E510007CD839232B55022305F80A30B8F844A0DB
:10E5200003344FEA1A23A4B2EB5505F804A01FFAEE
:10E530008BF02946D8F84020FFF77AFE00F1060B51
:10E54000BBF1440F074673D837230422EB55BC1C9C
:10E550007B1CDFF800A19BB2A4B2EA54432C1AF84A
:10E56000011B1FFA8BFB0BD8631C9BB25B45295523
:10E57000ADF816300AD01C46432C1AF8011BF3D90B
:10E580002D48039107F044F90399EDE7FF23F81DA7
:10E5900080B2432805F80B3008D8C7F13C0292B28C
:10E5A0000021284401320FF009F8442000F1F00165
:10E5B00089B2484602F094FD204B21491868214A4F
:10E5C000CDE900814323494606F0E2FD484602F0CA
:10E5D00081FCB379FF2B13D00133DAB2052AB27173
:10E5E0000ED84FF47A7300209340174903F2F313C7
:10E5F0009BB2A1FB03135B09338107B0BDE8F08F29
:10E6000078230020338107B0BDE8F08F0F4807F072
:10E61000FFF839232B55022305F80A30FB18442B49
:10E62000B8F844A07FF67CAF094807F0F1F877E727
:10E63000064807F0EDF887E7301A0200F8BC002022
:10E64000D8390200D4390200D34D6210EC1902000F
:10E65000681A0200D0390200002800F0F3802DE98A
:10E66000F04F856A064685B0002D00F0C7806B79B3
:10E67000012B04D001220023A5F805202B810322C1
:10E68000294630460DF10E03FFF71CFC0746002813
:10E6900000F0A180BDF80E40436804F1040903F1C5
:10E6A000F00804F1020A631CB9F1440F1FFA83FB5E
:10E6B0001FFA8AFA00F2A780392308F804300223EF
:10E6C00008F80B30B6F844B0E31C9BB21FFA89F986
:10E6D0004FEA1B2208F80A2008F803B009F10603E4
:10E6E000442B00F2AB803223042208F80930631D6A
:10E6F0009BB208F80320E869FEF7E2FD0634024603
:10E700004146A0B2FFF7C2FB831D442B044600F232
:10E7100091803623042208F80430631C9BB208F869
:10E720000320A869FEF7CCFD023402464146A0B2A0
:10E73000FFF7ACFB00F1060ABAF1440F044675D8A6
:10E740003723042208F80430631C0234DFF814B1C4
:10E750009BB2A4B208F80320432C1BF8019B1FFABC
:10E760008AFA0CD8631C9BB2534508F80490ADF8A4
:10E770000E3008D01C46432C1BF8019BF2D93248BE
:10E7800007F046F8EEE74146326C5046FFF750FD81
:10E79000FF23411C89B24329024608F8003008D8FB
:10E7A000C2F1430208EB010092B200210EF006FF15
:10E7B0004421F031384689B202F092FC234B2449BF
:10E7C0001868244ACDE900614323394606F0E0FC8D
:10E7D000384602F07FFBAB79FF2B12D00133DAB25F
:10E7E000052AAA710DD84FF47A7393401A4903F29F
:10E7F000F3139BB2A1FB03135B092B8105B0BDE8AA
:10E80000F08F7823F9E7154807F002F8392308F864
:10E810000430022308F80B305344442BB6F844B0BC
:10E820007FF652AF0E4806F0F3FF4DE70B4806F0B7
:10E83000EFFF85E7094806F0EBFF6AE7074806F0B7
:10E84000E7FF50E7704700BF301A0200F8BC002015
:10E85000D8390200D4390200D34D6210EC190200FD
:10E86000681A0200D0390200AC4B2DE9F04F5F6806
:10E870001446BD6A52688BB0002D00F0A7802B793A
:10E88000002B00F0A38063892B2B40F29F8013782C
:10E89000022B40F09B8097F84C1091B107F1450393
:10E8A00003EB010C07F14B0E02F11B0113F8016F92
:10E8B00011F8010F864240F089809C4501D09E45A9
:10E8C000F4D15068FEF7FCFC2B6898427ED10026FC
:10E8D000DFF850B2CBF80460ABF808606389CBF87E
:10E8E00000602B2B72D9B4F808A0F022CDE9027594
:10E8F000D1462746009201963946009C06E00968F9
:10E9000094B21FFA83F900295FD04B899C42A4EB93
:10E910000302A9EB0303F2D2A1454A6840F2498100
:10E920003B46CA460F461946105DFF2800F040815D
:10E93000A61CB6B2B44200F2D7817B8904F1010C67
:10E940009C4580F22D8115196D783B2844D8DFE86D
:10E9500010F05D000E014300FF0043004300EB0098
:10E96000430043004300430043004300430043008F
:10E97000430043004300430043004300430043007F
:10E98000430043004300430043004300430043006F
:10E99000430043004300430043004300430043005F
:10E9A000430043004300430043004300430043004F
:10E9B0004300430043004300D700C600BA00AD0047
:10E9C0004300430043001B0160003C4620460BB05F
:10E9D000BDE8F04F02F07EBA4FF6FD702C44844241
:10E9E00000F38281AC19A4B29C42C0F0DE80E41A2C
:10E9F000AAEB0303A4B21FFA83FA544580F0748192
:10EA00003F68002F00F070817A688DE71FFA8CF460
:10EA1000EAE7042D40F068814FF6F9739C4200F25A
:10EA200063814FF005090634A4B200203C4BCDE9C8
:10EA3000052403EB8903CDF81CA01C46B2460990BF
:10EA40000BEB0908049126E0042D2E4628BF04266E
:10EA500053463846324609A902F0C6FC864240F0C9
:10EA60004781042D40F24681AB0740F041814FF0D1
:10EA70000103099808F8013CFEF722FC0AF10402A0
:10EA800092B2043D924544F8040BEDB209F101093C
:10EA900000F22E81924618F8012B002AD4D0DDF81E
:10EAA0001CA00499DDE905247B899DE7042D40F035
:10EAB0001B814FF6F9739C4200F2168106344FF029
:10EAC0000209A4B2B1E7012D40F00E814FF6FE73AA
:10EAD0009C4500F009810334A946A4B2A5E7012DA5
:10EAE00040F00281009BF02B40F0FE804FF6FE7359
:10EAF0009C4500F0F98003344FF00009A4B294E77C
:10EB0000042D40F0F1804FF6F9739C4200F2EC8046
:10EB100006344FF00309A4B287E700BFD8BC002039
:10EB200008BD0020FCBC0020A80740F0DD804FF6A7
:10EB3000FD702C44844200F3D780AC19A4B2002DA0
:10EB40003FF452AF082D28BF08254FF008096CE7A5
:10EB5000032D40F2C9804FF6FD732C449C4200F314
:10EB6000C380AC194FF007090425A4B25DE7042D5A
:10EB700040F0BA804FF6F9739C4200F2B58006343B
:10EB80004FF00609A4B250E7042D40F0AD804FF6D7
:10EB9000F9739C4200F2A8800634A946A4B244E767
:10EBA0003D6815B36D682D78CFE65445FFF4BCAED3
:10EBB0000F469BF8003063B100238BF80030874B81
:10EBC0001B68012B00F0A780022B06D0032B00F05E
:10EBD000A080019B002B00F0AB80002301932C232D
:10EBE0004FF06C0900937B8986E63B287AD801A414
:10EBF00054F820F00DEA0000E9EC0000E5EC00001C
:10EC0000E9EC0000E5EC0000E5EC0000EDEC0000B4
:10EC1000E5EC0000E5EC0000E5EC0000E5EC0000B0
:10EC2000E5EC0000E5EC0000E5EC0000E5EC0000A0
:10EC3000E5EC0000E5EC0000E5EC0000E5EC000090
:10EC4000E5EC0000E5EC0000E5EC0000E5EC000080
:10EC5000E5EC0000E5EC0000E5EC0000E5EC000070
:10EC6000E5EC0000E5EC0000E5EC0000E5EC000060
:10EC7000E5EC0000E5EC0000E5EC0000E5EC000050
:10EC8000E5EC0000E5EC0000E5EC0000E5EC000040
:10EC9000E5EC0000E5EC0000E5EC0000E5EC000030
:10ECA000E5EC0000E5EC0000E5EC0000E5EC000020
:10ECB000E5EC0000E5EC0000E5EC0000E5EC000010
:10ECC000E9EC0000E9EC0000E9EC0000E9EC0000F0
:10ECD000E5EC0000E5EC0000E5EC0000E9EC0000EC
:10ECE000E9EC000000257DE60C466FE634467BE645
:10ECF000049C6BE6DDF81CA00499DDE905240FD027
:10ED00009DF82400354B43F8290001200BF8090039
:10ED1000CAE6012301936C234FF0EC09009362E7EC
:10ED20000998CDE90421FEF7CBFADDE90421E9E7F2
:10ED30009BF801303C46039D019E029F002B3FF44F
:10ED400045AE264A61681379052B1CD0062B2AD0C4
:10ED5000022B7FF43BAE6B79062B7FF437AE9BF82A
:10ED60000230BD6A002B3FF431AE90682E810091D5
:10ED7000FEF7A6FA03460099AB610B693846EB61D2
:10ED8000FFF76AFC22E66B7903F0FD02012A03D04B
:10ED9000043B012B3FF61AAEB86AFFF7EBF9384691
:10EDA000FFF750F912E66B79DA1E022A02D9012B1D
:10EDB0007FF40CAEBB6A5A790C2A04D00C210022D5
:10EDC000A3F805101A81064B38461A46194601F079
:10EDD00071FD3846FFF776FBF8E500BF08BD00205F
:10EDE000D839020038B5856A35B16B790446052BF0
:10EDF00003D8022B0FD83BB938BD0A2B0BD00C2BF4
:10EE000002D9084806F004FD0023AB712046BDE896
:10EE10003840FFF757BB0023AB712046BDE83840B0
:10EE2000FFF76CBAC81A02002DE9F04F876A85B067
:10EE3000804606F035FD7B79052B04D005220023A2
:10EE4000A7F805203B810322394640460DF10E0309
:10EE5000FFF738F88146002800F0A080BDF80E507A
:10EE600046682C1D05F1020A6B1C442C06F1F006C5
:10EE70001FFA8AFA1FFA83FB7AD8392373550223C3
:10EE800006F80B30B8F844B0EB1C9BB2A4B24FEAC2
:10EE90001B2206F80A2006F803B0A31D442B79D8DC
:10EEA0003723042233556B1DAC1DDFF80CA19BB238
:10EEB000A4B20A35F254432C1FFA85FB1AF8015B01
:10EEC0000BD8631C9BB25B453555ADF80E3008D0AE
:10EED0001C46432C1AF8015BF3D9324806F098FC23
:10EEE000EFE73146D8F840205846FFF7A1F9FF2355
:10EEF000411C89B243290246335407D8C2F1430268
:10EF0000701892B200210EF059FB4421F0314846AE
:10EF100089B202F0E5F8244A432310684946CDF847
:10EF2000008007F1180206F0E1F90446484601F0B6
:10EF3000D1FFBB79FF2B15D00133DBB2092BBB719D
:10EF400010D82046C3EB431203EB82031B01174A80
:10EF500003F2F3139BB2A2FB03235B093B8105B0D1
:10EF6000BDE8F08F282320463B8105B0BDE8F08F37
:10EF70000F4806F04DFC39237355022306F80B3079
:10EF80005344442BB8F844B07FF67EAF094806F0EE
:10EF90003FFC79E7064806F03BFC81E74FF0FF3481
:10EFA000C7E700BF301A0200F8BC0020D34D621042
:10EFB000EC190200681A0200D03902002DE9F04174
:10EFC000846A84B0054606F06BFCECB16379DBB172
:10EFD0000023AA6AA169C4E90833C4E90633C4E975
:10EFE0000B330391A362C4F80E30C4F812302AB177
:10EFF00053790A2B19D0043B012B16D90023A4F80E
:10F0000005302381237913B904B0BDE8F081374E70
:10F010003578002D60D0013DEDB23570002D55D012
:10F020000023237104B0BDE8F08100260722A4F874
:10F0300005602681214628460DF10A03FEF742FFAE
:10F04000064600283BD0BDF80A80476808F1060351
:10F05000442B07F1F00744D83623042207F8083080
:10F0600008F101039BB2FA540398FEF729F908F15D
:10F070000208024639461FFA88F0FEF707FFFF2311
:10F080003B54431C9BB2432B024607D8C2F14302B8
:10F09000F818002192B20EF091FA442303F1F00126
:10F0A000304689B202F01CF8114A432310683146F9
:10F0B000009503AA06F01AF9304601F00BFF0D4B3C
:10F0C00028461A46194601F0F5FB9BE7084E3068C2
:10F0D00006F0B0F93560A3E7074806F099FB3578EC
:10F0E00099E7064806F094FBB6E700BFF4BC0020A1
:10F0F000F8BC0020D8390200A41A0200EC19020062
:10F10000F8B5044606F0CCFB002C4BD094F84D30FB
:10F11000DA0747D5B4F84430A56AB3F5107F23D396
:10F12000002D37D02B7913BB3422002128460EF056
:10F1300045FAFEF755FF0646B0B901232B7194F846
:10F140004D305B0708D46B79022B03D00223288152
:10F15000A5F805303046F8BD2046FFF7B3F9002882
:10F16000F8D02046FFF72AFF4FF0FF36F2E70F4FA7
:10F170003E7856B1013EF6B23E70002ED4D10C4F0F
:10F18000386806F057F93E60CEE70A4806F040FBC3
:10F190003E78EFE7342001F0BFF905460028E3D0C0
:10F1A000A062C1E76FF00F06D4E700BFF4BC0020F7
:10F1B000F8BC0020A41A02002DE9F04F7E4B85B068
:10F1C0001D68DDB1AC6AB4B16379A3B1A18A29B17C
:10F1D000628A013292B29142628212D0228A1AB1BC
:10F1E000511E012A218213D0E28922B1511E012A27
:10F1F000E18100F0AC802D68002DE3D105B0BDE8C1
:10F20000F08F2846FFF7DAFE2846FFF779FFF2E78E
:10F210005A1ED2B2092AEED840F2192121FA02F27E
:10F22000D207E8D5042B04D004220023A4F805203B
:10F2300023810322214628460DF10E03FEF742FEEC
:10F240008046002865D0BDF80E7043683E1D07F16A
:10F25000010B07F1020A442E03F1F0091FFA8BFBA0
:10F260001FFA8AFA00F29480392309F80730022342
:10F2700009F80B30B5F844B0FB1C9BB2B6B24FEAAC
:10F280001B2209F80A2009F803B0B31D442B7BD8D0
:10F290003723042209F806307B1DBE1D9BB20A37B6
:10F2A000DFF830A109F80320B6B21FFA87FB432E1E
:10F2B0001AF8017B62D809F806700136B6B25E45CD
:10F2C000ADF80E60F3D12A6C58464946FEF7B0FF00
:10F2D000FF2309F80030431C9BB2432B024608D899
:10F2E000C2F1430209EB0300002192B20EF066F96D
:10F2F0004423F03399B2404601F0F2FE2F4A4323F3
:10F30000106841462E4A009505F0F0FF404601F096
:10F31000E1FDA379FF2B35D00133DBB2092BA371BB
:10F3200030D8C3EB431203EB8203DB00254A03F220
:10F33000F3139BB2A2FB03235B09A28A618A238198
:10F34000531A012B7FF757AF5B10238253E7013B22
:10F35000DBB2092B3FF64FAF40F2112222FA03F342
:10F36000DB077FF548AF2846FFF75EFDA389628A79
:10F370009B1A012BC4BF5B10E3813CE7124806F0E7
:10F3800047FA98E71423D8E7104806F041FA7FE7D8
:10F390000E4806F03DFA392309F80730022309F830
:10F3A0000B305344442BB5F844B07FF665AF0848A2
:10F3B00006F02EFA60E700BFC0570120F8BC00201D
:10F3C000D4390200D34D6210301A0200EC19020049
:10F3D000681A0200D0390200264B10B51C6824B907
:10F3E0002CE0013A1A81246844B3A36A002BFAD0B6
:10F3F0001A89012AF5D8F6D100215A791981013AE2
:10F400000B2AF0D801A151F822F000BF55F40000FA
:10F41000E7F3000047F40000E7F30000E7F3000023
:10F420003FF40000E7F30000E7F30000E7F300001B
:10F43000E7F30000E7F300003FF4000010BD2046B2
:10F44000FFF740F8CFE79B792046012B0FD9FFF754
:10F4500039F8C8E79B792046052B02D8FFF7FCF85E
:10F46000C1E7FFF7ABFD2046FFF74AFEBBE7FEF71B
:10F4700045FFB8E7C057012058B1806A48B14079CC
:10F480000A2805D0043801288CBF002001207047CD
:10F4900001207047F8B5476B0D46FFB13C460A683E
:10F4A00001E0246824B163689342FAD12046F8BD94
:10F4B000072001F073F9044670B100232A68A360A5
:10F4C0006260184A237312682B6893421ED03B680F
:10F4D000204623603C60F8BD0024E7E7064607208D
:10F4E00001F05CF904460028F6D09DB90D4B45604B
:10F4F0001B68856005732A689A4203D10023236044
:10F500007463D3E7084806F083F9F7E7074806F085
:10F510007FF9DCE72B680773C0E90137014B1B68F3
:10F52000E9E700BF34BD0020DC1A0200101B020016
:10F5300038B5437A0446022B0D4604D0012B00D087
:10F5400038BD438933B9022D07D8012363810123D4
:10F55000637238BD8B42F3D9F5E706F069F8B0FB6A
:10F56000F5F303FB150060810028EED0EFE700BF44
:10F570002DE9F0412B4B88B01B6880460F4616469C
:10F5800008214FF420723620069301F0FFFC00287A
:10F590003ED043890446072B456835D9D8F8043056
:10F5A000162E06937B684FF008016B6004BF0123A1
:10F5B0003B722E704FF0000628466E70AE70EE70F3
:10F5C00014BF194F043706F085FE68800220042519
:10F5D00040F29441012301901448CDF80880009630
:10F5E00004950791D0F8C0103A461944C0F8C010ED
:10F5F00007A90391204606A900F08EFC204601F0E1
:10F6000069FC08B0BDE8F081094806F001F9C5E7DA
:10F61000064AD2F8D4300133C2F8D43008B0BDE87D
:10F62000F08100BFD839020030BD0020D057012042
:10F63000541B020003490448044B054A08601A6041
:10F64000704700BF34BD0020E000000130BD002045
:10F65000E000000210B50A490446FFF71BFF60B145
:10F660000222037B427201330373636D1BB10122DB
:10F67000204603499847002010BD4FF0FF3010BDD1
:10F6800034BD0020436B1BB370B51C68FCB1012670
:10F69000104D01E02468D4B1637A022B06D0012B0F
:10F6A000F8D16389013B9BB2042BF3D905F0C0FF6D
:10F6B000A5FB003222F0030303EB9203C01A0128DA
:10F6C00038BF0120667260812468002CE4D170BDCF
:10F6D000704700BFCDCCCCCC406B30B10A6801E0A4
:10F6E000006810B143689342FAD170472DE9F041A8
:10F6F000494D0E46D5F8C430418901330729C5F874
:10F70000C43022D9D0F8048004464046174606F09B
:10F71000E1FD00284AD1706B60B30346396801E00F
:10F720001B683BB35A688A42FAD198F80020112A24
:10F7300029D0162A12D0D5F8D8300133C5F8D830E0
:10F740002046BDE8F04101F0C5BB01F0C3FBD5F890
:10F75000D0300133C5F8D030BDE8F081D5F8E820CD
:10F760000132C5F8E8205A7A012AE9D14FF4007233
:10F770009A60E5E7204601F0ADFBD5F8C8300133CB
:10F78000C5F8C830E8E7254A1668D8F804208E4244
:10F7900016D0002ACFD0D5F8E02018460132C5F89F
:10F7A000E02098F80110FFF7C3FEC9E7204601F0FA
:10F7B00091FBD5F8CC300133C5F8CC30BDE8F081F1
:10F7C000C2B998F8013003BBD5F8DC300133C5F875
:10F7D000DC300A2388F801300568002DB0D02846B7
:10F7E00098F80110FFF7A4FE2D68002DF7D1A7E7C8
:10F7F000006820B143689A42FAD10346CBE7D5F8B6
:10F80000C8300133C5F8C8309AE7D5F8E430013381
:10F81000C5F8E430E0E700BFD057012034BD002038
:10F8200070B50E46054606F03BF8336803F0F0026B
:10F83000E02A37D11E4A1268934233D095F84D30F2
:10F840009B062FD531462846FFF724FE044660B3B9
:10F85000437A13BB037B2BB96B6D1BB1012231467D
:10F860002846984713491622D1F8EC302846013330
:10F87000C1F8EC302146FFF77BFE05F0D9FE0122EE
:10F880000D4B6272A3FB002323F0030202EB9303F0
:10F89000C01A012838BF01206081237B002001337A
:10F8A000237370BD6FF0050070BD4FF0FF3070BD69
:10F8B00034BD0020D0570120CDCCCCCCF8B50F46BC
:10F8C000064605F0EDFF3D6805F0F003E02B2AD178
:10F8D0001F4B1B689D4226D096F84D309B0622D5C3
:10F8E000736B03B31C4601E02468E4B1626895427F
:10F8F000FAD1227B012A03D9013A22730020F8BDF4
:10F900001A461B689C4211D0002BF9D1237A93B977
:10F91000736D1BB1002239463046984721460720B7
:10F9200000F06AFFEAE76FF00500F8BD2368136096
:10F93000237A002BECD0074A2146D2F8F03030462B
:10F940000133C2F8F0301722FFF712FEE0E700BFE4
:10F9500034BD0020D0570120174B2DE9F0411D6820
:10F9600045B30227154EDFF858806C6B14B91EE0C2
:10F970002468E4B16289531E9BB2002AF8D06381E7
:10F98000002BF5D1637A012BF2D1626833689A4279
:10F99000EED06772D8F8F43021460133162228469B
:10F9A000C8F8F430FFF7E4FD2468002CE2D12D689C
:10F9B000002DDAD1BDE8F081C057012034BD002010
:10F9C000D057012038B590F84D30044613F00100AF
:10F9D00011D0636883B10A4D686983420ED0214615
:10F9E00000F0DCFA50B9204605F11401FEF73EFAAA
:10F9F000003818BF012038BD184638BD012038BD79
:10FA0000D8BC002010B5044605F04AFF216801F07B
:10FA1000F003E02B2DD0194B1868A8B190F84D30A9
:10FA2000DC070ED55A070CD5426881EA020C42B1B8
:10FA300082681CEA020F15D09B0702D4C368994262
:10FA400010D000680028E9D10D4B186858B190F823
:10FA50004D3003F00503052B05D143681BB1C9B236
:10FA60007F2900D010BD074A0020D36F0133D36730
:10FA700010BD054B18680028CDD010BDC05701201F
:10FA8000BC570120D057012038BD00202DE9F84F88
:10FA90000546B14C0F4605F003FF636ED5F80480B0
:10FAA0000133636698F800301A09042A0DD02846FD
:10FAB00001F010FAD4F88820E36E01320133C4F863
:10FAC0008820E3660020BDE8F88F03F00F03B8F844
:10FAD00002009E00FDF7F0FB2B898146834213D87C
:10FAE0006B89B34204D32B894B4501D3132E13D812
:10FAF000284601F0EFF9626FE36E01320133002016
:10FB00006267E366BDE8F88F0146284601F0E8FA2F
:10FB10006B89B342E7D2EBE73146404606F0DAFBA9
:10FB2000002840F0F080D8F81030D8F80C00DFF84A
:10FB30003892C9E9040303F0F003E02B12D197F8DF
:10FB40004D309B0663D498F80930112B00F0AA8041
:10FB5000002840F0E280E36E28460133E36601F0BE
:10FB6000B9F9AFE73846FFF72DFFE0B999F814303F
:10FB70007F2B10D0794BD3F800A0BAF1000F0AD038
:10FB8000BA4503D05046FFF71DFF78B9DAF800A058
:10FB9000BAF1000FF4D198F80930112B00F0C080B1
:10FBA000D9F81000D4E7002FF5D0BA46D9F81000E4
:10FBB00000283CD1B8F8063023F0C003002B40F0F9
:10FBC0009680C9E900A7C9F8088098F8003039463E
:10FBD00003F00F039B002846A9F80C3001F036FD16
:10FBE0000128834654D03146284601F01DF998F883
:10FBF0000930013B102B29D8DFE803F06D67282876
:10FC00002862282828282828282828285D003846FF
:10FC100009F11401FFF760FD002800F08E80D9E99A
:10FC200004034F4A9342C0D1002842D0BA46394615
:10FC300000F0B4F9002853D1D9F8103003F0F003E4
:10FC4000E02B4DD0BAF1000FB4D184E7BBF1020F25
:10FC50001BD05146D9F8140000F0A0F968B9D9F8C2
:10FC6000143003F0F003E02B07D03146284601F0B2
:10FC7000F7F80221284607F0DFF9D4F88020E36E78
:10FC800001320133C4F88020E366284601F022F9EE
:10FC90000023C9E90033C9E90433C9F80830A9F8D9
:10FCA0000C300FE708EB06035B88B3F5884F7FF451
:10FCB0004FAFBA467EE73946284605F0B1F8E7E788
:10FCC0003946284603F0ECFAE2E739462846254A49
:10FCD000FFF70CFDDCE73946284607F0CDF8D7E7FB
:10FCE000284601F0F7F8E36E0133E366EAE62846BA
:10FCF00001F0F0F8D4F88420E36E01320133C4F847
:10FD00008420E366DEE6284601F0E4F8D4E91B32FD
:10FD100001320133C4E91B32D4E64FF0000A86E712
:10FD200008EB06035B88B3F5884F7FF439AFBA461A
:10FD3000BAF1000F7FF43EAF0DE798F80930112BB0
:10FD40007FF42EAF08EB06035B88B3F5884F7FF492
:10FD500027AFBA462EE700BFD0570120C057012079
:10FD6000E0000001ECBC0020D8BC00202DE9F04FE1
:10FD7000054685B099468A4617469DF838B09DF8E5
:10FD80003C80BDF8484005F08BFDAB7B012B40F07B
:10FD90008780002F00F08A80002C00F08F80282CB4
:10FDA00000F2A680E61C26F00306B6B206F11403A4
:10FDB0009BB231462846009300F0E6FF002840F051
:10FDC0008E8001902246119968680DF0AAFCB44219
:10FDD000019B7DD300246B681E4433F8022B9E42A6
:10FDE0001444FAD11421284600F0CEFF002876D121
:10FDF0006B896E68132B64D986F8098086F80890A1
:10FE00003968009B48EA09284FEA2822080CC3F306
:10FE1000870343F04003316142EA082210FA81F17E
:10FE2000337011FA82F24BEA0323224486F801B0C0
:10FE30001C1244EA0324288912FA84F4FDF73CFAE0
:10FE400000220346DFF8CC807380B8F80000B2715E
:10FE5000F2711C44FDF730FAB8F80030B08001337D
:10FE6000A8F800300319BAF1000F2ED0DAF80020FC
:10FE700013FA82F303EB1243F2609AB202EB1343DC
:10FE800003EB1343DB4373811E483A46036E294656
:10FE90000133036610984369984705B0BDE8F08FB9
:10FEA000194805F0B5FC002F7FF476AF6B89132B52
:10FEB00015D96B6803AF1B690393E5E7142300931F
:10FEC00090E7124805F0A4FC96E7114A1268CFE7C4
:10FED000686819462044321B0DF070FB7AE7094A26
:10FEE0006FF00100D2F888300133C2F88830D4E7CF
:10FEF000044A6FF00500D2F888300133C2F8883028
:10FF0000CBE700BFD0570120901B02009C1B0200D2
:10FF1000D83902003CBD0020F0B59E46DDE9074718
:10FF20009DF814509DF81860BDF824C01AB109B1AD
:10FF30000B6803B9211D7346CDE9087CCDE9066441
:10FF40000595BDE8F040FFF711BF00BF30B587B0A1
:10FF50009DF828409DF82C500094002401950C9D9C
:10FF6000CDE903440295FFF701FF07B030BD00BFA4
:10FF7000F0B587B09DF830509DF834600E9C1AB1F2
:10FF800009B10F6807B9211DCDE90164002400956E
:10FF9000CDE90344FFF7EAFE07B0F0BD421E03328D
:10FFA000034615D891F84D0010F002000FD04A68B2
:10FFB0009A420BD089685A400A4207D1C84323EAC3
:10FFC0000103181AB0FA80F040097047002070470A
:10FFD000012070472DE9F0434D4D037885B0EA5C70
:10FFE000520739D5E9460E464F460DF10C08302B25
:10FFF00036D04FF00A0E0024013007E0BEF1080FA2
:020000021000EC
:100000001CD004FB0E340378303C0130EA5C03F171
:100010000A0C12F0040F02F00301EFD1BEF1100F31
:1000200010D112F0440F0DD0022914BF41226122D9
:10003000ACEB020C03784CEA0414E6E7A3F13001C0
:100040000729DED92E2B19D1474505D0037847F86B
:10005000044BEA5C5207CAD4002005B0BDE8F08327
:10006000437803F0DF02582A03D04FF0080E013026
:10007000C1E783784FF0100E0230BCE70BB11307D5
:10008000EAD5A7EB09039B100133042B3BD801A24F
:1000900052F823F059000100B9000100A900010045
:1000A000EB000100C7000100B4F1807FD4D2009BB7
:1000B000FF2BD1D844EA03641EB12046FDF700F9B6
:1000C00030600120C9E7FF2CC6D80099FF29C3D8AA
:1000D000019BFF2BC0D8029AFF2ABDD81B0443EA1C
:1000E000016343EA02231C43E6E7B4F5803FB3D241
:1000F000009AFF2AB0D8019BFF2BADD81B0443EA1E
:1001000002631C43D8E7034805F082FBD4E700BF35
:10011000A53B0200CC1B02002DE9F04F4FF0000977
:100120008B46CA468E469446036885B0284F0DF12B
:100130000C0802AE0393551C002218F8013BCDF8C1
:100140000480A7FB031411469846E40804EB8400DE
:10015000A3EB4000E3B201F11004013230306C44F3
:10016000B8F1090FD2B204F8080CEAD8DDF804801F
:1001700009F1010308F801AC3AB3CC451ADD31446A
:1001800001E09D4216D00C78B14218460EF8014BA2
:1001900003F1010301F1FF31F3D1844500F10109BD
:1001A00008DD2E22734603F8012B04AA904505D0E2
:1001B0009E46C1E7002005B0BDE8F08F00235846F9
:1001C0008EF8003005B0BDE8F08F4846E5E700BF87
:1001D000CDCCCCCC10220149FFF79EBF40BD002002
:1001E00010B500244FF4804001214FF040220C4B09
:1001F00023F003031C710B4C186023600A4C0B485E
:10020000236003F580430360197109481A6005F003
:1002100099FA00B910BD0748BDE8104005F0F8BADA
:1002200063BD00205CBD002050BD002058BD0020F3
:1002300054BD0020D81B0200002800F093808307E3
:100240002DE9F041044640F08480554EA0F10805A8
:100250003368AB4205D8534F00F10C033A689A4219
:1002600008D2514805F0D4FA05F0C6FABDE8F041CD
:1002700005F0D2BA4D4805F083FA14F8043C002B7F
:1002800000F08B8034F8083C3268B3F5804F34F8C6
:10029000061C09D8B1F5804F06D8A81A80B288424A
:1002A0000ED0515A81420BD0414805F0B1FA3F4877
:1002B00005F070FA05F0A0FABDE8F04105F0ACBA1F
:1002C000D7F800C0D118614502D049888142EBD1EE
:1002D0000021DFF8F88004F8041CD8F80010A942C7
:1002E00088BFC8F8005095423DD3654541D2326879
:1002F00013449D4213D0197989B939688B420ED0C5
:10030000D8F800108B421B8808BFC8F80050B3F51E
:10031000804F24F8083C02D01344A91A598034F8BD
:10032000061C53189D420FD0187968B9D8F8000000
:10033000854208BFC8F8003034F8083CB3F5804F58
:1003400053521CBFD21851801848BDE8F04105F047
:1003500021BA184805F05CFA05F04EFABDE8F04104
:1003600005F05ABA7047144805F052FA3B689D42AE
:1003700002D3124805F04CFA14F8043C13B11048AB
:1003800005F046FA34F8083CB3F5804FAFD90D4874
:1003900005F03EFA34F8083CA9E70B4885E700BFB2
:1003A0005CBD002058BD0020181C020054BD002078
:1003B0005C1C0200F41B0200901C0200A81C02003E
:1003C000C41C0200E01C0200341C020050BD0020CE
:1003D0002DE9F843CC1C24F00304A4B20B2C0546F1
:1003E00057D9B4F5804F57D8A14255D8434F3B68F1
:1003F000AB423ED8424A1268AA423AD935F8086C54
:10040000A5F10808A8EB03081FFA88F8083EA6EB38
:100410000806B6B2A64261D329D03A4805F0B0F931
:1004200035F8082C3B6803EB020999F80410002901
:1004300035D1B2F5804F5CD0334908340868444464
:10044000A4B21A19484508BF0A600021B9F8006033
:10045000A2F802801680117125F8084C1288B2F5B6
:10046000804F01D01A445480264805F093F928465D
:1004700013E0264805F0CCF93B68AB4203D8204A8C
:100480001268AA42BAD805F0B7F905F0C5F92846AE
:1004900003E00C24A142A9D90020BDE8F88304F1AF
:1004A000140189B2B142DFD808344444B2F5804F18
:1004B000A4B217D019190A80002213480A710668DD
:1004C000A1F8028025F8084C0A888E4288BF016096
:1004D000B2F5804F1CBF9B185C80C5E70C4805F047
:1004E00097F9D9E70B4805F093F935F8082C3B68E4
:1004F000E0E7084805F08CF93B689DE75CBD00200B
:1005000058BD002054BD002050BD00200C1D02002D
:10051000241D0200441D020000286DD02DE9F04783
:10052000C51C25F00305ADB20B2D2BD9B5F5804FB9
:1005300025D8A84223D8DFF824A1424E424805F02E
:100540001FF9DAF800E03068C5F5804CAEEB000327
:100550009AB2624513460FD26FF007098418984685
:100560002779835A11461A4627B9A9EB0101194484
:10057000A94209D29C45F1D8334805F00BF9002077
:10058000BDE8F0870C25D4E705F11402914205F18E
:1005900008052ED308EB05091FFA89F9B9F5804F34
:1005A00048D04FF0000C012100EB090282F804C092
:1005B00020F80930A2F802802171A4F8009030F8E8
:1005C0000930B3F5804F02D01844A0F80290A64538
:1005D000DFF88C801DD01C4805F0DCF8D8F800301E
:1005E0002544AB4211D3A30708D104F10800BDE8AC
:1005F000F08701232371EAE700207047134805F0D4
:1006000007F9134805F004F9EFE7124805F000F97F
:10061000E9E723463068D8F8001003E01B8803445C
:100620001A7922B19942F9D1CAF80010D3E7CAF871
:100630000030D0E7084805F0EBF823883068DAF896
:1006400000E0AEE75CBD002054BD0020881D020024
:10065000B81D0200581D0200441D020050BD0020BC
:1006600058BD002038B501FB00F4B4F5803F0AD234
:10067000A0B2FFF751FF054618B1224600210CF049
:100680009DFF284638BD0025284638BD70B5044674
:1006900005F0B2F8E3681D68B5B12A6806461A602D
:1006A000AB070DD122683046D388118901339BB244
:1006B0009942D38038BF138105F0AEF8284670BD4B
:1006C000054805F0A5F8EDE72268136801331360CB
:1006D00005F0A2F8284670BDDC1D0200002130B5EF
:1006E000D0E90235C48829607CB103330A46B0F8EA
:1006F00004E023F0030300E063460132A2421960E4
:1007000003EB0E0C1946F7D12B6003689C8030BDBB
:100710002DE9F04304244FF00009154DDFF860E0A7
:10072000144E154B154F05F12C08033355F8042BC7
:1007300023F00303C7F800906CB10021B2F804C0A5
:100740000A4600E003460132A242196003EB0C00A6
:100750001946F7D13B60A845B4804EF8046F05D028
:100760002A681668D488D2E90237DEE7BDE8F0834C
:10077000DC39020034570120445701203057012052
:100780002459012008B1FFF781BF10B50446024883
:1007900005F03EF8204610BD001E02000A2804D8CD
:1007A000034B53F82000FFF771BF0020704700BFD4
:1007B000DC390200C0B138B50C46A1B18B07054643
:1007C0000DD105F019F82968EA68CB88013BCB8088
:1007D000136823601460BDE8384005F01DB8044874
:1007E00005F016F8EDE738BD024805F011B800BF76
:1007F000141E0200001E02000A2816D838B50C4646
:1008000091B10C4B53F820508B070FD104F0F4FF3B
:100810002968EA68CB88013BCB80136823601460A9
:10082000BDE8384004F0F8BF38BD7047024804F016
:10083000EFFFEBE7DC390200141E02006FF00B0043
:10084000704700BF70B50B681546426882B093428E
:1008500002D1002002B070BD04460E462A60284630
:1008600001A9019301F006FF284601A904F02AFE20
:10087000284601A900F05AFF294601AA204605F0A2
:1008800075FE94F84D20336802F005010529636078
:1008900006D0E3690BB120469847012002B070BD35
:1008A000002BF6D09306F4D52046FEF7EBFEF0E7DA
:1008B000704700BF2DE9F0410E4686B01C46174632
:1008C000054604F0EDFF404B002E08BF1E46002FEA
:1008D00008BF1F46002C08BF1C463368002B37D0CA
:1008E00000239846D5E902213868904227D0A860B5
:1008F0000092226848F040048A42A4B2CDF810D099
:1009000018D0A046EA6001AA01910592002B46D0BA
:1009100048F0A006B6B22D4B1C6844B1234664686B
:10092000314628461B6803AA9847002CF6D106B02A
:10093000BDE8F081DBB148F0C006B6B2EBE7226853
:100940008A42DFD1F3B1B8F1000FF0D09026E2E790
:100950003146284602AAFFF775FF804628B102AB50
:1009600003934FF010080123BCE70123BAE702AF5D
:100970003A4631462846FFF765FFD8B944F49064FB
:10098000A6B2C8E702AF3A4631462846FFF75AFFFB
:10099000A8B9B8F1000F14D14FF48066BBE702AFDD
:1009A00048F020043A4631462846A4B2FFF74AFFF1
:1009B0000028E3D044F492640397A6B2ABE7444620
:1009C000F8E71024DAE700BFD8390200C457012045
:1009D0002DE9F84F06460C46154698460B9F04F045
:1009E0005FFF002E00F09280002F00F08F8000202B
:1009F0000A9B484973620C9B854214BF2A460A46EB
:100A00003361DFF820B1804514BF43460B46844272
:100A100018BF2146404CC6E9010074619BF80040B4
:100A2000C6E90700C6E91500F060A6F8440086F89C
:100A30004D00B062F06230637063B063F06386F8BB
:100A400050403046FFF736FF3046B8478246002810
:100A50005CD1DFF8D48096F85030D8F80040FF2BF6
:100A6000DFF8C8902D4F08BF86F850A01CB30025B2
:100A700007E094F8503096F8502093420FD0246845
:100A800004B3A6421AD00135FF2DF2DD384604F03A
:100A9000BFFE94F8503096F850209342EFD10133C6
:100AA000DBB2D8F80040FF2B86F8503008BF86F83C
:100AB00050A0002CDBD196F8502005E0484604F009
:100AC000A7FEE0E7D8F80040FE2A0CBF0023531C25
:100AD00096F84D2018BFDBB28BF8003093063460D7
:100AE000C8F800600ED40E4B1C6844B123466468FD
:100AF0000022012130461B689847002CF6D1304671
:100B0000BDE8F88F3046FEF7A5FDECE70020BDE814
:100B1000F88F00BFD83902003D080100481E0200CE
:100B2000C4570120B8570120C0570120341E0200CD
:100B300010B5044604F0B4FE014B1C6010BD00BFAC
:100B4000BC57012030B5054685B004F0A9FE25B399
:100B500095F84D30DA0720D4EA6943F0010385F8AF
:100B60004D300AB1284690470123104A8DF80430D1
:100B7000146844B123466468082128461B6801AA0A
:100B80009847002CF6D195F84D3003F00502052A60
:100B900003D16A680AB19B0601D405B030BD28466E
:100BA00005B0BDE83040FEF76DBD00BFC457012061
:100BB00030B5054685B004F073FE1DB195F84D3093
:100BC0005A0701D505B030BD43F0040385F84D3018
:100BD0002846FEF707F92846FDF72AF995F84D3023
:100BE00003F00502052A15D02B6A0BB12846984759
:100BF00001230D4A8DF804301468002CE2D02346FE
:100C00006468042128461B6801AA9847002CF6D185
:100C100005B030BD6A68002AE6D09B06E4D52846B8
:100C2000FEF730FDE0E700BFC457012030B50546B0
:100C300085B004F035FE1DB195F84D305A0701D44A
:100C400005B030BD23F0040385F84D302846FDF78C
:100C5000FBF8284605F0A4FB2B6A0BB12846984701
:100C60000023084A8DF804301468002CE8D023468D
:100C70006468042128461B6801AA9847002CF6D115
:100C800005B030BDC457012010B5074B1C78621C5D
:100C90001A7004F005FE012C02D9044804F0B8FDD6
:100CA000201DC0B210BD00BFB7570120781E020042
:100CB00010B5044604F0F4FD64B1074B186810B990
:100CC00007E0006828B190F850300133DBB2A3424E
:100CD000F7D110BD204610BDC057012038B50446DD
:100CE0000D4604F0DDFD34B155B1074B25601A689F
:100CF0001C60626038BD054804F08AFD002DF4D107
:100D0000034804F085FDF0E7C4570120AC1E020043
:100D1000C81E020008B504F06FFD0022084B1A70CF
:100D200004F07AFD074B186810B908E0C06830B1CC
:100D3000436F002BFAD0BDE8084001F0C5BC08BDE8
:100D4000C85701208059012070B40024033061F39A
:100D50000F04BDF810C020F0030061F31F440144EC
:100D60006145039D0DD805B10544002602211A7383
:100D7000012218465D609C601E605973DA8170BC68
:100D80007047002070BC704710B5F0B1B1F5803FDE
:100D90000BD2C1B103898AB213449BB29A4204D8E0
:100DA00090F90CC0BCF1000F01DB012010BD4468BC
:100DB00000F1100C611A6145F7D3B0F80AC0416028
:100DC000624442810381002010BD024804F020FDEE
:100DD000EBE700BFDC1E020010B5F8B1B1F5803FB3
:100DE0001AD299B103898AB213449BB29A4213D89A
:100DF00090F90CC04468BCF1000FA4EB010107DBC3
:100E0000B0F80AC04160624442810381002010BDF5
:100E100000F1100C6145F3D2012010BD014804F02F
:100E2000F7FCF9E7DC1E020010B588B1B1F5803F90
:100E300011D259B143898AB293420CD344689B1AA8
:100E40000C44018944608A1A43810281002010BD4C
:100E5000024804F0DDFC012010BD00BFDC1E0200D2
:100E6000002910B517DB40B399B103898AB2134446
:100E70009BB29A4224D890F90CC04468BCF1000F90
:100E8000A4EB01011EDBB0F80AC04160624442815C
:100E90000381002010BD80B1438949421FFA81FCC3
:100EA0009C450DD84268A3EB0C03114402894160B4
:100EB000A2EB0C0243810281EBE7054804F0A8FC99
:100EC000012010BD00F1100C6145DCD2F8E700BF35
:100ED000DC1E02002DE9F8430546002848D0002614
:100EE000DFF8A080DFF8A09008E02B69002B35D058
:100EF000284698470136F6B2FCB1254604F07CFC42
:100F0000AB7B0746E3B1013BDCB23846AC7304F07F
:100F100083FC94B96A7B2C6892072B7BE5D403F0A1
:100F20000F03022B15D0012B1DD073B928460136B3
:100F3000FFF782F9F6B2002CDFD13046BDE8F88326
:100F4000404604F065FCAB7BDDE7484604F060FCFE
:100F5000D0E729460A20FFF74FFCCBE7074804F00B
:100F600057FC2B69C4E729460920FFF745FCC1E778
:100F7000034804F04DFC2E46DFE700BF001F0200CF
:100F8000DC1E0200E81E0200241F02002DE9F043CF
:100F90000026B2F5C17F61F30F06894683B061F385
:100FA0001F4646D015460CD822F04003012B9CB2B8
:100FB0002ED0464804F02CFC0027384603B0BDE88C
:100FC000F083B2F5207FF4D1C31C01F1030929F0AD
:100FD000030923F003034B449BB204464B4503F142
:100FE000100080B2E8D38145E6D8FFF795FA0746AE
:100FF0000028E2D0002203193549133323F00303FC
:10100000C0E90136C1600260384603B0BDE8F08334
:101010000920FFF7C3FB07460028CED000238660D7
:10102000C0E900330573C4814373384603B0BDE89B
:10103000F083002180460F460C46264D09E03060C3
:10104000A9EB03031FFA83F94FF00008B9F1000F71
:10105000B3D00A200E46FFF7A1FB08F1030323F0EB
:101060000303C3F5147301469BB288B14B4528BFF7
:101070004B4600EB0802133222F00302C0E90042A3
:10108000A0F808904381C560002FD8D10746D7E764
:10109000019004F0B1FB01230F4D2C782B70E4B2CA
:1010A00004F0BAFB01992CB1002F85D03846FFF728
:1010B00011FF81E70948F9F79BF90028F4D004F003
:1010C0009BFB0199297004F0A7FBEDE7381F020094
:1010D0008000010082000100C8570120150D0100A9
:1010E00070B504460D46002835D02289AA421ED983
:1010F00063899D420CD9A91A89B20A4422812468C5
:10110000EB1A9DB27CB36389AB4201D22289F4E72A
:101110000026227B65F30F06120765F31F4607D0F2
:101120002068A66008B1FFF7D5FE0023236070BDDC
:10113000AB42F5D0637B9B07F2D4636820461B1B50
:10114000E91889B2FFF744F948B1A042E8D008484D
:1011500004F05EFBE4E7074804F05AFBC5E70648E5
:1011600004F056FBF3E7054804F052FB6389FFDE09
:10117000A01F0200541F0200841F02006C1F020007
:10118000034630B100201B68013080B2002BFAD139
:101190007047704758B110B5044604F02DFBA37B8F
:1011A0000133A37304F038FBA37B0BB110BD704770
:1011B0000248BDE8104004F02BBB00BFBC1F02007A
:1011C00038B338B50D46B1B18842044622D0236801
:1011D00022898BB1228929890A4422811C461B68F5
:1011E000002BF7D1228963899A4208D122892B8961
:1011F00025601A44228138BD63899342F7D007489D
:1012000004F006FB2368002BF0D0054804F000FB37
:10121000ECE77047034804F0FBFAD8E7EC1F020044
:101220001C200200D01F020010B50C46FFF7C8FFBB
:1012300044B104F0E1FAA37B0133A37304F0ECFAA8
:10124000A37B03B110BD0248BDE8104004F0E0BA32
:10125000BC1F0200002900F0B8802DE9F84F1F469E
:101260000B898B4693421646C0F0AC800546002899
:1012700000F0A8800289BB199A42C0F2A3804FF007
:101280000008DFF84CA1DFF84C916C89BBF80A30FC
:10129000E41BA3EB08039C4228BF1C46B44228BFB2
:1012A00034466868DBF804103844414422460CF0A8
:1012B00038FA6B892744361BBB42A044B6B235D3FB
:1012C000BBF80A3043452BD3984513D26A8997421D
:1012D00011462FD0BBF8080098421CD02B898B42B6
:1012E00002D0002ED1D154E02B68002B48D1002E23
:1012F000CBD14EE0DBF800B0BBF1000F23D06A8900
:10130000974211462FD0BBF80A00BBF808304FF0C7
:1013100000089842E2D1DBF800308BBB1146DDE7D4
:10132000484604F075FABBF80A30CDE7504604F0A1
:101330006FFAC5E72D683DB3BBF808209A421CD070
:1013400000276989CAE7002E3CD16B899F4223D0D0
:101350002A899A421DD12B68002B14BF6FF005001B
:101360000020BDE8F88F2D68DDB1BBF80A30BBF86E
:1013700008204FF000089A42E2D1DBF80070FFB17C
:101380006FF00500BDE8F88FE6B9BBF808209A4277
:101390000ED00020BDE8F88F2D68002DF9D06B89A4
:1013A000D6E77EB9BBF80A30BBF808209A42F0D1E4
:1013B000DBF80030002B14BF6FF005000020D0E7F1
:1013C00069898BE76FF00F00CBE76FF00F00704774
:1013D0002C2002004420020019B100230A89FFF7E3
:1013E00039BF6FF00F0070472DE9F041054660B33B
:1013F0000F4671B3164682B34FF00008B5F80AC025
:1014000007EB080053B16345A3EB0C0206D32D682C
:1014100093B2002DF2D14046BDE8F081ACEB03045D
:10142000A4B2B44228BF34466968361B2246194428
:101430004444B6B20CF075F91FFA84F82D68002EFA
:10144000E9D00023002DD9D1E5E780464046BDE82C
:10145000F08188464046BDE8F0819046DBE700BF5A
:1014600040B143898B42A1EB030303D8006899B2D2
:101470000028F6D102B11180704700BF78B32DE982
:10148000F047884641B3038905469342914620D3ED
:10149000E2B116460027DFF850A06C896868B442B4
:1014A00028BF344608EB070122460CF03AF9361BF8
:1014B0002D68274405D0002DEFD1504604F0A8F93F
:1014C000EBE7B94502D0074804F0A2F90020BDE8D7
:1014D000F0874FF0FF30FAE76FF00F00F7E76FF09B
:1014E0000F007047782002006020020078B32DE9D9
:1014F000F04104460F4602E0246883B21CB36689BB
:101500009E42A3EB0600F7D9218903EB020841456F
:1015100019DB60681844F31A9A420EDD9DB22A4620
:1015200039460CF0FEF8A8EB060292B242B12068F0
:101530007919BDE8F041FFF7A1BF39460CF0F1F889
:101540000020BDE8F0814FF0FF30BDE8F0814FF0A2
:10155000FF30704738B514460A462189FFF716FD5B
:10156000054628B1002321462289FFF773FE08B9FA
:10157000284638BD024804F04BF9284638BD00BF64
:101580009020020018B90EE0006891B250B1438972
:101590009942A1EB0302F7D28B4202D94368585C0F
:1015A000704700207047704740B143898B42A1EBE0
:1015B000030306D8006899B20028F6D14FF0FF3037
:1015C00070474368585C704718B90AE0006899B2E0
:1015D00030B143898B42A1EB0303F7D943685A54D6
:1015E0007047704730B5044600891D46CB189842B5
:1015F00003DA28E0246881B224B160898842A1EB33
:101600000000F7D9EDB1002002F1FF3E01EB000C24
:1016100023461FFA8CFC24B90BE01B681FFA82FCDE
:101620003BB15A896245ACEB0202F6D95B6813F80C
:101630000C301EF8012F01309A4280B202D1A8422C
:10164000E4D1002030BD4FF6FF7030BD2DE9F84FDA
:101650008246324E31687069FEF7A0FC304BD3F8F9
:1016600000B0DAF804305C7ABBF1000F54D00746C2
:101670000020054605E0DBF80C305D46002B37D036
:101680009B469BF81030A342F5D19BF80820DBF86D
:10169000001032B1736893F850300133DBB29A42D4
:1016A000E9D13FB30029E6D19BF81130DB0704D51F
:1016B000DBF8042033699A42DDD1DBF81480B8F1FD
:1016C000000FD8D052465946164BDBF81800DAF80E
:1016D0000490C047A0B9DAF804304B4502D0124854
:1016E00004F096F8DBF80C3002205D46002BC7D1E1
:1016F000BDE8F88F0029D7D073699942BBD1D3E7F1
:1017000045B10749DBF80C200B68EA60C1F800B06E
:10171000CBF80C300120EBE75846E9E7D8BC0020B5
:10172000CC570120E8BC0020A4200200A8B1026828
:101730009AB191B10B6883B1084B1B686BB110B4BF
:1017400000E002681C68944204BF0A681A60DB6803
:10175000002BF6D15DF8044B70477047CC57012041
:10176000704700BF10B50446F8B1237D042B05D0A7
:10177000072B0DD0032B01D0002010BD204602F016
:101780006FFE48B905232046237502F0A7FFF3E753
:10179000204602F065FE30B1431CEED1638B43F06E
:1017A00008036383E8E70923EDE7024804F030F813
:1017B000DBE700BFF020020070B50646806F18B16D
:1017C000FFF788FB0023B367746F64B12546686830
:1017D000246808B1FFF77EFB04202946FFF70CF8C8
:1017E000002CF3D174674FF6FF73F46E33865CB14F
:1017F00025466868246808B1FFF76CFB0420294679
:10180000FEF7FAFF002CF3D1346F5CB1254668680F
:10181000246808B1FFF75EFB04202946FEF7ECFFC1
:10182000002CF3D10023C6E91B33A6F8683070BD45
:1018300008B503F0FDFE6FEA80406FEA9040024B6E
:1018400080B2188008BD00BF4007002010B5037D9E
:101850000446012B05D02146BDE810400220FEF7CA
:10186000CBBF044803F0D4FF2146BDE8104002205E
:10187000FEF7C2BFFC20020038B50446F0B1228D4D
:10188000E36AB4F832C0616AD01ABCF5866F0844C6
:1018900094BFA0EB0C05A0F58665002D01DB6285E9
:1018A00038BD5D1A0ED4B5F5803F03D2AAB2002030
:1018B000628538BD054803F0ABFFF7E7044803F045
:1018C000A7FFDCE700221046628538BD3421020004
:1018D0001021020038B505460C4603F0E1FFE5B1E2
:1018E0002B7D012B1DD02B8D191989B2B1F5066FF7
:1018F00014D88B4288BF4FF4066128462985FFF72C
:10190000BBFFB0F5067F08D36B8B284643F002037C
:101910006B83BDE8384002F0E1BE38BD4FF406618C
:10192000EBE7024803F074FFDDE700BF502102003F
:101930002DE9F04FB04EB14F32683B7801320133A0
:10194000DFF8D89287B032603B70D9F80040002CA5
:1019500061D04FF0000A237D002B00F0FC80012BAA
:1019600000F000810A2B00F004813A78A37F9342B3
:1019700000F00781237DA277022B94F8422000F02B
:10198000B8800B2A40F2C1804FF0010B062B00F00B
:10199000D680627A120740F1B080042B40F0C081FB
:1019A0003068216AD4F89450A0EB010E05F524228A
:1019B000934802F6B842A0FB02C2BEEB521F40F2AF
:1019C0009781656F0BF1010B4FF001085FFA8BFBFC
:1019D000002D00F07F813268B4F94030521A03EBD9
:1019E0004303B2EB430F80F0F680237D032B77D0C7
:1019F000092B40D0BBF1000F40F06C81237F627F48
:101A00000133DBB29A42E568237740F2C080A246F8
:101A10002C46002C9FD17B4F3C684CB30025DFF84F
:101A20000082237D0A2B00F0CA80404603F0F0FEBE
:101A30003368226A9B1AF02B40F2C780237D012B6A
:101A400000F2D4813B68002D00F0BB819C4200F085
:101A5000EA81D4F80C90C5F80C90237D012B00F09E
:101A6000BD8121464C460220FEF7C6FE002CD8D18F
:101A700007B0BDE8F08F3368226A9B1AF02B34D987
:101A8000D4F890502046FFF797FED9F80030BAF10D
:101A9000000F00F073819C4200F08F81E368CAF868
:101AA0000C30B8F1000F40F03F81D4E903B8237D3A
:101AB000012B00F04B8121460220FEF79DFE002302
:101AC000514C23703DB16FF00C014046A84723787C
:101AD000002B7FF43AAF5C46002C7FF43CAF9AE7D2
:101AE0003368226A9B1A282BCAD8BBF1000F85D015
:101AF000C6E7052A09D94FF0010B656F002D00F0EC
:101B0000F5804FF00008216A65E794F899B0BBF1C1
:101B1000000F00F08780236F13B13C4803F078FE7C
:101B2000E36E002B00F05E8194F89A300B2B40F2AC
:101B30001181237D4FF0010B062B7FF42AAF628BBE
:101B4000D00600F1B780627A1107D6D4656F002DF8
:101B5000D7D1A8464EE72E4803F05AFE237D012B2D
:101B60007FF400AF2B4803F053FE237D0A2B7FF454
:101B7000FCAE294803F04CFE3A78A37F93427FF4F1
:101B8000F9AEA246E468002C7FF4E5AE43E70023FB
:101B9000DFF87480D4F88C20237788F8003052B1B5
:101BA00021462069904798F80030002B7FF4CDAE95
:101BB00000287FF42CAF204602F090FD27E7336821
:101BC000226A9B1AF02B3FF63DAF2546E468002CB5
:101BD0007FF427AF4CE705942C4660682D6808B168
:101BE000FFF778F904202146FEF706FE002DF3D119
:101BF000059C6567F9E600BF8C59012078590120E2
:101C0000D34D62107C5901207A590120FC21020039
:101C100078210200A4210200D02102008059012075
:101C2000C022020047F6FE70B4F9302091B2814222
:101C300002D801310AB22286B4F9401091423FF72E
:101C4000A5AE204602F036FC002840F0D680237D69
:101C5000022B14D094F8423047F6FF720C2B28BFA9
:101C60000C237349B4F93C00C95CB4F93E3003EB72
:101C7000E0038B409342A8BF1346A4F84030B4F869
:101C80004820B4F860300021934228BF1346628E8A
:101C90005B08A4F84820520092B2934238BF134622
:101CA0002046A4F84A302186A4F86A1002F0D2FE39
:101CB000237D6BE63268216A521A282A7FF646AFE6
:101CC000656F0BF1010B4FF000085FFA8BFB002DE5
:101CD0007FF481AED4F89050002B3FF4D6AE0A2B9F
:101CE0003FF4D3AE012B7FF4CDAECEE6A8467CE622
:101CF00094F89B204F4901FB02554F4AA2FB052552
:101D0000BEEB551F7FF622AF204602F0DBFE002817
:101D10007FF4F3AE94F89B30013384F89B30ECE60B
:101D2000072B3FF43DAEE8E6238B626A216D0293F8
:101D3000E38A20460193231D0093234602F066FCAC
:101D4000D4E903B8237D012B7FF4B5AE3B4803F003
:101D50005FFDB0E694F89920394B134413F8012C39
:101D600094F89830934212D20133DBB2934284F854
:101D700098300CD24FF0000B237D07E69C4202D036
:101D8000304803F045FDE368C9F8003089E6B4F84F
:101D90006050002D3BD1204602F0B2FE0028E9D170
:101DA0004FF0000B94F8993084F898B0062B9CBF44
:101DB000013384F89930237DE8E5234803F028FDBA
:101DC0006CE69C4202D0214803F022FD237DD4F82A
:101DD0000C90012BC7F800907FF443AE174803F036
:101DE00017FD3EE61A4803F013FD9DE60A2B3FF46B
:101DF00029AE2046FFF7E0FC24E6226F237D002A6F
:101E00007FF4C4ADE26E002A7FF422AFBEE529461E
:101E1000204602F0BBF90028C2D1204602F05EFC49
:101E20000028BDD1A6E70B4803F0F2FC11E600BF85
:101E3000D03A0200F8240100D34D6210FC200200C9
:101E4000C83A02009422020068220200182302000D
:101E500030220200F022020070B138B50446254657
:101E60006868246808B1FFF735F804202946FEF7B2
:101E7000C3FC002CF3D138BD704700BF58B110B57A
:101E80000446406808B1FFF725F82146BDE8104038
:101E90000420FEF7B1BC704738B5054688B1042070
:101EA000FEF77CFC044650B168682968AA68EB68B4
:101EB000606060682160A260E360FFF76BF9204614
:101EC00038BD024803F0A4FCE9E700BF402302004C
:101ED00030B1037D012B03D90A2B01D0FFF76CBC75
:101EE000704700BF38B505460C46002945D0002D87
:101EF00048D02B68A34230D02BB1DA68A24234D04C
:101F00001346002BF9D10022237DE260ABB9638B2D
:101F1000DA073BD4E36E13B1234803F079FC236F57
:101F200013B1224803F074FC636F13B1204803F02F
:101F30006FFC00232375E38238BD0A2BEAD0012B06
:101F4000F7D02046FFF738FC237D0A2BE2D0012B87
:101F5000DDD100232375E38238BD0022E3682B60C6
:101F6000237DE260002BE8D1D1E7E268DA6000224D
:101F7000237DE260002BE0D1C9E70E4803F048FC66
:101F8000002DB6D10C4803F043FCB2E743F0020346
:101F90006383204602F0A2FB237D012BBAD10023EC
:101FA0002375E38238BD00BF98230200B0230200EE
:101FB000CC2302005C230200782302002DE9F04FBD
:101FC000054687B00E4603F06BFC002D5ED02B7DDE
:101FD000012B00F083800A2B00F087802A6DD5F852
:101FE00024B0D5F89070D5F81090B5F81680059209
:101FF000002B43D1B8F1000F4BD14FF000084646FB
:102000002C6F64B1A246DAF80400246808B1FEF728
:1020100061FF04205146FEF7EFFB002CF2D1EC6E7D
:1020200064B1A246DAF80400246808B1FEF752FF52
:1020300004205146FEF7E0FB002CF2D16C6F64B136
:10204000A246DAF80400246808B1FEF743FF042032
:102050005146FEF7D1FB002CF2D14EBB2B7D012B5C
:1020600035D029460220FEF7C7FB7FB16FF00C0187
:1020700048463B4607B0BDE8F04F1847294624487C
:10208000FFF730FF0122234B1A70B9E707B0BDE814
:10209000F08F214A1368AB421DD033B1DA68AA42EF
:1020A00001D01346F9E7EA68DA600023EB60A4E7A1
:1020B000CDF804802B8B5A4602932B1D00932846A3
:1020C0002B46059902F0A2FA2B7D012BC9D11348AA
:1020D00003F09EFBC5E7EB681360E6E7104803F0EA
:1020E00097FB2B7D0A2B7FF479AF29460D48FFF72C
:1020F000F9FE2B7D012B06D02946022007B0BDE852
:10210000F04FFEF779BB054803F082FBF4E700BF10
:10211000805901207A59012088590120FC200200B1
:10212000E42302007C5901200121FFF747BF00BFD3
:1021300070B505460C46A0B14CB14FF6A9662368B0
:102140002A6820469342E46802D0002CF7D170BD83
:102150009BB2B342F9D00121FFF730FF002CEED142
:10216000F5E7024803F054FBE6E700BF182402003D
:102170000F4B1968D1B14FF0000C024660460D4B71
:1021800010B41C680B7D934205D10B6AE31A9C4581
:102190009CBF08469C46C9680029F3D118B15DF878
:1021A000044BFFF70BBF5DF8044B7047704700BF4F
:1021B000805901208C590120F8B5064603F070FBC8
:1021C0000220FEF7EBFA044618B39C2200212046B9
:1021D0000BF0F4F94FF48660FF214FF006124C4BE0
:1021E000A4F86400A3624B4B4B481B684B4D00782E
:1021F000E172C4F83E204A494A4A23624A4B667556
:102200002563A077A164C4F88420C4F894302046E4
:10221000F8BD464F3D685DB12846438BED681A070F
:10222000F9D523F008034383FFF79CFA002DF3D17F
:102230003F4B1B688BB10021364A10681A6A821A1C
:10224000914298BF1C46DB6898BF1146002BF5D120
:102250001CB101212046FFF7B1FE0220FEF79EFAD5
:10226000044630B1334BD3F860211368013B13604F
:10227000ABE70920FFF77CFF0220FEF78FFA044648
:1022800030B12C4BD3F860211368013B1360EDE7AC
:102290000820FFF76DFF0220FEF780FA044630B1F8
:1022A000244BD3F860211368013B1360EDE733063C
:1022B0002BD4EEB132463B68013AD2B2C3B11549D4
:1022C00000250F6805E0186A0A461C463D1ADB68BF
:1022D0004BB1597D8A42F6D8F9D1186AA7EB000CA8
:1022E0006545F4D8F0E71CB101212046FFF766FEF2
:1022F0000220FEF753FA0446002888D00D4BD3F88D
:1023000060211368013B1360CEE77F22D3E700BF53
:10231000600860088C59012078590120FFFF1802DD
:1023200001003004BD24010000DD6D008059012052
:102330007C590120D057012030B504460D4685B0A8
:10234000002800F09680237D1DB1042B17D0072BA9
:1023500015D0012B6ED0022B47D0002B5AD1E38A27
:10236000002B4CD04B4A1368A34200F08B80002B0B
:1023700000F08580DA68A2427FD01346F7E7A36FAA
:10238000002B43D0638BDB064AD5208BE28A211DCC
:10239000CDE90120626A009123462046216D02F0BA
:1023A00035F9237D012B04D90A2B02D02046FFF7F3
:1023B00003FA394A1368A34239D033B1DA68A2422A
:1023C00001D01346F9E7E268DA6000200121334BBF
:1023D000334A1B68E060A342117025D0237D012B96
:1023E0000DD1304803F014FA09E021462A48FFF7DE
:1023F00079FD0121237D2A4A8B421170F1D02146BB
:102400000220FEF7F9F9002005B030BD238DB3F5A9
:10241000066FB7D1204605B0BDE83040FFF7A2B93E
:10242000214803F0F5F9B0E701F044FDEBE7E3687C
:102430001360CAE700201D4901F10C0551F8043F63
:102440001A6832B1D36F9C4208BFD067D268002AA5
:10245000F8D18D42F2D121461548FFF743FD237D87
:10246000012B12D021460320FEF7C6F9002005B04B
:1024700030BD104803F0CCF965E7E268DA6000236C
:10248000E360BCE7E3681360F9E70B4803F0C0F9C9
:10249000E8E700BF885901208059012090590120A8
:1024A0007A590120FC2002006C240200B83A020094
:1024B000845901204C2402008824020001B310B585
:1024C0000846144682B042B11189FFF703FA20464C
:1024D000FEF700FD002002B010BD002BFAD10191E3
:1024E00003F0DEF90198037D012B03D0438B43F009
:1024F00010034383012102B0BDE81040FFF71CBF69
:102500006FF00F00704700BF002830D0F8B50023EF
:10251000856FD0F884606F7B0446836756B10146AF
:102520002A460069B04758B10D301DD06FF0040045
:10253000A567F8BD2989FFF7CDF92846FEF7CAFC43
:10254000BB060FD5238DD4F88450B3F5066F1CBF9E
:102550000133238535B1002321461A462069A84757
:102560000D3001D00020F8BD6FF00C00F8BD6FF009
:102570000F0070472DE9F84300271C4DDFF87480E9
:102580002B781B4E01332B70D8F80040BCB1A37FD1
:102590002A78934215D0638BA277D9071AD41A07E9
:1025A00011D4A36FD4F80C9033B120463770FFF7E5
:1025B000ABFF3378002BE7D14C46002CE7D1BDE8C8
:1025C000F883E468E2E723F0080320466383FFF71B
:1025D000C9F8E6E743F002036383204602F07EF881
:1025E000638B23F003039BB26383D8E77859012000
:1025F0007A5901208059012008B5FFF7BBFF064A30
:1026000013780133DBB21370DB0700D408BDBDE8DB
:102610000840FFF78DB900BF7959012008B530B1E6
:10262000054B064A186812681044186008BD044833
:1026300003F0EEF8F4E700BF3C0700208C590120BE
:10264000A424020038B505460C466AB154B1B4F86A
:1026500044303BB1282B38BF2823283B9BB29D42F6
:1026600028BF1D46284638BD014803F0D1F8EDE7E4
:10267000C024020008B338B50368044603B938BD66
:102680000D460E4B1968FFF753FD0D4B2046196898
:10269000FFF74EFD002DF2D02B68002BEFD0094B39
:1026A0001B68002BEBD019682268914204BF2A688E
:1026B0001A60DB68002BF6D138BD704780590120C5
:1026C000885901208459012070B5446F6CB10646C9
:1026D00025466868246808B1FEF7FCFB04202946FB
:1026E000FEF78AF8002CF3D1746770BDF8B5054683
:1026F0000C4688B3EB689889FAF7DEFDC20725D44B
:102700001B4E04E020462468FFF7B8FB0CB3E168D9
:102710002B8937684868B4F808C03B441A1AA2EB02
:102720000C02002A0DDB8889FAF7C6FDC307E9D53C
:10273000EB6801209F89FAF7BFFDEB6807439F8193
:10274000E0E7C31A002B0BDB2C60F8BD2046FFF737
:1027500083FB00242C60F8BD064803F059F8C9E754
:10276000C11B89B268682981FEF7BAFC2C60F8BDEC
:10277000A4590120E824020010B50D4B04461B7833
:1027800013F0100000D110BD638BDB0606D4D4F823
:1027900090301BB16FF00E01206998472146054823
:1027A000FFF7A0FB2046FFF751F8012010BD00BF46
:1027B00098590120805901202DE9F04F83B00192F2
:1027C00000293AD006460C46DFF8A480DFF8A4A022
:1027D000254FE368D8F800505868FAF771FDE268B1
:1027E00081469089B4F808B0FAF766FD10F003004E
:1027F00018BF0120A5EB0905A5EB0B052D1A002D2F
:1028000029DBD4E90050FEF7BBFCB6F866308346FE
:1028100098421AD839882289A3EB0B030A44A6F8F8
:10282000663020463A80FFF729FBB6F8663043B1A0
:102830000DB12C46CDE7019B8BB1002003B0BDE864
:10284000F08F002DF9D02C46C3E7504602F0E0FF90
:10285000B6F86630DEE7204603B0BDE8F08F0348E7
:1028600002F0D6FFE9E700BF9C590120382502009D
:10287000A0590120102502002DE9F84F037D0446E0
:10288000032B40F2C280A54BA54E1A783368D206BE
:102890005ED4A44F3988336859B9626A991A0029FD
:1028A00069DB218D013A0A44D31A002B63DBBDE8B2
:1028B000F88F207D626A0628F0D8A2EB0308B8F1F1
:1028C0000105A3EB020000F13B8100F1FF3C1CEB92
:1028D000010F00F13581DFF86492D9F80450002D22
:1028E00000F057834FF6FE73984500F2FB81D9F84C
:1028F00004301FFA88F81A894245C0F0EC81B9F813
:102900000830A2EB0802A3EB0803A9F808306B8992
:1029100092B298450AD9002169812A812D68A8EBD5
:1029200003031FFA83F86B894345F5D341462846D4
:10293000FEF77AFA636AD9F80C2033605360238D6E
:10294000002B40F001822046BDE8F84F01F09CBE0C
:10295000754DD4E9151EC81A0028B4F860C02A685D
:1029600013DB99420DD096451CD170490968C9897D
:102970008C4517D20CE0638B43F002036383BDE800
:10298000F88FAEEB02010029EDDA68490968C989C0
:10299000B4F86200C4E915328842A4F8601038BF68
:1029A000A4F86210606C811A002932DB5D4F39880F
:1029B000002900F0A580606B00283FF47AAFA36B7C
:1029C0009B1A002BBFF666AF594BB4F93C201D880B
:1029D000C2F3CF0180B26B1A1B1A9BB21A4412B217
:1029E00013F4004FA28702D0491B084483B2002190
:1029F0006163B4F93E10A1EBA1010B449BB203EB60
:102A0000E202E387A4F8402044E74A4802F000FFCE
:102A100039E7C343D34200F11C81236D9B1A002B7D
:102A2000C0F21781638B5F0709D523F0040363832A
:102A30000023A4F86A30B4F84A30A4F848300023E0
:102A4000B4F93C10A4F84230E38F626403EBE10375
:102A5000A4F84030237D032B1ED9101AB4F84A3055
:102A6000B4F8482080B2934240F25F81638B13F444
:102A7000006F0CBF02210121638E13FB01F39BB297
:102A8000834294BFD11811188BB29A4240F27982D6
:102A90004FF6FF73A4F84830D4E91B212046FFF716
:102AA0008BFE0246E16E22672046FFF785FE00237B
:102AB000226F2377B2FA82F35B095B42E0662386DA
:102AC000002800F013811C4B1988B4F864300B44C3
:102AD000A4F86430638B190540F1BE80002A00F031
:102AE0003582D3685868FAF7EBFBE36CC01A00280C
:102AF000C0F2B280638B0B4F23F400636383ACE0BE
:102B0000F444A16DB4F860E07144614500F0B08018
:102B1000606B00287FF453AFBFE600BF99590120D6
:102B2000A45901209A590120A0590120B45901202B
:102B30008C590120582502009C590120B8590120C8
:102B40000028C0F29080218DE9423FF5FCAE93420F
:102B500000F0F880D4F87480B8F1000F00F014820F
:102B6000D8F80C0042689A4200F0C380991A0029F4
:102B7000C0F25482D8F8005003F1FF3CA5B1E868D8
:102B800042689A4200F0B880D8F80C104968ACEB63
:102B90000101002903DBD11A012940F18380A846F5
:102BA000D8F80050002DEAD1D21A002ABFF6CBAED9
:102BB0008089FAF781FBC1073FF5C5AEA948FFF749
:102BC0006BF9C8F8000000283FF4BDAED8F80C300F
:102BD000B8F808205B6831681A448A1A002AC0F2E3
:102BE00087823A88636A9B1A228D13445B1A002BF2
:102BF000BFF6A9AED8F80030DB689889FAF75CFB1D
:102C0000C207D8F8003000F17D82218D3268586803
:102C1000891A626A114489B21981FEF761FAD8F8FB
:102C200000301D89DB689889FAF746FB10F0030332
:102C300018BF012331682B449BB21944228D3B807D
:102C4000636A134499423FF47EAE874802F0E0FD88
:102C500079E6204601F018FD844F606B00283FF4B0
:102C600019AE2A68ABE6638B43F0020363836AE61E
:102C7000B4F930100029FFF64BAF90427FF448AF13
:102C800094F84310FF2900F0D4810131C9B203291F
:102C900084F8431000F2CD817FF43AAF204601F072
:102CA00081FCDAE76F48FFF7F7F8074600283FF4A2
:102CB0004AAED8F80C3032685968B8F808300B447E
:102CC000D31A002BC0F2098229463846C8F8007092
:102CD000FFF70CFD37E6664802F09AFDD9F804309C
:102CE0001A890CE6634802F093FD00E6A4F8680038
:102CF000E9E645464FF000085A482B8902899A4276
:102D00007FF621AE2B68002B3FF41DAEFFF7C4F811
:102D100000283FF418AEB8F1000F00F0E781C8F8C2
:102D200000002946FFF7E2FC0DE6B4F86A100B1824
:102D30009BB2994200F21A819A4240F21981A4F89A
:102D40006A30A9E6DFF81C91D9F80C30B9F80850C0
:102D50009889FAF7B1FA10F0030018BF0120228D0C
:102D60002B189BB29A423B80C0F02181636F002BED
:102D70004CD0D9F80C309889FAF79EFAC20742D4A1
:102D8000656F3A8831683DB995E128462D68FFF7AF
:102D900075F8002D00F08D81E8683A88D6F800E0DB
:102DA0002B89D0F804C002EB0E016344CB1A002B30
:102DB000C0F24B818089FAF77FFAC307E5D5D9F8CD
:102DC0000C309889FAF778FA8007DED4D9F80C30FD
:102DD0000120B3F80C80FAF76FFAD9F80C3048EA02
:102DE0000000988180B2B9F80880FAF765FA10F00F
:102DF000030318BF01239844A7F80080C5E70368C0
:102E00006367FFF73BF8606F0028F8D13A883168B4
:102E10001144238D61629342C0F0C3809B1A2385C5
:102E20002046FEF729FDD9F804301A8922B1124A4A
:102E300013600023C9F80430D9F80C309889FAF7E8
:102E40003BFAC20704D50D4A137843F020031370F0
:102E5000656F002D71D0DFF82890DFF81C80074FD8
:102E600042E000BFB8590120A42502009A59012070
:102E700094250200842502009459012098590120CC
:102E800038260200EB68B5F808A09889FAF714FA1A
:102E900010F0030018BF0120238D50441B1A238516
:102EA0002046FEF7E9FC69680B893BB1D8F80000C1
:102EB00000283FD0FEF784F900236B60EB68988907
:102EC000FAF7FAF9C30708D53B7843F020033B70C3
:102ED000237D042B04BF072323752B6828466367D3
:102EE000FEF7CCFF656F45B3E968626A4B689342B1
:102EF00023D133608889B5F808A0FAF7DDF910F01E
:102F0000030018BF0120636AB5F808B09A44504422
:102F1000EB6860629889B4F828A0FAF7CDF910F050
:102F2000030018BF012058448245ABD2484602F046
:102F30006FFCA7E7C8F80010BEE7638BD8072CD555
:102F400023F0010343F002036383B0E448B1C36894
:102F50005868FAF7B5F9E36CC31A002BFFF67CAE9C
:102F6000638B23F40063704F638376E64FF6FF7341
:102F70009B1AA4F86A30638E13449BB29A423FF6C0
:102F800087ADA4F8483087E56848FEF785FF60679D
:102F9000D9E4674802F03CFCA4E443F001036383F6
:102FA00085E4644802F034FC238D3A8836E7D9F88A
:102FB0000C309889FAF780F9C507D9F80C307CD421
:102FC0009889238DA9F80830FAF776F9B9F808102E
:102FD000800744BF01F1FF3189B2D9F8040048BF2E
:102FE000A9F80810FEF77CF8D9F80C30B9F80850A9
:102FF0009889FAF761F910F0030318BF01233268CA
:103000002B449BB2616A3B801344228D0A44934255
:103010003FF4ACAE484802F0FBFBA7E64348FEF79E
:103020003BFF00283FF48FAC41466067FFF75EFB33
:1030300089E4B4F84820638E13449BB29A4201D9C4
:103040004FF6FF73A4F8483028E6ACEB0103002BE1
:1030500001DB6567DDE6D9F80C30ACEB0E0CA9F8A6
:1030600008C09889FAF728F9810704D5B9F808301B
:10307000013BA9F80830B9F80810D9F80400FEF7A8
:103080002FF8D9F80C30B9F808809889FAF714F9B4
:1030900010F0030318BF012308EB030292B2EB68A0
:1030A0003A805968336813448B42D2D0234802F0E7
:1030B000AFFB3A8831681144CBE79D892846FAF77F
:1030C000FBF800F03E00FAF7F7F825F47C55D9F844
:1030D0000C302843988180B273E7521A91B2D8F825
:1030E0000400A8F80810FDF7FBFFEDE5606718E69F
:1030F000CB1A99B2A8F80810D8F80400FDF7F0FF31
:1031000031686EE5DB689D892846FAF7D5F800F04E
:103110003E00FAF7D1F8D8F8003025F47C55D9688C
:1031200040EA05028A8170E59A590120B8590120C8
:103130007425020018260200A4250200DC250200E6
:103140002DE9F0410546002800F087804E4B188895
:10315000002835D0002319464C4A4D4F14684D4A7B
:103160004D4EB2F800E03B808C4688421FFA8CF846
:1031700001F101027FD992B2C4B1C64516D8A2EBC3
:103180000E03013BDBB2E35C012B14D0022B19D000
:10319000ABB10CB172454BD23F4B1B6813441B7D46
:1031A000012B6ED90B4499B20123DDE733686344E8
:1031B0001B7D012BEAD111460CF1010CD5E73A80B9
:1031C000BDE8F0818B1C9BB20CB172452BD2DFF8AD
:1031D000C8C0DCF800C06244127D042A4FD15A1CDA
:1031E00082424CDACA1C043192B289B2002C38D027
:1031F0009E4522D8A3EB0E03DBB214F803C096451C
:103200004FEA0C2C24D9244BD3F80080904498F832
:10321000143043EA0C035A1EB2F5067F28BF4FF460
:1032200006736B86C0E7A2EB0E02D2B2A25CD4E7B3
:10323000A2EB0E02D2B2A35CB2E7DFF85CC0964507
:10324000DCF800C0634493F814C04FEA0C2CDAD8C1
:10325000A2EB0E02D2B2A35CDBE7104802F0D8FA70
:1032600074E7DFF834C0DCF80080434493F814C0FE
:103270004FEA0C2CCAE7002BA2D03980A0E73B8094
:103280009EE7023139809BE7B2590120AC590120F9
:10329000A8590120B0590120B45901205C26020030
:1032A0002DE9F04F044687B002F0FAFA002C00F046
:1032B000EE80794D6268D5F82C31784F0133C5F82E
:1032C0002C3163893A60132B0FD8D5F83C31013388
:1032D000C5F83C312046D5F834310133C5F83431D6
:1032E00007B0BDE8F04FFDF7F5BDDFF8D491D9F890
:1032F0000010D9F81400FCF751FEC0B9D9F8143009
:1033000003F0F003E02B12D009F11403009309F14C
:103310001008434606212046228902F0D9FF0646BE
:1033200058B1D5F838310133C5F83831D2E7D5F87E
:1033300048310133C5F84831CCE73B689889F9F743
:10334000BBFF810A01F0FC011329BED923898B42FE
:10335000BBD36289DFF86CA1DFF86CB1A1F1140373
:103360009BB28A42CBF80060AAF8003080F09881C6
:103370002368002B00F0BB8214212046FDF754FD8A
:103380006689474BBAF800A01E80AAEB06039BB2E1
:10339000314620460593FDF747FD2068059B42898D
:1033A0009A4292D319464368CBF80030FDF73CFDB2
:1033B000238962893344A3EB0A039BB22381002A49
:1033C00040F09982226812899A4202D0354802F070
:1033D0001FFA3E683088F9F76FFF30803E687088CA
:1033E000F9F76AFF70803E687068F9F769FF2E4B45
:1033F00070603E681860B068F9F762FF2B4BB060F0
:103400003E681860F089F9F757FF3B68F0819889AA
:10341000F9F752FF264900F03F020A70810723891D
:1034200000F03A815A1C234992B2934205910A80D6
:103430003FF64BAF204B1E68002E00F0E2804FF0AD
:10344000000ADFF888B01AE00A2B00F0D580012BC3
:1034500000F0CE80327A3AB1D9F8043093F8503087
:103460000133DBB29A4204D13B68318B1A88914216
:103470002ED0F368B246002B00F0C3801E46337D89
:10348000002BE1D1584602F0C3F9337DDCE70B484D
:1034900002F0BEF90DE700BFD0570120B45901205A
:1034A000B0590120AC260200A4590120A0590120E6
:1034B000995901209A59012080590120782602004B
:1034C000D8BC0020B2590120AC590120CC26020002
:1034D0005B88F28A9A42CCD17268D9F810309A424D
:1034E000C7D13268D9F814309A42C2D1F368B342D6
:1034F00079D0BAF1000F00F0E983754ACAF80C30B0
:1035000013681660F360B34200F022840023DFF8F2
:10351000EC912289DFF8E8A1A9F808203A68DFF8E1
:10352000E4B1C9F80C206B4AC9F80030CAF8003081
:103530008BF800301380684BC9F804401B781907DA
:1035400003D5627B42F001026273B26F002A00F081
:10355000C0813046FEF7D8FF0D3000F0BD81B36F5B
:1035600023B1059B1B88002B40F0B6815A4B5B4C66
:103570001B7826605A0740F16281327D022A00F0F2
:103580003583574B1968736A8B4200F07184CA1AED
:10359000002A07DB328D5B1ADA4203D4738B43F0C7
:1035A000020373839BF800301A0740F1A981D6F813
:1035B00090301BB16FF00D01306998474448314697
:1035C000FEF790FC3046FEF741F90025D9F80400DB
:1035D0002560CAF8005018B1FDF77CFCC9F804500A
:1035E00007B0BDE8F08F3F4802F012F9F36880E7BA
:1035F0003D4802F00DF92DE73C4802F009F9337D12
:1036000025E73B4B1E68002E50D0DFF8FCA002E0FF
:10361000F668002E4AD0337D0A2B02D0504602F0C5
:10362000F7F8327A3AB1D9F8043093F850300133D0
:10363000DBB29A42ECD13A68338B11888B42E7D1E6
:103640005288F08A9042E3D17168D9F810209142F3
:10365000DED13168D9F814209142D9D11E4A1178AF
:103660004A0717D4059A8F07158840F176831C4ABC
:10367000716A1268571A002F04DB378D891ACF42FE
:1036800040F1CB8335B1738B304643F00203738333
:1036900001F024F8204623E6164A05921380C9E675
:1036A000154A20461380FDF7BFFB92E6DFF85CA0C9
:1036B000D7F800C0DAF80020002A00F06D81164625
:1036C00000219346D9F80400D9F814E026E000BFA1
:1036D000805901209C5901209959012090590120BD
:1036E000A45901204827020020270200F4260200E6
:1036F0007C5901209A590120B0590120B859012064
:103700009459012098590120A027020084590120D2
:10371000F3683146002B00F03F811E46327A2AB111
:1037200090F850300133DBB29A42F1D1F28ABCF802
:1037300002309A42ECD13368734501D0002BE7D1B7
:103740005A46002900F06B82F368CAF80060CB602B
:10375000F260B54B1B785A079CD413F0100A40F066
:1037600064829B0796D5707DFEF726FD8046002873
:1037700000F0B282D9E9043205460321D7F800C02F
:1037800045F8042B4360A94B9CF800209CF801C02D
:103790001B6842EA0C22B6F816C00133A0F816C026
:1037A000017502834362C362FEF738FF9F4B1A68BC
:1037B0009F4B013AC8F854203269C8F87C60C8F8B9
:1037C0001020C8F85800C8F85000C8F84400C8F8DD
:1037D0005C001A68C3F80080737A03F00C0388F861
:1037E0000930337AC8F80C2088F8083001F050FA14
:1037F0000122904B40461A70FFF7A2FC3B68284616
:10380000DA89534662F30F0362F31F43C8F860304E
:10381000B8F83260FCF7F6F82A4601463046FEF763
:1038200011FF1221A8F83200404600F07DFD00286B
:1038300040F06382404600F051FF204650E59D076E
:10384000728B04D5337D023B012B00F2E481D0065C
:1038500002D4794B1B68336200253046A6F89A5093
:10386000FFF76EFC704B327D1B78990740F1B980F1
:10387000911E01293FF696AE032A00F0058203F05F
:103880001202122A06D16D49726C096801328A420D
:1038900000F06A82DB067FF585AE059A3B681188E9
:1038A000624A188812680A446449096802905B8871
:1038B0003046CDE90083624B00F0A8FE96F8423016
:1038C000052B3FF66FAE00233046338601F0D8F863
:1038D00068E65C4C26604DE6738D002B00F0978106
:1038E000D5F83431574C0133C5F834316DE65648BC
:1038F00001F08EFF40E5554801F08AFF238961E51C
:10390000534B1A885AB1D6F880302BB13146306902
:1039100098470D303FF459AE00234D4A138030468E
:10392000FEF72AFF00287FF450AEDAF80030DBB152
:10393000B36F13B1474801F06BFF738BDAF80020C7
:1039400013F0100340F08581D6F88450002D00F06C
:10395000A68131463069A84710F10D0F3FF435AE0E
:1039600010B1DAF80030B3679BF800309B0607D53A
:10397000B36F002B00F074815A7B42F020025A731F
:10398000002330462360FEF7F7FE00287FF41DAECB
:10399000304600F0A3FE18E6BCF80C00F9F78CFCEA
:1039A00040073FF577AE059B3E681A881F4BD9F854
:1039B00004001B681A44214B1968D5F848310133BB
:1039C000C5F84831D5F834310133C5F8343133887E
:1039D00002937388CDE90083194B00F035FE204631
:1039E0007EE4023A072A3FF6DDAD01A151F822F04C
:1039F00095380100393B0100113A0100073B0100F5
:103A0000D13A0100113A01008B3A0100593A010004
:103A10003046FEF731FF9BF8003099067FF5C2ADC6
:103A200007233375BAE500BF99590120A459012035
:103A3000805901207A5901208C590120A059012078
:103A4000ECBC00209059012090260200A026020024
:103A50009C5901203C2802003046FEF70DFFAC4B7C
:103A60001B78D9067FF59EADAA4B316D1A689BF87D
:103A7000003091427FF496ADF26E002A7FF492AD51
:103A800043F010038BF800308CE53046FEF7F4FE6F
:103A90009F4B1B78D8067FF585AD9E4B326D1B681A
:103AA0009A427FF47FADF36E002B7FF47BAD3046FE
:103AB000FEF70EFA984B1B689E4200F08880002BA0
:103AC00000F08880DA68964200F01E811346F6E71F
:103AD0003046FEF7D1FE9BF800309D067FF562ADC3
:103AE000738B304643F002037383FEF7F1F98A4B80
:103AF0001B689E426BD0002B6CD0DA68964200F0B7
:103B000003811346F7E73046FEF7B6FE9BF8003018
:103B100013F0200F7E4B00F0C8801A78738BD2060A
:103B200043F0020304D57B4A316D1268914242D0C2
:103B300073830823337535E5DD067FF533AD754BAB
:103B40001968736CDB43CB4200F1F280336D5B1A72
:103B5000002BC0F2ED8004233375F36F002B7BD074
:103B60009B69002B00F07B81002231463069984729
:103B70000346002840F083813046FEF77DFE674A09
:103B800013880BB1013B138041F21C13718E4A0064
:103B90009A42154638BF1D46B5EB810F4FEA8100AA
:103BA00040F2718183B2A6F848309BF80030980645
:103BB0007FF5F8AC34E7F26E002AB9D17383304652
:103BC000FEF786F9544B1B689E4240F01D81F36856
:103BD000514A13600A230121514A3375514B117028
:103BE0001A681E60F26001F053F8DBE4494B326D55
:103BF0001B689A427FF4D6AC9BF8003043F0080370
:103C00008BF80030738B23F001037383CAE43046D2
:103C100000F03AFD64E642F002027283C2E4D5F895
:103C200054310133C5F8543193E5059B1A883E4B56
:103C30001B681A44374B1968BCF800300293BCF873
:103C40000230CDE90083394B00F0FEFC2046FFF73F
:103C500047BB1046FDF73EF93046FEF765FAB4E47F
:103C6000338DD6F88450B3F5066F1CBF013333850E
:103C7000002D3FF485AE002331461A463069A8472F
:103C80000D307FF47DAEA0E4274B1A68736A013BC8
:103C900093427FF487AC304600F048FC82E42B4628
:103CA00028463146FEF70AFC56E61B78DF067FF50C
:103CB00079AC184B326D1B689A427FF473ACF36E8B
:103CC000002B7FF46FAC062333756BE4D5F85421D9
:103CD0000132C5F8542116E4D5F840310133C5F856
:103CE0004031B369002B3FF4D5AC01464FF0FF32B1
:103CF000306998472046FFF7F3BA40465146FEF731
:103D00005DF92046FFF7ECBAF268DA6062E700BFBF
:103D100099590120A0590120805901209C59012066
:103D20007A5901207C590120A4590120ECBC0020C3
:103D3000059A3B681088564A126802441888029017
:103D40005B883046CDE90083524B00F05FFC29E4EC
:103D5000514801F05DFDFFF7D9BBC9077FF592AC73
:103D60004E4B1B6833628DE40421494B38681B6855
:103D700072645A1C7262F262C289013B62F30F05DF
:103D800062F31F4535667518736528463175778E61
:103D9000FBF738FE2A4601463846FEF753FC41F24F
:103DA0001C134100994202460D4638BF1D46B5EB33
:103DB000820F70864FEA800049D983B2A6F8483056
:103DC000B6F86630002B3ED0B6F86630356F013B52
:103DD000A6F8663095B32B6833672846FEF74EF891
:103DE000336F43B3002386F842303386D6F88830E9
:103DF000002B3FF4D3AB00223146306998470D3099
:103E00007FF4CCABFFF7E1BB002B3FF4E3AEDA6805
:103E100096423FF479AF1346F6E7CDE90103204B14
:103E2000CDF80080304619682A441A4B00F0EEFBAA
:103E30002046FFF755BA4FF0FF33D6E7F56E55B180
:103E40002B68F366C9E7174801F0E2FCBCE799422A
:103E500088BF8BB2B2E7144801F0DAFCF0E71348F0
:103E600001F0D6FCF36F9B69002B7FF47DAEF3E687
:103E7000002A7FF4C1AE0E4801F0CAFCBCE60D3347
:103E80003FF4A3ABE8E69A4288BF93B28BE600BF4B
:103E9000A4590120ECBC0020742702008C59012099
:103EA000A0590120F0270200082802001C28020067
:103EB000D0270200024A137843F0100313707047B2
:103EC000985901202DE9F0470E469046994607463D
:103ED0009DF820A0002843D0002E46D00420FCF7F7
:103EE0005DFC4FEA8A05044605F0040500284DD024
:103EF000002380F80AA032894660AA4203602AD3D0
:103F0000521B304614212281FCF73EFF064680BB3F
:103F10006368F88AD3F804A0AD02C4F80CA0F9F7DE
:103F2000CBF9AAF80000388BE768F9F7C5F9788073
:103F30004846E768F9F7C4F905F5A045786048EA0E
:103F40000500E568F9F7B8F9E368A88120469E7492
:103F5000DE74BDE8F0870F4801F05AFC3289CFE7E4
:103F60000D4801F055FC002EB8D10C4801F050FC72
:103F7000B4E70B4A2046D2F850310133C2F8503131
:103F8000FDF77CFF00242046BDE8F0873046FCF7B3
:103F9000A1FFF7E79C2802005828020078280200B9
:103FA000D05701202DE9F04385B0DDF8308005467B
:103FB0000C4616461F46B8F1000F28D0009733462E
:103FC000062120462289D4F8049002F081F9A9F84C
:103FD0001000D5B1EB7AAD7A0095062531460E4E2C
:103FE000CDF808800195D6F828513A46013520468B
:103FF000C6F82851FBF7BCFF034620461C46FCF7D9
:1040000069FF204605B0BDE8F083FF23E4E70348DD
:1040100001F0FEFBD2E700BFD0570120B428020018
:104020002DE9F04714318146924622204FF4207248
:1040300089B21C46BDF820809DF82470BDF8286028
:10404000FCF7A4FF054608B34389132B21D920466A
:104050006C68F9F731F920804046F9F72DF9C4F87A
:1040600004A060804846F9F72BF9034647F4A040C6
:10407000A360F9F721F903463046A381F9F71CF94B
:104080000023E08123746374A374E3742846BDE8BD
:10409000F087024801F0BCFBD9E700BFE828020026
:1040A00030B5044687B080B11025638D0293238B11
:1040B0000093E38A606A0195FFF7B2FF18B1628D41
:1040C000636A1344E36207B030BD0448CDE90412CB
:1040D00001F09EFBDDE90412E6E700BF18290200AB
:1040E0002DE9F04104460D4690461F4682B0A9B125
:1040F0000CB1207A70B93846FBF784FC06468EB1C5
:104100003B464246294620460096FFF74BFF02B049
:10411000BDE8F081FCF7CCFD0646F0E7044801F06D
:1041200077FBE5E72846FCF7D5FE6FF00300EEE7E6
:10413000402902002DE9F04184B005460C461E4698
:10414000BDF82870BDF82C8092B1B6B12846F9F7B9
:10415000B7F846F2080514230246CDE90083002192
:104160003B4620460295FFF75BFF04B0BDE8F081B7
:10417000044801F04DFB002EE8D1034801F048FB54
:10418000E4E700BF6C290200882902002DE9F04F06
:1041900006460C4683B0002800F09F80F56E002D87
:1041A00000F0A880002C00F0AF80B5F80880A04592
:1041B0007DD9738EA3427ED395F80AA0A8EB04099B
:1041C0004FEA8A0B1FFA89F90BF0040B0BEB09017C
:1041D0004FF42072362089B2FCF7D8FE074600283B
:1041E00000F08B8068682A89038979689B1A2344C8
:1041F0004A469BB25944FDF7F7F8484571D1EB6840
:104200009889F9F759F810F0080B18BF4FF0080B10
:104210005FFA80F9EB6814BF09F0370909F03F092C
:1042200019F0010F58681CBF4BF0010B09F0FE0993
:10423000F9F746F8394623185A463046CDF800A01B
:10424000FFF740FE0746002857D06868FCF798FF44
:104250006A68B6F866301189A4EB0804A4B21B1A88
:104260002144104689B2A6F86630FCF739FF2B8945
:1042700048461C44EB682C819C89F9F71DF8EB68D3
:10428000044368689C81FCF77BFFB6F86630034402
:104290007868A6F86630FCF773FFB6F86630184405
:1042A0002B68A6F866003B602F603B6893B1002046
:1042B00003B0BDE8F08F174801F0AAFAB5F80880FE
:1042C000B8F1000F7FF478AF134801F0A1FAB5F808
:1042D000088071E7A6F86830E9E7104801F098FA1D
:1042E0005CE70F4A3846D2F840310133C2F840311A
:1042F000FCF7F0FD4FF0FF30DAE7094AD2F8403121
:104300000133C2F84031F5E7064801F081FA6FF059
:104310000500CDE7EC290200FC290200A4290200D7
:10432000D0570120C82902002DE9F04311F00307FE
:104330000E46044683B04BD000286DD0C6F340082B
:104340004FEA88094FF4207249463620FCF71EFEDA
:104350000546002868D043894B4535D3CDF8008009
:10436000294632462046E36DFFF7ACFD054600289E
:104370005AD0C3689A073AD12B89002B3DD1E36EFE
:10438000002B40D01A461B68002BFBD11560002380
:10439000A4F8683047B1E36D0133E365F30703D553
:1043A000638B43F0200363836868FCF7E9FEB4F88D
:1043B0006630184480B2A4F8660008B1236F23B3B6
:1043C000002003B0BDE8F0831E4801F021FAC5E7E4
:1043D0001D4801F01DFA1CB34FF420720021362055
:1043E000FCF7D4FD0546F8B14FF00008B6E71748D2
:1043F00001F00EFA2B89002BC1D0154801F008FA04
:10440000E36E002BBED1E566C1E7E36E002BD7D18A
:10441000104801F0FDF9D3E70F4801F0F9F98DE7F5
:104420000D4801F0F5F9D7E70C4A618BD2F840311D
:1044300041F08001013361834FF0FF30C2F8403119
:10444000BFE700BF842A02000C2A0200C02A020033
:10445000D82A0200042B0200642A0200D05701204F
:10446000F8B5064688B1F46E4CB125462468002C98
:10447000FBD1EB689889F8F71FFF430709D0304656
:10448000BDE8F8400121FFF74FBF094801F0C0F92E
:10449000E9E7EB6801209F89F8F70EFF738BEA6864
:1044A000074343F02003978120467383F8BD00BF84
:1044B0002C2B0200F8B50546002830D02A6F32B107
:1044C0001368144653B163689B7B012B02D06FF0D5
:1044D0000500F8BD24682368002BF4D163689B7B3A
:1044E000012BF4D100266B8BE96E43F4006321604D
:1044F0006B83E368EA662E675868F8F7E1FEE368C5
:10450000278904469889F8F7D7FE10F0030318BFEF
:1045100001233C44234430466E63EB64F8BD0248FB
:1045200001F076F9CAE700BF482B0200F8B507464C
:10453000002831D03E6F4EB373689B7B012B25D191
:104540003268FB6E3A6707F16C051BB90FE02D6806
:104550002B6863B1DB685868F8F7B2FEF36804466D
:104560005868F8F7ADFE241A002CF0DB2B68336096
:104570002E6033686BB197F84230FF2B1CBF0133BC
:1045800087F84230002318467B63F8BD6FF00500C2
:10459000F8BDA7F86830EEE7014801F039F9C9E73E
:1045A0006C2B020010B5044648B3236F13B1638B24
:1045B0005B0700D510BD2046FFF7B8FF0028F9D1F2
:1045C000B4F86010B4F848304FF0000C994228BF9E
:1045D0001946628E4B085000B0EB510F618BA4F866
:1045E0004A30024484BF83B2A4F84A30134441F0F5
:1045F0000402A4F848306283A4F830C010BD024819
:1046000001F006F9D1E700BF842B020070B51C460B
:1046100082B0BDF81C30069E0093BDF820300546E0
:1046200001930846334611462246FFF783FD40B109
:10463000014633462246284602B0BDE87040FFF7E7
:104640004FBD02B070BD00BFF0B583B0089DBDF88E
:104650002470BDF828E0A8B18C461E4611460446D9
:104660002B4660463246CDE9007EFFF763FD0146EA
:1046700040B12B4632460020089403B0BDE8F0401C
:10468000FFF790BC03B0F0BD10B50446C8B1206D73
:10469000F8F716FE002102462046FFF701FD01460D
:1046A00098B1231D22462046FFF71AFD638B20B9DF
:1046B00023F003039BB2638310BD43F003036383C2
:1046C00010BD054801F0A4F8E1E7638B6FF001002D
:1046D00043F00303EFE700BFA42B02002DE9F04FE6
:1046E000044687B001F0DCF8002C00F09581237DB2
:1046F000012B00F04F81AC4B1B68A3422FD0E56E1D
:10470000B4F84890B4F8606015B3207A271D0028EB
:1047100040F086813846FBF775F90590059A002A26
:1047200000F0928123680BB953682360EB68B145B0
:10473000586828BFB146F8F7C3FD2B89626C9B1AF5
:1047400003444B450FD9B4F860304B4500F0388135
:10475000628B900700F1228122F0800262830020A8
:1047600007B0BDE8F08F002384F89930236F002B49
:1047700000F036819A461B68002BFBD1DFF83C82A3
:1047800009E0002E40F0B9802846FDF777FBE56E82
:10479000002D00F05481EB685868F8F791FD636CC8
:1047A000C01A2B891844484500F23E81EB6898896D
:1047B000F8F782FD410700F1B780236F5BB1628B90
:1047C00012F0440F07D1E16E002900F0D1800B6890
:1047D000002B00F0C880237DEE68022B08D010204B
:1047E000B6F80CB0F8F768FDEE684BEA0000B0814F
:1047F0006B689B7B012B5BD1606AF8F761FDB06051
:10480000608DEE68F8F758FD628D636AF08113449D
:10481000E362AB7AEE68DA0700F1968006F1140BDA
:10482000B4F93020002ABCBF00222286626B002A25
:1048300000F081804FF0000C686841680289711AAD
:10484000B0F80AE089B2521A92B2AEEB01014660AA
:104850000281418186F810C086F811C0A97A11F052
:10486000010F0CBF1421182131448B4505D04F484E
:1048700000F0CEFF6868EE680289234606210097A3
:1048800001F026FD0622D8F8283130820133C8F81D
:104890002831059B6868CDE90123A37A3A46009345
:1048A0002146E37AFBF764FB002840F0C380EE6802
:1048B0002B68E366237D022B03D0638B23F0030375
:1048C00063837068F8F7FCFCEB68834698892E894F
:1048D000F8F7F2FC10F0030318BF0123226DB34474
:1048E0005B44D21A002AB8BF2365EB682E899889E9
:1048F000F8F7E2FC83073FF444AF00232B60236FFB
:10490000B3B1EB685868F8F7DBFCDAF80C30834693
:104910005868F8F7D5FCABEB000BBBF1000F61DB7F
:10492000CAF80050AA4632E7214800F071FF44E778
:10493000AA4625672BE71F4A126862637068F8F77A
:10494000BFFCEE68A06375E73A4605994FF4067020
:10495000FDF778FE40F00170F8F7B2FC06F1180B95
:104960007061EE685CE70889638E9842BFF433AFEC
:10497000B4F86430002B3FF42EAFB4F86630072B48
:104980003FF629AF12F0A00F7FF425AF00297FF486
:10499000E3AE55E0084800F03BFFACE6204607B028
:1049A000BDE8F04FFFF770BE905901201C2C0200AB
:1049B000042C02008C590120DC2B0200D05701206E
:1049C000236F002B7FF4C4AE94F89930002B7FF452
:1049D000BFAE4FF4807284F89A30A4F89820B7E6FE
:1049E0009A46CBE6226F04F170061AB911E03668D8
:1049F000326872B1D3685868F8F762FCEB68834696
:104A00005868F8F75DFCABEB000BBBF1000FEEDB79
:104A100032682A603560BAE60D4800F0F9FE66E6B5
:104A2000FCF746F9059079E6E16E628B00297FF488
:104A300093AE05E0638B43F08003638390E6628B63
:104A40000023A4F8683087E66FF0030088E600BF13
:104A5000C42B020010B5044658B194F842302046E9
:104A6000FF2B1CBF013384F84230BDE81040FFF734
:104A700035BE024800F0CCFEEFE700BF302C02004C
:104A800010B5044618B1FFF715FD58B110BD0B481D
:104A900000F0BEFE2046FFF70DFD0028F6D10848C5
:104AA00000F0B6FE94F842302046FF2B1CBF0133C5
:104AB00084F84230BDE81040FFF710BE542C0200CD
:104AC000302C020010B5044688B1206D0138F8F78B
:104AD000F7FB002102462046FFF7E2FA014650B1FB
:104AE00022462046231DBDE81040FFF7F9BA0348CF
:104AF00000F08EFEE9E74FF0FF3010BD702C020091
:104B00002DE9F0410446002854D0E56E002D4ED02A
:104B100094F89A30FF2B1CBF013384F89A30EB686D
:104B20009889F8F7C9FBC30726D4EB680121204612
:104B30005A68FFF7B5FA064600283FD0D6F8048039
:104B400068682A89038908F114019B1A9BB2012223
:104B5000FCF74AFCEB685868F8F7B2FB236D0130AC
:104B60001B1A002BB8BF2065224631462046231D64
:104B7000BDE8F041FFF7B4BA2F89EB68391E18BFC2
:104B8000012120465A68FFF78BFA0646B0B1D0F8EB
:104B90000480002FD4D11120B8F80C70F8F78CFBEA
:104BA00027F47C57BFB23843A8F80C00D2E7284658
:104BB000BDE8F081034800F02BFEA6E74FF0FF3080
:104BC000F6E700BF8C2C020070B5044608200E46A4
:104BD0001546FBF7E3FD90B100220B4986600B6898
:104BE000C560446002601BB907E019461B681BB131
:104BF0005A68A21A002AF8DA0360086070BD0348F8
:104C0000BDE8704000F004BED0590120B02C020075
:104C100038B543680446984700F0C4FD84460A4B03
:104C200025681B682246E818A0EB0C03002B0749F7
:104C300005DA05EB0C00BDE83840FFF7C5BFBDE85D
:104C40003840FFF7C1BF00BFCC590120114C010013
:104C500008B5FDF7D1FC0A4B1B6853B100F020FEEC
:104C600000F0A0FDBDE8084000220649FA30FFF739
:104C7000ABBF054B1B68002BF0D1044A136008BD85
:104C800080590120514C01007C590120C859012054
:104C900008B500F005FE0C4B1A689AB90B4A126869
:104CA00062B101221A6000F0FBFD00F07BFDBDE85F
:104CB000084000220649FA30FFF786BF054A12680D
:104CC000002AEED108BD00BFC8590120805901203B
:104CD000514C01007C5901202DE9F0410E4CDFF8C8
:104CE00040800E4F04F1300608E000F05BFD2246E4
:104CF00039462844FFF768FFB4420AD054F8085FE9
:104D000000F0CEFDB5F1804FEFD3404600F080FDBE
:104D1000EBE7BDE8F08100BFE03A0200114C010072
:104D2000F02C020070B504460D46164600F0B8FDA2
:104D3000B4F1804F08D200F035FD324629462044B8
:104D4000BDE87040FFF740BF014800F061FDF2E7A9
:104D5000F02C020038B50D46044600F0A1FD0D49C7
:104D60000B68A3B1002003E01A6818467AB1134615
:104D70009A68A242F8D1DA68AA42F5D11A6838B125
:104D800002601946BDE838400820FBF735BD38BD44
:104D90000A60F6E7D05901202DE9F04100F080FDCE
:104DA00000F000FD0C4C06460C4F0CE04B68F21A6C
:104DB000002A0BDBD1E902580A68082022603B6018
:104DC000FBF71AFD25B921680029EFD1BDE8F08174
:104DD0004046A847F7E700BFD0590120CC59012031
:104DE00010B5084C00F05CFD23683BB100F0DAFC24
:104DF00023685B68181A48BF002010BD4FF0FF30D1
:104E000010BD00BFD059012008B500F011FC6FEAB9
:104E100080406FEA9040014B188008BD4207002097
:104E20002DE9F04F074687B08B4600F039FD002F83
:104E300000F0CE80BBF1000F00F0D180DFF854927B
:104E40007989D9F8FC20072902F10102C9F8FC2070
:104E500040F2AE80DFF840827C68D8F80010D8F8C5
:104E600014000594FBF79AF803902088F8F724FAC9
:104E700004906088F8F720FA7F4B05461C68002CE8
:104E800000F084805A464FF0000ABB46564617464B
:104E900004E0E2682646002A72D01446628AAA42DA
:104EA000F7D1002F7FD0217A39B1D8F8042092F8B9
:104EB00050200132D2B29142EBD1039A2168002AEC
:104EC0004DD039B1D8F81400421C03D0BA6848401C
:104ED0001042DED1227C520708D4BAF1000F00F054
:104EE000B080D8F81420013200F08780A28A04999B
:104EF0008A42CED1616819B1D8F810209142C8D148
:104F00005F46002E00F0B080A246E268F2601A68A8
:104F10001C60E260059BDB884BB1584B112100936C
:104F200038463A89043B01F0D3F900286FD10821B3
:104F30003846FBF779FF002855D1BAF1000F6ED043
:104F4000DAF82040002C56D0049BDAF824003A46C8
:104F5000009351464A4BA04707B0BDE8F08F19B106
:104F6000D8F81420914294D1227C5107BED4A28A51
:104F70000499BAF1000F08BFA2468A4289D1B9E765
:104F80003B465F469B46BAF1000FC3D1DBF80420D5
:104F9000D8F814309A422ED1059B4FF0000ADB88D6
:104FA000002BC4D0B9E7374800F032FC324B7AE727
:104FB0003846D9F80C21D9F8043101320133C9F847
:104FC0000C21C9F8043107B0BDE8F04FFBF782BFF0
:104FD0002D4800F01DFCBBF1000F7FF42FAF2B48D4
:104FE00000F016FC2AE72A4800F012FCD9F8043138
:104FF00038460133E5E73846E5E77868DAF8002017
:1050000082423FF473AF884208BFA2466EE7D9E9F7
:105010004132013238460133C9F80821D1E7039BF8
:105020002BB9D8F8143003F0F003E02B10D1D9F8E5
:105030001821D9F80431013238460133C9F8182152
:10504000BFE7A28A0499A2468A427FF422AF51E7C1
:10505000B8F80C103846083109B2FBF701FF0321FC
:10506000384601F0E9FFE2E7D9F82431A2460133DE
:10507000C9F824314EE700BFD4590120ECBC002010
:10508000E8BC00205C2D0200282D0200402D02000B
:10509000842D0200D0570120D8BC00202DE9F0411A
:1050A0000F460546164600F0FBFB364B002F08BFA7
:1050B0001F46002D5FD0DFF8D0C0DCF8000038B309
:1050C000854218BF044602D12BE0A54229D0E468EE
:1050D000002CFAD146B30346396801E0DB688BB196
:1050E0009D42FBD05A8AB242F8D11A688A4202D055
:1050F00009B1002AF2D16FF00700BDE8F0813968EC
:10510000AEF8006029606E823CB10020BDE8F081FD
:10511000002E2ED03B686E822B60E860CCF80050E9
:10512000F3E70124002ED6D14FF6FF72DFF85CE0E2
:10513000BEF80030934216BF01334FF440469EB292
:105140000028DCD04FF480414FF6FF78034602E0A0
:10515000DB68002BD3D05A8AB242F9D1013989B227
:1051600061B1464502D00136B6B2EFE74FF4404692
:10517000ECE70446D8E76FF00F00C7E7AEF8006031
:10518000B9E700BFD8390200D459012042070020F6
:105190002DE9F04F044685B00D46DDE90EBA1746FD
:1051A000994600F07DFB002C00F09680002D00F069
:1051B0009380002F00F09080BAF1000F00F08C80F7
:1051C000BBF1000F00F08880628A002A57D04FF6AA
:1051D000F7732A899A4200F2828008212846FBF759
:1051E000D3FD002856D12E467389072B70D9608ACB
:1051F000D6F80480F8F760F8A8F800004846F8F7F9
:105200005BF80023A8F8020088F8063088F8073019
:10521000237C1A0729D43089F8F74EF8A8F804003F
:10522000237CDB0745D511203B68514603F0F00392
:10523000E02B0CBF637FE37ACDF808B0A27A01902F
:10524000009230463A46FAF781FEAE42804602D0DE
:105250003046FBF73FFE234AD2F8F8300133C2F85C
:10526000F830404605B0BDE8F08F3B6803F0F0032E
:10527000E02BD0D1737B43F004037373CBE721465B
:105280002046FFF70BFF80460028A0D0404605B01F
:10529000BDE8F08F4FF4207208212220FBF776FE44
:1052A0000646E0B12B89002B9ED02946FBF7BCFFB8
:1052B0009AE75346328911213046009701F008F8E9
:1052C0004FF6FF73002818BF0346A8F80630AAE778
:1052D000054800F09DFA8AE76FF00F08C1E74FF02C
:1052E000FF38BEE7D0570120A02D020070B582B074
:1052F000069CA8B1A1B19AB194B1056835B9251D34
:10530000CDE90045FFF744FF02B070BD05F0F00C99
:10531000BCF1E00FF3D06668B54204D10546EFE773
:105320006FF00F00F0E76FF00300EDE7002839D0D1
:105330002DE9F0410F4682B089B315467AB3044691
:10534000007A984608BB136803F0F003E02B0DD1F8
:10535000207FF0B9A3694BB1184A1268934205D077
:1053600004F11800FAF74EFB064626B92846FAF76C
:1053700049FB0646CEB143462A46394620460096AA
:10538000FFF7B4FF02B0BDE8F081FBF791FC0646E1
:10539000F0E7FBF78DFC0646002EECD1E6E76FF058
:1053A0000F00EFE76FF00F007047054A6FF0030042
:1053B000D2F814310133C2F81431E3E7D4390200D2
:1053C000D057012070B504460D46164600F068FA25
:1053D00004B3FDB1628AB2B12A681049237C6260CD
:1053E0000A6843F00403A682237442B1944208D0B1
:1053F000134601E09C4204D0DB68002BFAD1E26046
:105400000C60002070BD21462046FFF747FE0028B3
:10541000E2D070BD6FF00F0070BD00BFD459012005
:1054200070B504460E46154600F03AFA0CB1C4E9D0
:10543000086570BD10B5044600F032FACCB10D4AD3
:105440001368A3420DD033B11A46DB681BB1A342E7
:10545000FAD1E368D3602146BDE810400120FBF794
:10546000CBB9E3682146BDE8104001201360FBF78B
:10547000C3B910BDD459012010B500F011FA0120B4
:10548000FBF78CF9044630B12822002108F096F889
:10549000FF23E3726377204610BD00BF10B500F014
:1054A000FFF900F0FDF90120FBF778F9044630B16F
:1054B0002822002108F082F8FF23E3726377204658
:1054C00010BD00BFA8B102689AB191B10B6883B159
:1054D000084B1B686BB110B400E002681C68944272
:1054E00004BF0A681A60DB68002BF6D15DF8044B34
:1054F00070477047D459012070B504460D4600F03E
:10550000CFF963890E2B2BD96068E37B86891BB9A1
:1055100095F850300133E3730378D9070AD5012B8E
:1055200039D00622244908F01FF818B9637B43F0EC
:1055300008036373082E1FD0B6F5C16F10D195F81C
:105540004D301B0713D50E212046FBF76DFC68B3C9
:105550001A4B596CDA6B013101325964DA6306E097
:10556000164B196DDA6B013101321965DA63204689
:10557000FBF7B0FC002070BD95F84D301A07F6D54A
:105580000E212046FBF750FC0028F0D1294620468A
:10559000FAF77CFAEEE74378002BCBD183785E2BC9
:1055A000C8D1637B43F010036373C3E729462046E9
:1055B00001F0EEF9DEE700BF203B0200D0570120EA
:1055C0002DE9F0410546BDF818000C4616461F4669
:1055D000F7F772FE0E2180462046FBF7FDFBD0B99F
:1055E00000F05EF96168A1F80C803B680B60BB8835
:1055F0008B803368C1F80630B3884B8195F84C3006
:10560000062B02D0084800F003F921462846AB6972
:10561000BDE8F0411847054A6FF0010053690133B6
:105620005361BDE8F08100BFD02D0200D0570120AA
:1056300043F23900044B05491A6801FB0200186067
:10564000C0F30E40704700BFE45901206D4EC641C3
:105650000B4610B5002204460421184602F0CEF88D
:10566000206058B1074A0020D2E9673101338B42EC
:10567000C2F89C3188BFC2F8A03110BD4FF0FF3096
:1056800010BD00BFD0570120002200B585B00191A8
:105690000392EFF3058300689BB1134601A903AAA7
:1056A00002F09CF9012812D1039B012B05D14FF088
:1056B000E0234FF08052C3F8042D002005B05DF8C0
:1056C00004FB1A4601A902F0C5F80128F5D0044AE6
:1056D0004FF0FF30D2F8A4310133C2F8A431EDE726
:1056E000D0570120F0B583B005460C46164602F0AF
:1056F00077FF0746F4B128680EB10FE028684FF035
:10570000FF32214602F0D8F90128F7D102F068FFF4
:10571000C01B012838BF012003B0F0BD324621462E
:1057200002F0CAF9012807D000234FF0FF302360B0
:1057300003B0F0BD01ACDEE702F052FFC01B03B0C6
:10574000F0BD00BF10B50446012002F02BF9206027
:1057500058B10A4AD2E9643101338B42C2F8903120
:1057600001D9C2F89431002010BD044A4FF0FF3037
:10577000D2F898310133C2F8983110BDD0570120CA
:1057800010B504464FF0FF31206802F035FA0128C9
:10579000F8D110BD002300681A46194602F05AB825
:1057A000704700BF02F01CBF10B5B3F1000C84B00D
:1057B00016DD86461346069A03AC084600927146EB
:1057C00001941FFA8CF202F08DFC012802D103989B
:1057D00004B010BDEFF305835BB106F00BFFFEE7ED
:1057E000EFF3058313B106F005FFFEE706F086FD33
:1057F000FBE706F083FDF2E710B5EFF305841CB17B
:10580000BDE8104006F0F6BE06F078FD204610BD5B
:1058100008B5FFF7F1FFFEE7EFF305830BB106F0E4
:10582000F5BE06F079BD00BF10B50B4C4FF0FF314F
:10583000206802F0E1F90128F8D1084C237813B16F
:105840000133237010BD03F0FBF92378044A0133C0
:105850002370106010BD00BFB4B40020E0590120D7
:10586000DC590120074A1378013BDBB213700BB9F6
:10587000054A13600023054A194610681A4601F0CC
:10588000E9BF00BFE0590120DC590120B4B4002079
:1058900008B503F0D5F9014B186008BDD8590120AF
:1058A00008B5EFF305839BB90F4B1B687BB103F081
:1058B000C7F90E4B1B68834205D0EFF3058383B114
:1058C00006F098FEFEE70A4B1B78002BF5D008BDCA
:1058D000EFF3058313B106F08DFEFEE706F00EFD33
:1058E000FBE706F00BFDEDE7D8590120DC5901205C
:1058F000E059012010B582B0DDE90430446ADAB124
:10590000012A17D100221868019208B101F064FD44
:10591000EFF30583D4E91C019BB101AA01F05EFEFF
:10592000012812D1019B2BB14FF0E0234FF08052A0
:10593000C3F8042D02B010BD02B0BDE8104001F064
:105940003BBC01F003FE02B010BD0248FFF760FF50
:10595000F0E700BF042E0200F8B5556A164BD5F8E3
:1059600038711648CF1B3C119F420E4600FB04F4D1
:1059700017D80B46B34202D01148FFF749FFFFF793
:105980003BFF05EB441393F85431064664017BB1A9
:1059900000232544304685F85431BDE8F840FFF730
:1059A0003BBF0848FFF734FFD5F838313B44E1E707
:1059B0000548FFF72DFFEBE7101701009F5BE2D4CE
:1059C000842E0200682E0200B02E020010B54C6A30
:1059D000FFF712FF002302E00133302B12D004EB5B
:1059E000431292F854110029F6D14FF4BE6C0121F4
:1059F000D4F8384182F854110CFB0344FFF70CFF34
:105A0000204610BD0024FFF707FF204610BD00BF51
:105A100038B50446FFF7F0FE237E054633B1002378
:105A200028462376BDE83840FFF7F6BE0448FFF766
:105A3000EFFE002328462376BDE83840FFF7ECBE92
:105A4000B02E02003AB1012A07D1436A1A6893685E
:105A500043F010039360002070476FF00B00704715
:105A60004FF4BE63F0B54FF4A26493B011938B6F03
:105A700006460E9303F580730F93CB6F02A8CDE912
:105A80000B3301F180030D9301F1F8030D46174626
:105A9000ADF828401093EFF713FC45F6A52300243A
:105AA000A5F840372C4B394608932C4B284685F8EF
:105AB00042470494099301F059FB4123059301F0F7
:105AC000A7FC01232867C0206B672B46244AA44605
:105AD00082F88B032146234AD5F8384105EB4C1E4A
:105AE0000CF1010CC3E95324BCF1300F03F1200386
:105AF0008EF8541104F5BE64C3F83861EED12868FD
:105B000006F1460202A93B69EFF702FD28680AAADE
:105B100002A9EFF7E1FBB0B92C46134901960091B9
:105B200054F8040B0AAB214602AAEFF7D1FD214637
:105B30002868EFF747FF50B9012228681146EFF7B0
:105B40008FFC13B0F0BD0948FFF762FEE4E7084898
:105B5000FFF75EFEF0E700BFCD5901005959010083
:105B600000E100E0115A0100F5580100EC2E02009E
:105B70000C2F0200436AD3F83C077047436A93F83E
:105B800040077047436A93F841077047406A90F8AE
:105B900042371BB190F840378B4218D030B5012501
:105BA00004684FEA813E23680EF4804E23F4C04C13
:105BB000530303F4005343EA0E0343EA0C03236048
:105BC00080F8401780F8412780F8425730BD90F8A0
:105BD00041379342E2D170470022436A83F842275B
:105BE000704700BF704700BF03462DE9F041002415
:105BF0008EB05E6A2422214605A80294039407F021
:105C0000DDFC3146234651F8040B02AD04AA04958D
:105C1000EFF74CFF40F6A373984209D00DDCA0B11A
:105C200040F6A17398420CD12D4AD3680133D3605A
:105C3000002420460EB0BDE8F08140F6A4739842DF
:105C4000F2D02848FFF7E4FDF2E7BDF81430002B4E
:105C500043D0049AD6F838311768B2F80480224A43
:105C6000FB1A22491C11934201FB04F42AD8650156
:105C700006EB4414D4F850319F4202D01C48FFF781
:105C8000C7FD731993F8543103B305F59E73412290
:105C900041460020CDF8048000973344FBF754F8C8
:105CA0000446B8B10289BDF814309A4202D01148B6
:105CB000FFF7AEFD20460A4A5368013353600EB029
:105CC000BDE8F0810C48FFF7A3FDD0E70B48FFF7D4
:105CD0009FFDDAE70A48FFF79BFD00231B89FFDEE3
:105CE000D057012048300200101701009F5BE2D41A
:105CF000782F0200183002002C2F0200BC2F020067
:105D0000F82F0200002301222DE9F0439BB006AFDB
:105D1000CDE904338846456A029703938DF8102035
:105D2000002900F09A8040F2EA53B8F808E09E4556
:105D300000F29E80BEF1000F00F0938000214446E7
:105D40000E468C4669B94D4B53F8082C002A5CD19D
:105D500053F8042C2AB16068904203F10803F3D889
:105D600001216389246801369C44B6B21FFA8CFC79
:105D70000CB1E645E6D80A2E01D8002968D04FF4C8
:105D8000C17271460020FBF701F90446002872D069
:105D9000FBF7F6F90A28064652D841462046FBF79B
:105DA0001BFB00284CD10594C6B10399721E8B1CB5
:105DB00013FA82F20131234602E096420DD03146B9
:105DC0005E6807EBC10040F8086CB3F80AC01B68B6
:105DD0004E1C20F804CC002BEFD1039140F6FF7845
:105DE00040F6A5764FF0FF392F1D0023394628686D
:105DF00002AAF0F78FF8B0420FD008BB204A136810
:105E0000013313601BB0BDE8F0836068904201D29B
:105E1000083399E753F8042C9EE7D5E91C010023C9
:105E20000122CDF8009001F001FBB8F10108DCD1AE
:105E3000204601F0D1FA6FF002001BB0BDE8F083FC
:105E4000204601F0C9FA6FF00B001BB0BDE8F083EB
:105E50004046FBF79FF94446A5E70A48FFF7D8FC00
:105E600061E74046FBF796F94446CDF81480B5E764
:105E70006FF00100C6E74FF0FF30C3E7303B020090
:105E8000D05701206030020070B505460B4C6E6A99
:105E90000B4B0C490C4AC4F8383133680020C4E974
:105EA0001E12C4F83C3701F0ABFA334602462146D5
:105EB0002846BDE8704001F0EFB900BF40780220ED
:105EC000EC5901203C770220EC76022043680078F0
:105ED0001B681847436800785B68184710B54FF097
:105EE000000C0C46436882B084F800C01F215B6838
:105EF00000780DF10602984728B9BDF80630DB049A
:105F000044BF0123237002B010BD00BF10B5436829
:105F100082B00C46007801215B680DF106029847BB
:105F200030B9BDF806305B074ABF012320702370EB
:105F300002B010BD134630B51C46436883B00D4611
:105F400000781F215B680DF10602984778B935B1DA
:105F5000BDF806301B074ABF012328702B7034B1EF
:105F6000BDF8063013F0100318BF0123237003B0EF
:105F700030BD00BF70B5436882B00E46154604467A
:105F800000215B6800780DF106029847C8B9BDF89A
:105F90000630012E0BBF23F4805323F4405343F407
:105FA00000539BB2012D14BF23F4807243F480721E
:105FB000636818BF92B200211B682078ADF80620F4
:105FC000984702B070BD00BF2DE9F04104460023A0
:105FD000087882B02070ADF806304B680F46394D16
:105FE000394E636016E0636803215B6820780DF129
:105FF0000602BDF8068098474FEA0848013D80B97F
:10600000BDF80630434423F00F03B3420CD04DB328
:106010006368207802215B680DF10602984700282A
:10602000E1D002B0BDE8F081E5B1636801464FF40C
:1060300000421B68207898470028F2D1214D05E0E6
:106040006B1C13D0BDF90630002B0ADA63680021FF
:106050005B6820780DF106029847013D0028EFD0DB
:10606000DFE71DB9012002B0BDE8F081B97B6368AC
:106070002078C1B95B680DF1060298470028D0D19D
:10608000BDF80620636802F4806201461B68207830
:10609000ADF8062098470028C3D120467A7B397B8B
:1060A000FFF768FFBDE740F2E11204211B68984743
:1060B0000028B6D1636801464FF490521B682078DF
:1060C0009847AEE720A1070020C1070070B504463D
:1060D000466882B000786BB1002934D1012A14BF20
:1060E0004FF482424FF4C2423368ADF8062098471D
:1060F00002B070BD7368A1B90DF10602984700287F
:10610000F6D1BDF80620636822F4804292B20146BF
:10611000ADF806201B68207842F40072984702B060
:1061200070BD11210DF1060298470028E0D1BDF89D
:106130000620636822F4007211211B68207892B255
:10614000984702B070BD112173680DF1060298479F
:106150000028CDD1BDF80620636811211B68207886
:1061600042F40072984702B070BD00BF30B510F025
:1061700001044FF0000E06D071454CDD10F8013BD4
:10618000013963F31F2E10F003024ED1072954DDAD
:10619000083921F0070500F110031D4400F1080C37
:1061A0005CF8083C0CF1080CD3185CF80C2C28BFE8
:1061B00001339B181A4628BF0132AC45F0D1CD08F7
:1061C0006B1CC5EB457500EBC30301EBC5011FFA62
:1061D00082FC01290CEB124232DD02394D08681CA9
:1061E00003EB400033F802CB83426244FAD1C5EBA3
:1061F000C57501EB4501012904D1037863F3070E4E
:106200001FFA8EFE724493B203EB12431FFA83FE11
:106210000EEB134E34B14FEA0E239BB2CEF3072E92
:1062200043EA0E0E1FFA8EF030BD012903DD30F86F
:10623000022B0239AAE70022DDE703469446C8E7AD
:106240001846D8E72DE9F843089C1B68246889465E
:10625000250C15FA84F414FA83F404EB1344A3B266
:1062600003EB14439CB2904604EB1344E0B10546A3
:1062700000276E8968683146FFF778FF204484B2B2
:10628000F30704EB104406D523029BB2C4F30724A2
:1062900087F001071C432D68002DEAD127B12302A6
:1062A0009BB2C4F307241C434846F7F705F805469C
:1062B0004046F7F701F82844204483B203EB10432B
:1062C00098B200EB1340C04380B2BDE8F88300BF32
:1062D000FFF7B8BF08B5FFF749FFC04380B208BD5C
:1062E00020B3F8B5002705463C466E8968683146FC
:1062F000FFF73CFF0444A3B203EB1444F30706D5B5
:1063000023029BB2C4F3072487F001071C432D68C6
:10631000002DEAD13FB1200280B2C4F3072420430C
:10632000C04380B2F8BDE443A0B2F8BD4FF6FF70A1
:10633000704700BF70B5154606460C46FFF7B0FA29
:106340007DB1B26D256142B1944208D0134601E09F
:106350009C4204D01B68002BFAD12260B465002057
:1063600070BD0248FFF754FAEBE700BF7C30020033
:1063700038B5002501234A600B810D730C46FFF7E9
:1063800057F90246054B2846A3FB0213DB0803EB33
:106390008303A2EB4302628138BD00BFCDCCCCCCDD
:1063A000836D23B100221A721B68002BFBD170474A
:1063B0003A4B2DE9F0411D68002D3CD00027DFF855
:1063C000E480AC6D002C33D014260DE0013B9BB271
:1063D000042A638139D8022A4ED8013A012A01D809
:1063E000002B3AD024681CB3237B0BB1013B2373F1
:1063F0006389227A002BE9D1042A1ED8022A29D9DE
:10640000637A13B90422637322722846211D00F0B7
:106410001DFD637A66810133DBB2012B2FD9052282
:106420002369A2600021284698472468002CDBD10C
:106430002D68002DC5D1BDE8F081072AD2D10121F8
:106440002846236927729847CCE7072ACAD1002B30
:10645000C8D1F4E7013A012AC4D80223284623729E
:10646000211D00F0DBFC637A0133DBB2022B637287
:1064700007D90B4BA360B5E7002BB3D1C0E763721C
:10648000B0E7FFF7D5F8A8FB0023DB0803EB830395
:10649000A0EB43000A306081A4E700BFC057012091
:1064A00003001400CDCCCCCC2DE9F0470746D0F842
:1064B0004600B7F84A30BC6D82B0D1F80E60D1F812
:1064C00018900090ADF804303CB3884601F1080AFA
:1064D00008E02DB16368B3422AD00EB94B451FD0F6
:1064E0002468D4B1257A032DF3D92B1F022BF7D8BA
:1064F0006368B342F4D106225146684607F034F887
:106500000028EDD0062D2AD0237B8BB93846211DDB
:1065100000F09CFC64232373E2E702B0BDE8F0873F
:106520000622684608F1080107F01EF80028D7D0B7
:10653000637B022101336373384623699847637B89
:10654000092B05D9072323724FF416736381C7E71C
:10655000002301212372384623699847C0E70023AE
:1065600002212372384623699847B9E761B3B0B571
:106570000B680D4682B02BB322B3116811B3846D42
:1065800004B34FF6A96702E02468DCB12B686168A8
:106590009942F9D19BB2BB42F6D11388BB42F3D0EA
:1065A000237A052B14D8032B0FD8013B022BEBD8F1
:1065B0000023022123722369019200909847DDE9AC
:1065C0000002E1E702B0B0BD704706232372DBE7AB
:1065D000072BD9D1ECE700BF2DE9F04F00234FF096
:1065E0000A08564F0546BC4693469E4644464646D4
:1065F0009A4685B0CDF80880039101930A2C9CF847
:1066000014901AB239D0B9F1000F0ED025B1286814
:10661000DCF80410884248D0B9F1010FBCF8120030
:1066200035D0704524BF1646864601330A2B0CF13F
:10663000180CE3D1039901297CD1092C3EDC04EB31
:10664000440307EBC3031B7DA04613B13C48FFF78F
:10665000DFF8264664002DB12A6804EB080307EB37
:10666000C3035A600023444407EBC407C7F808B0CB
:106670007B82304605B0BDE8F08FB9F1000FC5D17F
:1066800001330A2B14460CF1180CB7D1D2E7DCF811
:106690000010C9B3504503F1010324BF9046824660
:1066A0000A2B0CF1180CA9D1C4E7BBF1000F03D0E1
:1066B000DCF808005845AFD11646DAE7092E0ADCA7
:1066C00006EB460357F83330B0467400ABB11D48B3
:1066D000FFF79EF803E0029E092E26DCB04608EB89
:1066E00048094FEAC90957F809004FEA480420B1A0
:1066F000FAF7F0FB002347F80930002204EB080307
:1067000007EBC3031A75A6E7019901338842029982
:1067100028BF1146019A28BF02460A2B0291019216
:106720000CF1180C7FF46AAF84E7B8F1090F01DCB3
:106730004646D3E74FF0FF369BE700BF9C7F022021
:10674000B43002009C3002002DE9F04F83B088463F
:10675000DDE90CAB91461F460646BDF83C400028DB
:1067600054D04FF420721C210E20FAF70FFC05467E
:1067700000284FD043891B2B44D920466C68F6F77C
:106780009BFDE08096F84C30062B02D02548FFF7A1
:106790003FF840F206424FF6A9633968A160B98814
:1067A000A181DBF80010C4F81210BBF80410E182DC
:1067B000DAF80010C4F80E100E990968A280A161E1
:1067C000BAF8002018499A42216040F6060411D018
:1067D0004B464246304629460094FEF7F1FE134AE6
:1067E0002846136B01331363FAF774FB002003B0E0
:1067F000BDE8F08F4246294630460D4B0094FEF727
:10680000DFFEECE70B48FFF703F8B6E70A48FEF7B0
:10681000FFFFA6E7054A4FF0FF30936C0133936406
:10682000E5E700BF2431020000010800D057012035
:10683000203B0200F0300200E03002002DE9F0437E
:10684000DFF8C48002EB420708EBC7073B7D144624
:10685000012B05460E4685B04FEA420935D904EBB7
:106860004400C00000F10C07022B47440DD005F195
:1068700046084FF400643B464246314628460094A1
:10688000FEF79EFE05B0BDE8F0834C4408EBC4045F
:10689000638AB3F58E7F1DD8B3F5877FE7D3174B97
:1068A000043001932B1D00930123404405F1460859
:1068B000029003933A46434641462846FFF744FF79
:1068C0000028D6D103232375D3E70D48FEF7A0FF98
:1068D0003B7DC4E7094B043001932B1D009301233A
:1068E000404405F14608029003934146434628463A
:1068F000044AFFF729FF0028BBD1E3E7183B020059
:1069000068310200203B02009C7F022070B51D4CC4
:10691000002684B004F1F0050AE0012A1FD0032A02
:106920002DD0042A01D1022323741834AC4214D090
:10693000227C002AF9D0E38901339BB2B3F5967F1C
:10694000E381EAD354F8040C18B1FAF7C3FA44F817
:10695000046C26741834AC42EAD104B070BD042B28
:10696000F0D803926068084A00F146030192021DC4
:1069700000921946054A0294FFF7E6FED5E7042384
:106980002374D2E7A07F0220183B0200203B0200C4
:106990002DE9F04F0D4689B00446FEF781FF002D2A
:1069A00000F0878066683388B3F5807F02D1337941
:1069B000062B0CD02046564B196DDA6B0131013293
:1069C0001965DA6309B0BDE8F04FFAF783BA737955
:1069D000042BEFD17388082BECD14D4F31467B6BE4
:1069E000284601337B63FFF75FFDD6F80EA06B6886
:1069F000B169CDF81CA0002B5ED14FF002090593C0
:106A000006F10808049395F84C30062B02D0414853
:106A1000FEF7FEFEBAF1000F3FD029465046F9F7C7
:106A2000BDFA8346C8BB0AF0F002E02A35D04946D9
:106A30002A4607A8FFF7D0FD00282EDB0C221821DC
:106A40004FF00209DFF8D0C010FB012100EB40003D
:106A50000CEBC00282F8149095604FEAC00ED8F893
:106A600000004CF80100B8F80400614488805CF82C
:106A70000E90A2F812B0B9F1000F0ED04FF40063DF
:106A80004CF80EB0494600932846434605F14602AD
:106A9000FEF796FD4846FAF71DFAF388B3F5807FB6
:106AA00019D0B3F5007F02D0BB6D0133BB65204622
:106AB00088E709B0BDE8F08FA3EB0A02B2FA82F2D0
:106AC0008B424FEA5212059206F108081AD10123AF
:106AD0009946049397E7049B002BE8D0059B002B75
:106AE000E5D1022607A905F146030291291D00916F
:106AF000424628461946CDF804800396FFF724FE47
:106B000020465FE700234FF0020904937BE700BFB4
:106B1000D0570120B83102009C7F02202DE9F04FB0
:106B20000E460546014685B030681746F9F736FA35
:106B3000002840F0B680336803F0F002E02A00F04D
:106B4000B080002B00F0AD802A4601213046FFF7CF
:106B500043FDB0F100085EDB1FFA88F37E2B44D8BA
:106B60005FFA88F8DFF8589108EB480B09EBCB0B7C
:106B70009BF8143005F146044FEA480ABBB1002FD8
:106B80005AD0012B35D13C46474D05E0237B5B06AF
:106B900077D42468002C65D0628923899A42F5D184
:106BA0002368002BF2D02846FEF732FEEEE702966D
:106BB00001263E4BCBF8085001932B1D0093039602
:106BC0002346214628463A4A8BF81460FFF7BCFD5D
:106BD00058B3EFB10AEB080309EBC3031B7D012B8C
:106BE00007D8D0D005B0BDE8F08F3248FEF710FED0
:106BF000B6E7182322464FF4006403FB0893009481
:106C00002D4C394628460C3384F80080FEF7D8FC1A
:106C100005B0BDE8F08F1FB1284A936C013393642F
:106C20004FFA88F005B0BDE8F08F9BF81430012BC7
:106C3000CFD1002FA7D122E001221C4B0392019358
:106C40002B1D0093284623462146194A0296FFF73A
:106C50007BFD0028DCD19BF81430012BD8D1ABF898
:106C600012700CE03846FAF795FA0AEB080359F867
:106C7000330008B1FAF72EF9D04449F838700020F3
:106C8000C6E73A464FF420710E20FAF763FC074638
:106C90000028EAD1094A4FF0FF30936C0133936426
:106CA000B6E76FF00F00B3E7EC310200183B0200CB
:106CB000203B0200DC310200987F0220D0570120E7
:106CC0009C7F0220F0B5044685B00E461546FEF7BF
:106CD000E7FD002C7ED0002E73D0002D76D021460B
:106CE0002868F9F75BF9002869D12B6803F0F002F6
:106CF000E02A3FD06268A1685A400A420ED04FF69F
:106D0000A9629BB2934209D07368DB689BB293423D
:106D100004D0E368002B6FD004F10C05384F394BD9
:106D20003A7802EB420103EBC103197D012902D934
:106D30009968A14255D04FF0000C324B06E00CF19F
:106D4000010CBCF10A0F03F1180330D0187D0128A3
:106D5000F5D99A68A242F2D15A6829689142EED1D7
:106D6000314620465FFA8CF23A7005B0BDE8F0403B
:106D7000FFF764BD01215E226B78ADF8081003F0C7
:106D80007F038DF80B30AB788DF80A208DF80C302E
:106D9000EB788DF80D3002AB4FF40065314620469C
:106DA00004F146020095FEF70BFC05B0F0BD32463B
:106DB0002946204605B0BDE8F040FFF7AFBE124BB4
:106DC000EAE71248FEF724FD002D88D11048FEF7AF
:106DD0001FFD84E70F48FEF71BFD002E7FF47DAFFB
:106DE000EFE75B6829689942A5D10B4D3146EB6D01
:106DF00020460133EB65B8E76FF00300D5E700BF2D
:106E0000987F02209C7F0220203B02000832020073
:106E100098310200E0300200D057012030B50C4616
:106E20000125074B85B00193064BCDE90245009340
:106E300000F146031946044AFFF786FC05B030BD51
:106E4000183B0200D8390200203B020030B50C4646
:106E50000125074B85B0019300F146031946CDE9A2
:106E60000245044A0094FFF76FFC05B030BD00BF37
:106E7000183B0200203B02002DE9F047694E6A4FA3
:106E8000D6F89430D7F80890013384B0C6F894301F
:106E900099F80040054604F00F04A400132C14D9FF
:106EA0004389032B11D943681B781BB3082B17D1D7
:106EB000786900F0F003E02B25D088463968F9F7AF
:106EC0006DF800BB2B89072B26D82846FAF702F865
:106ED000D6F8A4300133C6F8A43004B0BDE8F0877A
:106EE000D6F8B020D6F89C3001320133C6F8B02075
:106EF000C6F89C30284604B0BDE8F047F9F7EABF71
:106F00005046F9F7E7FF2846F9F7E4FFD6F8B8301E
:106F10000133C6F8B830E0E72846FFF7E1F900286A
:106F200066D104F10E0A51462846F9F72DFF0028D4
:106F300067D02B89191989B28B42E4D84FF420729B
:106F40000E20FAF723F882460028DCD0428904F1AB
:106F500008039A42D5D349462246406806F0E1FB31
:106F600021465046F9F760FF002854D12946504683
:106F7000FAF732FA0028C3D12846F9F7ABFF554695
:106F800021462846D5F80490F9F7FEFE0028B1D135
:106F9000D7E904314FF6F7726F68F9603B6189F801
:106FA0000000E873B9F80230214693428CBF0933E0
:106FB00008339BB2A9F8023000244FF0FF09BC72DD
:106FC00087F80890FC723846FFF784F9788101272A
:106FD000CDF808800094D6F890104B463944C6F896
:106FE00090102246284611490197F8F7C1FF81E722
:106FF0002846F9F76FFFD6F8A0300133C6F8A03065
:107000006BE751462846F9F70FFF0028B8D008482B
:10701000FEF7FEFB77E70748FEF7FAFB5046F9F765
:1070200059FF70E7D0570120D8BC0020ECBC0020ED
:1070300048320200143202002DE9F04105462E8943
:1070400088461C2E28BF1C2606F10807BFB286B052
:107050004FF4207222203946F9F798FF002835D0E6
:1070600043890446BB4234D33246032300266F686B
:107070002946656820462B7085F8018008232E710B
:107080006E71AE71EE71FAF7E5F8FB6805A805932D
:10709000F8F7B8FC0746B0B128466189AE70EE70CB
:1070A000FFF718F96880029701270C4D0096D5F874
:1070B0009000FF233844C5F890003146204605AAC9
:1070C0000197F8F755FF2046F9F704FF06B0BDE831
:1070D000F0810348FEF79CFBC6E700BFD0570120B4
:1070E0007C3202002DE9F0434FF0E027DFF8788092
:1070F00085B000214FF0FF32084603AB00920391A8
:1071000001F004FFD8F80050002DF2D0012695F8C8
:107110005030039A013303F01F0306FA03F31342BE
:1071200013D12D68002DF2D1E3E74FF080592046AE
:10713000F3F7BCF948B1EFF3058393B12046C7F8E4
:10714000049DF3F7B3F90028F5D12846FEF74CFD6E
:1071500004460028E5D029462B6998470028F4D03A
:10716000E3E705F0BFF8E2E7C05701200023012262
:1071700010B50C4686B00193049305930B798DF8F6
:1071800012208DF804308A68CB6809480392029374
:10719000EFF7B4FD039B20681A6801A9836090474C
:1071A00008B906B010BD0348FEF732FB06B010BDAB
:1071B000A8320200C032020010B5844684B0EFF35A
:1071C0000582134B18689AB1012300219CF85020C6
:1071D00003AC1A4402F01F0203FA02F2CDE90014D4
:1071E000039101F087FF039B012B08D004B010BD71
:1071F00002231146009201F0EBFE04B010BD4FF0E7
:10720000E0234FF08052C3F8042D04B010BD00BF3E
:107210008C80022030B583B00546FEF7ABFC836856
:107220000DF105019B690446984708B103B030BDD4
:10723000FEF736FB9DF80530ABB1A3682046DB694D
:107240000DF107020DF10601984720B12846F9F724
:10725000AFFC03B030BD28469DF807209DF806100E
:10726000FEF794FCF2E72846F9F7E0FC2846FEF723
:10727000B3FC03B030BD00BF10B50446054940F271
:10728000DC502246FDF74EFD2046BDE81040FFF7DA
:10729000C1BF00BF797201002DE9F04304460E46DC
:1072A00017461D4683B000286FD0002D72D03D4B8D
:1072B000236494F850300133DBB2202B46D8DFF83A
:1072C0001481D8F80090B9F1000F49D046F66562F4
:1072D00094F84D30A4F84E2043F0200384F84D304C
:1072E000314B30466361314B6662A361304B63655D
:1072F000FEF778FC07603046FEF774FC0368002B4D
:107300004CD04FF0060C40F2DC5784F84CC03146AC
:107310006E6994F84D30C4F846602A462D8B43F0D0
:107320000E0384F84D302046A4F84A50A4F8447067
:10733000FEF796FB224638461E49FDF7F3FC204631
:10734000FFF768FF002003B0BDE8F083DFF884801A
:107350001948FEF75DFAD8F80090B9F1000FB5D1E1
:1073600008234FF40072009314494B461448CDF89B
:10737000048000F0B7FE0128A8D01248C8F8009099
:10738000FEF746FA4FF0FF30DDE70F48FEF740FA10
:10739000002D8CD10D48FEF73BFA88E70C48FEF72C
:1073A00037FAAEE708330200C56C0100055D010045
:1073B000455A010079720100103302002C3302009B
:1073C000E570010034330200DC320200EC320200CE
:1073D000603302008C80022070B54FF0E0264FF041
:1073E000805504462046F3F761F800B970BDEFF30D
:1073F000058313B1C6F8045DF4E704F073FFF1E709
:10740000024B00280CBF18460020704700001040B7
:1074100010B51C2002F01AF9044620B1002340F8F0
:10742000043B00F0E9F8204610BD00BF2DE9F04212
:107430000C4691461F460646002864D0B4F1807F72
:107440004BD224B940F243113F48EBF7A9FD01F0BC
:10745000FDFBA0B9069B002B49D100F0CBFF35689E
:10746000002F40D12C4205D0B9F1000F02D025EAFF
:107470000404346000F0C6FF2846BDE8F08200F046
:10748000B9FF356857B92C42EED1069B002BF1D0DD
:10749000B9F1000118BF012109060CE034EA050327
:1074A000E2D0069B002BE5D0B9F1000118BF012105
:1074B000090641F08061069A2143301D01F038F938
:1074C00000F0A0FFA0B301F0B9FC8301054620D570
:1074D00025F07F452846BDE8F0824FF4A1711A4897
:1074E000EBF75EFDB3E734EA0503C3D1BCE74FF425
:1074F000A3711548EBF754FD00F07CFF3568F7B930
:107500002C42B1D1C4E740F241110F48EBF748FDDE
:1075100094E704F0F3FE35686FB92C4205D0B9F159
:10752000000F02D025EA0404346004F0F5FECFE732
:1075300004F0D8FEC7E734EA0503F6D1EFE734EAF2
:107540000503B1D190E700BF8C3302002DE9F84369
:1075500007460D46002837D0B5F1807F2ED200F0C7
:1075600049FF3B683C6907F10C092B43A1453B608F
:107570001ED04FF0000809E036B1D30148BF48EAF9
:10758000050801F0ADF93B68A1450FD0204602681F
:10759000646822F07F4512F0806F43F0007105EAC5
:1075A0000306E9D0B542E8D0A145EFD123EA0803AC
:1075B0003B6000F027FF3868BDE8F88340F22A21DD
:1075C0000448EBF7EDFCCAE740F229210148EBF74C
:1075D000E7FCC1E78C330200FFF7B8BF8C4600B56B
:1075E000864613467146624602485DF804EB02F097
:1075F00015B800BFD97501004FF0FF31002200F12E
:107600000803C0E90131C0E903330260704700BFDD
:1076100000230361704700BF30B40D686B1C10D0AD
:1076200000F108031C465B681A68AA42FAD902688E
:107630004B60013299608C606160086130BC02600F
:10764000704704696368F2E7036910B4D0E9011276
:107650005C688A6051600021844208BF5A601A68E1
:107660000161013A1A6018685DF8044B704700BF69
:1076700070B51646026C0446856B2AB9066801355A
:107680004EB31046A56370BD8EB9406806F049F848
:107690006368216CA2680B449342636028BF23682F
:1076A00005F1010528BF63600020A56370BDC068B7
:1076B00006F037F8226CE36851429B1A2268E360B7
:1076C000934202D2A3680B44E360022E08D0013536
:1076D0000020A56370BD806801F010FBA660D1E7B3
:1076E000012D38BF0125DFE770B5054604F006FE21
:1076F00095F845305CB2002C14DD05F1240603E05A
:10770000631EDAB25CB26AB16B6A5BB1304601F0FB
:107710007BF80028F4D001F097F9631EDAB25CB26E
:10772000002AF1D1FF2385F8453004F0F5FD04F07F
:10773000E5FD95F844305CB2002C14DD05F110062F
:1077400003E0631EDAB25CB26AB12B695BB130460A
:1077500001F05AF80028F4D001F076F9631EDAB28D
:107760005CB2002AF1D1FF2385F84430BDE87040B7
:1077700004F0D2BD70B508B3C56B04461DB3026CEE
:10778000A2FB0525FDB90E4604F0B8FDD4E90F3083
:10779000FF2100FB03F32268181A626013440244BD
:1077A000A563C4E9023284F8441084F84510D6B9C0
:1077B00023697BB904F0B0FD012070BD40F23711A0
:1077C0000D48EBF7EDFB4FF4B6710B48EBF7E8FB18
:1077D000002070BD04F1100001F016F80028E9D077
:1077E00004F080FDE6E704F11000FFF705FF04F167
:1077F0002400FFF701FFDDE7E4330200F8B5E8B14C
:107800001746A1FB002304460D46BBB901FB00F05F
:1078100010F1510F12D8503001F018FF064690B108
:10782000A5B100F1500301213046C6E90F45336090
:10783000FFF7A0FF86F84C703046F8BD40F22A21D1
:107840000348EBF7ADFB00263046F8BD0346EAE7F8
:10785000E4330200F0B585B004460F461E4601929F
:10786000002800F08780002F70D0022E65D001F034
:10787000EDF918B9019B002B40F08B8004F03EFD20
:10788000A26BE36B9A424BD3022E49D000200546EF
:107890000DE004F041FD2046FFF726FF00F0B2FDA9
:1078A00004F02CFDA36BE26B01209A4238D8019BB7
:1078B000002B54D080B304F02FFD00F09BFD04F0AA
:1078C0001DFD94F84430FF2B08BF84F8445094F811
:1078D0004500FF2808BF84F8455004F01DFD01A9AC
:1078E00002A801F071F800283ED104F007FDA26B58
:1078F000E36B9A42CDD104F00FFD019904F1100021
:1079000000F0FCFE2046FFF7EFFE00F07BFD0028B4
:10791000C6D104F0E7FCC3E702A801F049F8CAE7C2
:10792000324639462046FFF7A3FE636A43BB68BB75
:1079300004F0F2FC012005B0F0BDE36B012B96D002
:107940004FF46E711648EBF72BFB90E7236C002B7E
:107950008BD040F2B7311248EBF722FB85E704F0F9
:10796000DBFC002005B0F0BD2046FFF7BDFE00F0B7
:1079700049FDF6E740F2B6310948EBF711FB72E733
:1079800004F1240000F040FF0028D1D004F0AAFC4C
:10799000CEE740F2BB310248EBF702FB6EE700BFD7
:1079A000E433020070B50546502001F04FFE044656
:1079B00088B1002601212060C0E90F16FFF7DAFE2A
:1079C000334632463146204684F84C50A660266045
:1079D000E660FFF73FFF204670BD00BF2DE9F04194
:1079E00004460D4690461E4600284AD0002D3FD042
:1079F000022E0FD004F0A0FD04F0FCFDA26BE36B9F
:107A000007469A420FD30024384604F0FFFD204673
:107A1000BDE8F081E36B012B39D104F08DFD04F05A
:107A2000E9FD0746A36B294694F8455032462046A7
:107A30006DB2A36BFFF71CFE6B1C0DD1636AABB17B
:107A400004F1240000F0E0FE80B1B8F1000F0DD089
:107A50000123C8F8003009E000F0C8FD854205D2D6
:107A60007F2D20D001356DB284F845500124CBE73D
:107A7000236C002BBCD040F291410E48EBF790FAFA
:107A8000B6E74FF492610B48EBF78AFAAEE740F2A3
:107A900092410848EBF784FA04F04EFD04F0AAFD89
:107AA000A36B0746BFE740F21B510248EBF778FA99
:107AB000D8E700BFE4330200F0B585B004460E46B7
:107AC000019200286AD0002E5FD001F0BFF810B9F3
:107AD000019B002B68D104F011FCA56B002D69D12E
:107AE000019B7BB302A800F063FF2F4604F014FC57
:107AF00000F080FC04F002FC94F84430FF2B08BF37
:107B000084F8447094F84530FF2B08BF84F8457022
:107B100004F002FC01A902A800F056FFB8B904F075
:107B2000EDFBA36B03B304F0F7FB2046FFF7DCFD8E
:107B300000F068FC04F0E2FBA56B002D3AD1019B3C
:107B4000002BD3D104F0E8FB002005B0F0BD2046A7
:107B5000FFF7CAFD00F056FC04F0D0FBA36B002B2E
:107B6000F0D004F0D9FBE5E704F0D6FB019904F16D
:107B7000240000F0C3FD2046FFF7B6FD00F042FCF4
:107B80000028D7D104F0AEFBD4E7236C002B9CD0A7
:107B900040F2E7511748EBF703FA96E740F2E3515A
:107BA0001448EBF7FDF98EE740F2EC511148EBF782
:107BB000F7F990E7226C5AB1E168A3681144994241
:107BC000E16028BF2168304628BFE16005F0A9FDCB
:107BD000013DA563236923B904F09EFB012005B094
:107BE000F0BD04F1100000F00FFE0028F4D004F006
:107BF00079FBF1E7E4330200F0B585B0044601916A
:107C0000002800F08F80236C002B7FD101F01EF83C
:107C100010B9019B002B7FD1002604F06FFBA36BF2
:107C20003546374673BB019B002B6CD0002D45D0E9
:107C300004F072FB00F0DEFB04F060FB94F84430CB
:107C4000FF2B08BF84F8447094F84530FF2B08BF21
:107C500084F8457004F060FB01A902A800F0B4FEAE
:107C6000E8B904F04BFBA36B7BB304F055FB204653
:107C7000FFF73AFD00F0C6FB04F040FBA36B0125C3
:107C8000002BD0D02268013BA363002A62D0236975
:107C9000002B56D104F040FB012005B0F0BD20467A
:107CA000FFF722FD00F0AEFB04F028FBA36B4BB9FD
:107CB00004F032FBE6B9002005B0F0BD02A800F0E8
:107CC00077FEB5E704F028FBD6E704F025FB236830
:107CD00073B3019904F1240000F010FD2046FFF772
:107CE00003FD00F08FFB0028C6D104F0FBFAC3E7C8
:107CF00004F004FB616A19B1236B1968C1F10A0130
:107D0000A06801F047F804F007FBD4E74FF4D06116
:107D10001248EBF745F979E740F285610F48EBF738
:107D20003FF979E740F27C610C48EBF739F96AE7F3
:107D300004F0E4FAA06800F099FF064604F0ECFABB
:107D4000C7E704F1100000F05FFD0028A2D004F0A6
:107D5000C9FA9FE701F07EF8A06098E7E4330200DB
:107D600010B5044630B104F0C9FAA46B04F0D4FA9B
:107D7000204610BD40F68F010448EBF711F904F0DE
:107D8000BDFAA46B04F0C8FA204610BDE43302002B
:107D9000F8B505460E46F0B1CEB10024114F22468B
:107DA0003B4603E0082A03F108030DD05868A842B7
:107DB0000ED00132002CF5D11968002908BF1C46ED
:107DC000082A03F10803F1D10CB1C4E90065F8BD3C
:107DD00007EBC204F9E740F6BD310348EBF7E0F8E2
:107DE000DAE700BF90800220E433020070B5044659
:107DF0000E46154604F082FA94F84430FF2B04BF77
:107E0000002384F8443094F84530FF2B04BF00234E
:107E100084F8453004F080FAA36B23B12046BDE816
:107E20007040FFF761BC04F124002A46314600F09F
:107E3000B7FC2046BDE87040FFF756BC2DE9F8437B
:107E40000446264B2648274A274DD0F8009017684D
:107E5000D3F8008028680E460430FFF7F5FB631C5A
:107E600017D02B6819EB04045C600BD229683846E4
:107E70000431FFF7D1FB1D4B1A68A24200D91C60E8
:107E8000BDE8F88329684046BDE8F8430431FFF7B0
:107E9000C3BB76B92B6809F1FF325A60B9F1000F04
:107EA000F0D1296838460431FFF7B6FB0F4B1B6849
:107EB000E6E70F4B29685A682E688A6028682968A7
:107EC0002D681C68043001341C6094680431F4602F
:107ED000606091606B61BDE8F88300BF448102205F
:107EE000FC800220488102203C820220E0800220A7
:107EF0000481022080B5124D124F134EDFF84C80E2
:107F000014E004F0FBF9FB68DC68201DFFF79CFB24
:107F10003368013B33602B68013B2B6004F0FCF9B4
:107F2000206B01F083FC204601F080FC2B68002BC5
:107F3000E7D1D8F80030012BF8D904F0D3F9F5E7F0
:107F4000188102201C8102200081022074810220FD
:107F50002DE9F04F594B83B01A6802F10108C3F8BC
:107F60000080B8F1000F65D0554A1368984579D361
:107F7000544F3B681868002800F09C800020524B4A
:107F800086468346BA46514EDFF8549100930192DB
:107F900042E05869D3E902249460626042688A42F0
:107FA000026808BF4460013AC3F814E00260986AAE
:107FB00060B1D3E90724946062604268AA42026813
:107FC00008BF4460013AC3F828E00260DA6AD9F8D1
:107FD000000002EB8204824206EB8400476888BFFF
:107FE000C9F8002056F82450D7F808C09F60C3F89D
:107FF0000CC00135CCF80410B9605861009B46F8FC
:1080000024501968DAF80030C96A1B688A4288BFB0
:108010004FF0010B002B41D0DAF80030DB68DB6851
:108020005C68191DA04503F11805B2D2019A5846A3
:1080300014601BE0234F3B681B68002B34D1244B9A
:1080400039681A683A60234A19601368013313606B
:108050003B681B68E3B94FF0FF33194A136013689C
:10806000984585D20020184B184E0093009B1A4962
:108070001B68DB6A03EB83039B00F2580B68022A40
:1080800028BF0120002B18BF012003B0BDE8F08FEE
:108090003B680B4ADB681B68136066E75846019A29
:1080A0004FF0FF331360E1E741F289210B48EAF713
:1080B00077FFC4E7044B054E0093F1E7FC800220F4
:1080C000E0800220488102203C820220748102204C
:1080D00044810220E8800220EC8002203434020037
:1080E000F88002202DE9F0479700804638460D467B
:1080F0009946DDF820A001F0A9FA002800F08D8053
:108100000646602001F0A2FA0446002800F08280B2
:108110006022002105F052FA3A46A5213046266336
:1081200005F04CFA236B043F1F4427F007077DB18D
:1081300005F1FF3C05F10F0204F133031CF8015F68
:1081400003F8015F0DB19445F8D1002384F8433062
:10815000BAF1090F4DD8CAF10A06251D2846C4F800
:108160002CA0C4F84CA0FFF753FA04F11800FFF755
:108170004FFA4B4642463846216BA6612461646241
:1081800004F010F9099B206003B11C6004F0B6F8FC
:108190003F4A404E1368013313603368002B46D0CA
:1081A000DFF81881E36AD8F80020002A39D03A4F66
:1081B0003A493B480A68013262640A6002689A429E
:1081C00038BF036003EB830307EB83014A689B001E
:1081D0009068A260E06045609560FA586161013284
:1081E000FA5004F099F8D8F800305BB90120BDE8E6
:1081F000F08740F25C712B48EAF7D2FE01264FF07F
:10820000090AAAE73268E36AD26A9A42EED204F017
:1082100069F8EBE7304601F009FB4FF0FF30BDE8AD
:10822000F0873268D26A9A4298BF3460BFE7346000
:108230001368012B04D0E36A174FDFF88080B7E79B
:10824000154FB84607F1C809404608F11408FFF772
:10825000D3F9C145F8D1DFF86890DFF86880484667
:10826000FFF7CAF94046FFF7C7F90F48FFF7C4F90F
:108270000E48FFF7C1F90E48FFF7BEF90D4BC3F8E2
:1082800000900D4BC3F80080E36ADFF830808FE781
:10829000008102203C82022074810220E4800220BE
:1082A000F880022034340200308102201C81022038
:1082B000048102204881022044810220F4800220AF
:1082C000608102204C8102202DE9F041044660B318
:1082D0001D4B1B68A3421DD004F010F81B4B1C4A19
:1082E000A66A17686569D3F8008004F015F8194B81
:1082F0009E4212D0BD4215D0454513D0164B9D422B
:108300000ED0164B9D421DD0002D0CBF0420012025
:10831000BDE8F0810020BDE8F0810120BDE8F081DA
:10832000A36A43B10220BDE8F08140F6C5110C48B4
:10833000EAF736FECCE794F85C30012B0CBF022044
:108340000320E8E70420E6E73C8202204481022083
:108350004881022030810220048102201C810220F9
:108360003434020030B500251A491B4B87B0019107
:10837000029380222B46194802A900958DF80C50D3
:10838000FFF7B0FE20B10128044605D0013417D014
:10839000134B1B6807B030BD01F01AF901280446E1
:1083A000F4D104F027F94FF0FF300E490E4A0F4B7D
:1083B000086014601D60EAF701FD04F02FF8E7E79C
:1083C00040F6A1610A48EAF7EBFD054B1B6807B0D0
:1083D00030BD00BFDC80022049444C45F57E0100E1
:1083E000783B0200E0800220F4800220FC80022022
:1083F00034340200024A136801331360704700BF2F
:10840000D88002202DE9F04F554F83B003F076FF5E
:108410003B68002B00F096803B68013B3B60D7F83F
:108420000080B8F1000F40F086804E4B1B68002B97
:1084300000F08180DFF84CE1DEF80030002B00F026
:108440008C80494BDFF84091484EDFF830A1019312
:10845000DEF80C30DB689A6AD3E907018160486076
:10846000506803F11804A04208BF51601168C3F8B6
:108470002880013911605A69D3E90210886041608F
:1084800051681D1DA942116808BF50600139116073
:10849000DA6AD9F8000002EB8201824206EB810C15
:1084A000DCF8044088BFC9F8002056F82100D4F851
:1084B00008B001309C60C3F80CB0CBF80450A56044
:1084C000C3F814C046F82100DAF80030DB6A9A429B
:1084D00002D90122019B1A60DEF80030002BB7D1CF
:1084E000234B1A681268002A32D01A68214BD268CE
:1084F00012681A60204D2C68A4B10126DDF80480B2
:1085000006E0FFF725FD08B1C8F80060013C08D07F
:108510003B68002BF5D02B68013C03F101032B6075
:10852000F6D12C60019B1B682BB1144B01241B68F6
:1085300003F0D8FE00E0002403F0EEFE204603B076
:10854000BDE8F08F40F66B710D48EAF729FD63E74F
:108550004FF0FF32074B1A60CCE7034B0193C9E79A
:10856000D880022000810220EC8002207481022049
:1085700048810220E0800220F08002203C8202201C
:108580003434020030810220F880022010B3124BF4
:1085900010B51A68044601321A601B68012B0BD112
:1085A00000212046FFF74AFCFFF72CFF18B9BDE871
:1085B000104003F097BE10BD40F693110748EAF74C
:1085C000EFFC00212046FFF739FCFFF71BFF0028D6
:1085D000EDD0F0E703F086BED880022034340200EC
:1085E000014B1868704700BFFC800220014B1868DF
:1085F000704700BF00810220054B1B680BB9FFF7D5
:10860000A7BC044A0020136801331360704700BF01
:10861000D8800220F0800220304B1B681BB1012261
:108620002F4B1A6070472E4A2DE9F0411360EAF78C
:10863000D7FB2C4B2C4A1860146819682B4EA142AA
:1086400005D91D683068416D091B294441651968C9
:10865000336811601B6B1A68B2F1A53F07D15A68E5
:10866000B2F1A53F03D19A68B2F1A53F30D031688D
:1086700030683431EAF7A2FC1D4F1E4D3C6804EB14
:1086800084039B00EB58A20053B9DFF86C80CCB197
:10869000013C04EB840355F82330A200002BF6D0F4
:1086A000224405EB82010D464B6808355B68AB42FE
:1086B0004B6004BFCB684B60DB6833603C60336861
:1086C000BDE8F08141F221414046EAF769FCDFE76D
:1086D000DB68B3F1A53FCAD1CEE700BFD880022046
:1086E000EC800220D0800220D48002203C82022034
:1086F000F8800220748102203434020038B5044628
:108700000D4658B1084B204619681831FEF784FF12
:108710002846BDE838400121FFF790BB41F2A74150
:108720000248EAF73DFCEDE73C82022034340200C7
:10873000F8B504460D46164630B3164B1B68EBB130
:10874000154B45F000451A68196895616268D3F8C1
:1087500000C0CA611D6819681F68236830469668A2
:10876000183518310133CCF8206075609160BC6217
:1087700001212360BDE8F840FFF760BB41F2C94129
:108780000648EAF70DFCDBE741F2C5410348EAF78A
:1087900007FCD2E7D88002203C8202203434020059
:1087A000F8B504460E46154618B3154B6268002D01
:1087B00029461D6808BF3046D3F800E0EA611E680C
:1087C0001D68D3F800C02368976806F1180605F104
:1087D000180503F10103CEF8207018BF4FF0FF30E9
:1087E0007E609560CCF828402360BDE8F840FFF734
:1087F00025BB41F2E5410348EAF7D2FBD5E700BFCC
:108800003C82022034340200F8B5C368DC68002CD6
:1088100051D0D4E907120026A36A8A6051605968D2
:1088200004F11800814208BF5A601A68254D013AC8
:10883000E16AA6621A602B68002B30D1D4E90202EB
:108840006369826050605868261DB04208BF5A6054
:108850001A68013A1A601C4B1A688A421B4A38BFD0
:10886000196001EB810302EB83077D689B00D05800
:10887000D5F808C00130A560C4F80CC0CCF804607D
:10888000AE606761D050124B1B68DB6A8B4204D22A
:108890000123104A18461360F8BD0020F8BD0E4BA6
:1088A0001D685A6801351D609568E261256268603F
:1088B0009060A362E7E741F21C510848EAF770FBB9
:1088C000A7E700BFD8800220F88002207481022030
:1088D0003C820220EC8002203081022034340200ED
:1088E000F8B52D4B05461B680E46002B42D0EC68B0
:1088F00046F000462E60002C47D0D5E90112002733
:108900002B698A6051605968261DA94208BF5A60C8
:108910001A68D4E90201013A2F611A606369816023
:108920005A684860B2421A6808BF5960013A1B4948
:108930001A600B68E26A9A4288BF0A60184902EB23
:10894000820301EB83077D689B00C858D5F808C0F7
:108950000130A560C4F80CC0CCF80460AE6067615B
:10896000C850104B1B68DB6A9A4202D901220E4B99
:108970001A60F8BD41F26A510C48EAF711FBEC6845
:1089800046F000462E60002CB7D141F275510748E1
:10899000EAF706FBB1E700BFD8800220F88002208A
:1089A000748102203C820220EC80022034340200D8
:1089B000034A044B12681B68C0E90023704700BFDC
:1089C000E8800220FC800220F8B504460D4640B342
:1089D00075B303F093FC2B68184A581C11681BD020
:1089E000D4E90060DFF85CC0DCF80070BE4208D05B
:1089F000884206D8002301242B6003F08DFC20461A
:108A0000F8BD0F1ABB42F5D95B1ADCF800101268EA
:108A100003442B60C4E90012002403F07DFC2046CF
:108A2000F8BD41F2CC510648EAF7BAFA002DD0D190
:108A300041F2CD510248EAF7B3FACAE7FC800220BE
:108A400034340200E88002200122014B1A60704792
:108A5000EC80022070B50D461646002833D004463F
:108A600004F13402C5E90042E26A052B2A61226B57
:108A7000EA61626CAA60E26C6A61626DAA6128D0E8
:108A80001F4A1268A24221D0032B2B7326D003F079
:108A900035FC1C4BA26A9A4204BF01232B7303F0DE
:108AA0003BFC76B1266B3378A52B22D13346194691
:108AB00013F8012FA52AFAD0C6F101060E44C6F319
:108AC0008F062E8470BD0E4A1468C9E700232B73ED
:108AD000E7E72046FFF7F8FB2873E2E70A4A136846
:108AE00001331360A36A33B102232B73FFF78AFCAF
:108AF000CDE70026E5E794F85C30012BF4D0F5E7EC
:108B00003C82022030810220D88002204B682DE96F
:108B1000F0475E6801F108094E4508BFCE680D4672
:108B2000904604460027D6F80CA000E06E687068F6
:108B300021468145686008BFE8684346C66808BFAB
:108B4000686001223046FFF785FFB24507F1010753
:108B500004F12404EAD13846BDE8F0872DE9F84352
:108B6000304C2368013323602F4B1B688B4253D852
:108B70000025904607460A242A462C4EA6F1B40941
:108B8000013C04EB840359F82330501907EB8000B3
:108B90004BB101223146FFF7B9FF054405EBC50093
:108BA000EA0007EB8000143E002CE9D1204B196845
:108BB0000B683BB10222FFF7A9FF054405EBC50096
:108BC00007EB80001B4B19680B683BB10222FFF7D3
:108BD0009DFF054405EBC50007EB800016490B68B7
:108BE0003BB10422FFF792FF054405EBC50007EBFC
:108BF000800012490B681BB10322FFF787FF054471
:108C0000B8F1000F03D0EAF7EBF8C8F80000FFF75F
:108C1000F9FB2846BDE8F8830025FFF7F3FB28465B
:108C2000BDE8F883D880022000810220288202203B
:108C300048810220448102201C81022004810220FC
:108C4000014B1868704700BF3C820220054B1B682F
:108C500033B1054B1868B0FA80F040094000704706
:108C600001207047F4800220D8800220F8B5044625
:108C7000C8B11F4DC36A2A68D26A934214D282696E
:108C8000002A04DB2A68D26AC2F10A028261194E04
:108C9000626903EB830306EB83039A420CD02B68D3
:108CA000DB6AE3620120F8BD2B68C06CDB6A984286
:108CB0002CBF00200120F8BD271D3846FEF7C4FC5C
:108CC0002B680D4ADB6A1168E3628B4288BF136030
:108CD00003EB8303980006EB8303596832588D68D1
:108CE0000132A160E5606F608F6063613250D9E747
:108CF0003C82022074810220F8800220E0B1F8B5A5
:108D0000204B04461B68834204D041F64A211E488A
:108D1000EAF746F9236D43B1E16AE26C013B914207
:108D2000236500D053B10020F8BD41F64B21164811
:108D3000EAF736F9236DEFE700207047261D30462D
:108D4000FEF782FCE36C114AC3F10A00A061012026
:108D50001168E3628B4288BF13600D4A03EB830303
:108D60004FEA830C02EB83035D6852F80C10AF6886
:108D70000144A560E7607E60AE60636142F80C105C
:108D8000F8BD00BF3C82022034340200F88002208B
:108D900074810220A8B1F8B5036D04460D4653B1A5
:108DA000E26CE36A954238BF1546AB4202D0226DB1
:108DB000012A07D0F8BD41F6A8211C48EAF7F0F8CF
:108DC000EEE770471A4A1268A24228D0A269E5620B
:108DD000002AA4BFC5F10A05A561164D626903EB1F
:108DE000830305EB83039A42E4D1261D3046FEF748
:108DF0002BFC114AE36A11688B4288BF136003EBB6
:108E00008303980005EB830359682A588F68013261
:108E1000A160E7607E608E6063612A50F8BD41F614
:108E2000C3210248EAF7BCF8E36ACFE73434020012
:108E30003C82022074810220F8800220044A1168DA
:108E400013681268DB6A8869C3F10A03936170478B
:108E50003C820220034B186810B1036D0133036597
:108E6000704700BF3C8202202DE9F8430446884643
:108E7000164600283DD1224D03F040FA2B6804F13C
:108E8000160753F8273033B94FF001092B682344F4
:108E900083F85C90C6B903F03FFA03F02FFA2B6811
:108EA00053F8276036B12B68B8F1000F1DD00022AF
:108EB00043F8272000222B68234483F85C2003F02A
:108EC0002BFA3046BDE8F8830E4A13684B44136012
:108ED00003F022FA49463046FEF7B0FFFFF792FA58
:108EE0000028DAD103F0FEF9D7E7721E43F82720F5
:108EF000E0E741F6E9510448EAF752F8BBE700BF62
:108F00003C820220D8800220343402002DE9F04750
:108F1000089F894690461E46044600284CD1294D9C
:108F200003F0ECF92B68234493F85C30022B0DD04E
:108F30004FF0010A2B6803EB84039A6D22EA0902C1
:108F40009A652B68234483F85CA0DFB903F0E4F949
:108F500003F0D4F92EB12B6804F1160253F8223035
:108F600033602B68234493F85C30022B1BD000261F
:108F700000222B68234483F85C2003F0CDF93046AF
:108F8000BDE8F087104A13685344136003F0C4F936
:108F900051463846FEF752FFFFF734FA0028D7D182
:108FA00003F0A0F9D4E72B68012603EB84039A6D44
:108FB00022EA08029A65DBE741F661610348E9F7B6
:108FC000EFFFACE73C820220D8800220343402005C
:108FD0002DE9F041069F044690461E460D4609BB0A
:108FE0003CB303F08BF927B105F1160354F8233095
:108FF0003B600223611991F85C7081F85C30FFB22C
:10900000042E63D8DFE806F006555C0351001635E0
:1090100044F82580012F12D0012403F07DF9204669
:10902000BDE8F08141F6E7612D48E9F7B9FF002C72
:10903000D7D141F6E8612A48E9F7B2FFD1E7636981
:10904000D4E902128A6051605968261DB14208BFF6
:109050005A601A682349013A1A600A68E36A93421F
:1090600088BF0B60204903EB830201EB82077D6818
:1090700092008858D5F808C00130A560C4F80CC02B
:10908000CCF80460AE6067618850A26A2AB141F6EC
:109090002C711348E9F784FFE36A144A1268D26A14
:1090A0009A42B9D203F01EF9B6E7022FAFD10024DD
:1090B000B3E704EB8505AB6D43EA0803AB65A9E7AD
:1090C00004EB8505AB6D0133AB65A3E7084B1B686B
:1090D000002B9FD041F61D710148E9F761FF99E728
:1090E00034340200F8800220748102203C82022085
:1090F000FC8002202DE9F843089F0D4690461E464D
:109100000446002863D025BB03F016FA03F072FA78
:10911000814627B105F1160354F823303B60022243
:10912000631993F85C7083F85C20FFB2042E7AD840
:10913000DFE806F006463C034200163544F8258079
:10914000012F0CD00124484603F060FA2046BDE808
:10915000F88341F662713948E9F722FFD4E7A36A40
:1091600023B141F6B4713548E9F71AFF344AE36A8E
:109170001268002A31D0334A516810688D68013076
:10918000106004F11800E161256268608860A262E5
:109190002D4A1268D26A9A42D4D2099B13B1012394
:1091A000099A13600122294B1A60CBE704EB85056D
:1091B000AB6D0133AB65C3E7022FBED10024C2E71C
:1091C00004EB8505AB6D43EA0803AB65B8E741F6F0
:1091D00061711A48E9F7E4FE95E76269D4E9020192
:1091E000816048605068261DB04208BF5160116818
:1091F00001391160164A11689942164938BF136047
:1092000003EB830201EB82077D6892008858D5F852
:1092100008C00130A560C4F80CC0CCF80460AE6092
:1092200067618850B4E70C4B1B68002B88D041F66F
:10923000A9710248E9F7B4FE82E700BF34340200A6
:10924000D8800220308102203C820220EC80022063
:10925000F880022074810220FC800220F8B5104CB6
:1092600003F04CF825681DB1BDE8F84003F054B890
:109270000C4E0D4F3046FEF7BFF93846FEF7BCF9ED
:109280000A4A0B4B176010212A460A201E60FEF77F
:10929000B5FA20600028E7D00649FEF779FDE3E73C
:1092A0004882022068820220548202204C820220DE
:1092B00050820220843402002DE9F047DFF88490C8
:1092C0000546D9F800300F46DB68DC6804F1040875
:1092D0004046FEF7B9F994F828305A070ED423F027
:1092E000010384F828302046236ABDE8F047184778
:1092F00093421BD82046236A98473546A3697A1BB8
:10930000EE182CBF01210021B74266602461EFD224
:10931000AF4201D20029EDD0D9F800004146FEF756
:109320007BF92046236ABDE8F0471847044B4146C5
:109330001868FEF771F92046236ABDE8F047184720
:109340004C820220508202202DE9F04F00269B4DD6
:109350009B4FDFF878829B4C85B02B68D3F800B028
:10936000BBF1000F00F0E380DB68D3F800B0FFF73B
:1093700041F8FFF735F93B688246984240D3834570
:10938000386040F2E98000222068ABEB0A01FEF76A
:109390002DFDFFF737F8002800F0DB80CDE90066EF
:1093A000CDE90266002269462068FEF785FB0028A9
:1093B000D3D0009B0298002BC0F2B180DDF808A04A
:1093C000DAF814301BB10AF10400FEF73DF9FFF79B
:1093D00007F93B688346984226D3009BC7F800B044
:1093E000013B082BDED8DFE803F029298A72912996
:1093F000298A7200DB684FF0FF311868FFF75CFFC5
:109400002B681A68002AF5D1D8F80020C7F800A008
:109410002A60C8F80030FEF7F5FFBFE7DB684FF0C1
:10942000FF311868FFF748FF2B681A68002AF5D14A
:10943000D8F80020C8F800302A60CEE79AF8281043
:10944000019ADAF8180041F001038AF8283013185D
:109450002CBF4FF0010C4FF0000C5B45CAF80430F4
:10946000CAF810A07FD8ABEB0202904200F29480C1
:109470004A0712D421F001018AF828105046DAF880
:10948000203098478EE7884200F291805046DAF803
:10949000203098474B46DAF8180010EB03092CBF30
:1094A0004FF0010C4FF0000CCB45ABEB0301CAF8B9
:1094B0000490CAF810A0E6D29B4502D2BCF1000F7E
:1094C000E4D028680AF10401FEF7A6F8D6E79AF876
:1094D0002820019B42F001028AF82820CAF818309F
:1094E000002B47D05B449B45CAF80430CAF810A053
:1094F00052D228680AF10401FEF78EF852E79AF872
:10950000283023F001038AF828304BE79AF82830F6
:109510009A0748D523F001038AF8283042E7019BD7
:1095200003999847009B002BFFF63CAF46E7FEF7F8
:1095300061FFFFF755F83B68824683423FF660AF14
:10954000D8F80030C7F800A01A68B2FA82F25209BF
:109550001AE702F0C7FE21E7FEF754FF51465846CE
:10956000FFF7AAFE1AE75A45C3D9BCF1000F3FF432
:109570007FAFBEE74FF482611348E9F711FDDAF8D7
:109580001830CAF810A003EB0B025A45CAF80420A1
:10959000AFD8002B3FF406AFD8F800000AF1040161
:1095A000FEF73AF8FEE6504600F040F9FAE6D8F841
:1095B00000000AF10401FEF72FF85FE75082022055
:1095C00040820220488202208C3402004C82022019
:1095D00010B582B0FFF742FE0B4B1B685BB109244C
:1095E0000A48002301904FF4807209490948009409
:1095F000FEF778FD28B908484FF4A371E9F7D0FCCD
:10960000002002B010BD00BF488202204482022028
:10961000E0340200499301008C3402009C46F0B50E
:1096200007460E4615466FF00104074B85B06946A4
:10963000624618680023CDE9017603950094FEF791
:10964000CDF905B0F0BD00BF488202202DE9F04FF2
:10965000431E0A3383B000F2818010F0070300F14B
:10966000080B40F08B80DFF8C091FEF7C3FED9F8FD
:1096700000205B46002A00F0A180BBF1000F74DBE4
:10968000DFF8A0A1DAF800305B456ED35E4B5F4E89
:109690001D68B54202D35E4B9D4203D9F5215D485A
:1096A000E9F77EFC6B68584A5B4513D2DFF86481AA
:1096B000574F0CE0B44201D3BC4203D9FB214046D2
:1096C000E9F76EFC63682A465B45254602D22C68A2
:1096D000002CEFD1D9F80030AB4246D014680834E2
:1096E000B44202D34A4B9C4206D940F20511494884
:1096F0000192E9F755FC019A2B6813606B685B4592
:1097000052D3A3EB0B01102908D905EB0B06700708
:109710006ED15B4671601168316016603E49DAF8BF
:1097200000200868D21A824238BF0A600021CAF8B5
:1097300000203A4A43F000436B601368296001330C
:109740001360FEF75FFE630704D040F25711314803
:10975000E9F726FC204603B0BDE8F08FDFF8C8909B
:10976000FEF748FED9F800303BB30024FEF74AFE6E
:10977000E9F72CFC204603B0BDE8F08FA3F1090205
:109780005A45EBD3DFF8A0901030A0EB030BFEF7A7
:1097900031FED9F800205B4682B1002BE5DBBBF13E
:1097A000000F7FF46DAFE0E740F20D111948019210
:1097B000E9F7F6FB6B68019AA3E79B46134E00207E
:1097C00074071CBF073626F007063146144A0E4CB4
:1097D00022F00702961BC4E90010C9F80020C2E974
:1097E0000000C1E900260C4A16600E4A1660D4E754
:1097F0004FF48B7107480192E9F7D2FB6968019A2F
:10980000A1EB0B0185E700BF908202209882022025
:1098100097820420E83402008482022080820220A1
:1098200090820420888202208C820220002864D04A
:10983000F8B53E4EA0F10805B542044602D33C4BB4
:109840009D4204D94FF4B5713A48E9F7A9FB54F8A1
:10985000043C002B0FDA54F8082CCAB14FF4B6714F
:109860003448E9F79DFB54F8043C002B02DA54F825
:10987000082C6AB1F8BD40F26B112E48E9F790FB55
:1098800054F8083C002BE9D154F8043C002BF1DAE1
:1098900023F0004344F8043CFEF7ACFD2648274F74
:1098A0000346396854F8042C114439601F461B687C
:1098B0009D42FBD887420CD0B74202D31C498F424D
:1098C00007D94FF4FD711B48E9F76AFB54F8042CE3
:1098D0003B6879687818854210D0A9188B421DD052
:1098E00044F8083CAF4218BF3D60154A1368013385
:1098F0001360BDE8F840FEF785BD70470A44B9180B
:109900008B427A60F1D10F49096899420BD03D46EC
:10991000D3E900010A44C5E90002E3E709490968FF
:109920009942F5D1DCE73B60DFE700BF9882022077
:1099300097820420E834020090820220888202206C
:109940007C8202208C820220014B1868704700BF85
:1099500088820220014B1868704700BF8482022071
:10996000FEF714BE10B582B0B9B101280CD80B783F
:1099700053B1144C022B235402D0012002B010BD6D
:1099800000F0B8FB0028F8D14FF0E023D3F8F03D09
:10999000DB0700D500BE0020F0E70B4B01201B8841
:1099A00001A9ADF8043000F0A5FB38B94FF0E02371
:1099B000D3F8F03DDA07E1D500BEDFE70222014B24
:1099C0005A70DBE7988204207C3B0200012803D810
:1099D000034A135C022B00D0704702F0A5BA00BF07
:1099E00098820420F8B5037813F001041AD10378A3
:1099F00005465A07C3F3800701D52046F8BD0E4639
:109A00004FF0FF313046FEF7F7F82B7813F00104E2
:109A10000BD12B785B0709D42B78012443F0040386
:109A20002B7003E000242046F8BD3C46002330465E
:109A30001A461946FDF70EFF2046F8BD70B50C46D4
:109A400005464FF0FF312046FEF7D6F82B78C3F3DA
:109A500080065B0708D52B7813F0010311BF0026A1
:109A60002A7863F382022A70002320461A46194698
:109A7000FDF7F0FE304670BDC378828803F0030026
:109A80000228C2F30A021FD0032803D001280AD0FB
:109A900000207047022914BF40234FF48063934293
:109AA00009D301207047022940F2FF3308BF4FF469
:109AB00080639342F6D24FF0E023D3F8F03DDB070A
:109AC000E6D500BE00207047022902D0402AE8D91E
:109AD000F1E7B2F5007FE4D0EDE700BF0A44914220
:109AE00005D3704791F800C061448A4220D991F8AB
:109AF00001C0BCF1050FF5D100B591F802C00CF022
:109B00007F0E00EB4E0E4FEADC1C0EF80C3091F885
:109B100000C061448A4209D991F801C0BCF1050F27
:109B2000EBD091F800C061448A42F5D85DF804FB9F
:109B3000704700BF39B370B54D1E017803460E461D
:109B40000020EDB2304480B290420B4405D313E0C4
:109B50001FFA8EF082420B440ED9197801EB000EE9
:109B600051B193F801C0BCF10B0F0BD0BCF1040F45
:109B7000EED1DC78002CEBD1013DEDB2FF2D01D010
:109B80001978DFE770BD0846704700BF2DE9F04740
:109B9000BDF8204085881E1BB6B2A3423CBF06EB31
:109BA0004506B6B207468846DEB1B54231D3964285
:109BB00028BF1646A54203D8641BA4B2A542FBD910
:109BC000B7F806902B1B39689BB2C9F30E029E4270
:109BD000914602FB041107D8404606FB02F203F04F
:109BE000A0FD3046BDE8F08713FB02F31FFA83FAAD
:109BF0005246404603F095FD731BE21812FB09F232
:109C0000396808EB0A0092B203F08BFD3046BDE8DC
:109C1000F0879D4294BF5B1B5B199CB22E4644812A
:109C2000C5E700BF2DE9F041B2F5004F9DF818805F
:109C300029D80446C06816460F461D4618B14FF095
:109C4000FF31FDF7D9FF206918B14FF0FF31FDF763
:109C5000D3FF0023C5F30E05E06845EAC8356381EC
:109C60002760A680E580238118B11A461946FDF7C2
:109C7000F1FD206920B100231A461946FDF7EAFDDF
:109C80000120BDE8F0810020BDE8F0810389428910
:109C90009BB292B28088934236BFC2EB40029B1ABD
:109CA0009B189BB2984228BF184670470389428987
:109CB0009BB2808892B2934236BFC2EB40029B1A9D
:109CC0009B189BB2984286BFC01A80B20020704792
:109CD00070B5044600690D46164682B018B14FF0C3
:109CE000FF31FDF789FF23896089294680B232461A
:109CF00000909BB22046FFF749FF6289A18892B28B
:109D000083189BB29A4205464FEA41020DD8B3EB45
:109D1000410F0ADA2069638120B100231A461946EF
:109D2000FDF798FD284602B070BD9B1A9BB2F1E783
:109D300070B5044600690D46164682B018B14FF062
:109D4000FF31FDF759FF23896089324680B20090C8
:109D5000294620469BB2FFF719FF226904462AB123
:109D60000023104619461A46FDF774FD204602B03E
:109D700070BD00BF2DE9F04F164683B0002A4CD0CD
:109D80000546C068884618B14FF0FF31FDF734FF33
:109D9000EA792F896989D209AB88BFB289B240D1EB
:109DA0008F4236BFC1EB4301791AC91989B2994272
:109DB00041D2591A89B28E4228BF0E46B5F806A084
:109DC00007EB0609A6EB030BCAF30E0A1FFA89F983
:109DD0001FFA8BFB9F423C4603D3E41AA4B29C4279
:109DE000FBD21B1B28689BB2B3420AFB04004ED374
:109DF00041460AFB06F203F094FCAA884F454FEA5D
:109E0000420302D8B9EB420F03DBA9EB03031FFAAD
:109E100083F9E868A5F8089088B9304603B0BDE832
:109E2000F08FB5F806A09E42CAF30E0A10D3002B9D
:109E300042D11E4600E00026E8680028EDD000234D
:109E40001A461946FDF706FD304603B0BDE8F08F0F
:109E50008F4236BFC1EB43027A1AD21992B2580030
:109E60003244A6EB030B82421FFA8BFB0ADB01EBA9
:109E700003091FFA89F9A9EB0607BFB2B94218D93D
:109E8000381A87B206EB07091FFA89F9A2E713FB14
:109E90000AF35C4414FB0AF49AB24146019203F0BF
:109EA00040FC019A286808EB0201A2B203F039FCD9
:109EB000A3E7B8428EDCE3E7F61A01EB03090AFBDD
:109EC00006880F461E464FF0000B1FFA89F981E7FE
:109ED000C27843691A70704770B588B06A46002628
:109EE00086468C46144C154B154D93E803002368A9
:109EF00082E80300059363680492E2890693A368ED
:109F000092B24FF0FF31286807938DF808E08DF882
:109F10000BC00392ADF80960FDF76EFE3346324682
:109F2000314628686673FDF795FC069B0BB102A8C5
:109F3000984708B070BD00BFA48404209C82042010
:109F4000788504202DE9F04F074691468A4683B074
:109F500000244FF0260B25463C4E019404E00134CA
:109F6000032C06F1260641D016F80D3C0135BB4204
:109F7000EDB2F4D1364B0BFB04331B79DB07EED586
:109F8000BAF1000F03D016F80C3C5345E7D1B9F1F4
:109F9000000F03D016F80B3C4B45E0D1032D52D0F7
:109FA0002C4B13B12846AFF300804FF000082A4B2A
:109FB0001A7843460FE0294B1B6813EB810302D04C
:109FC00028469B699847244B08F101081A785FFAE4
:109FD00088F39A4213D39A42C3EBC301EBD89B1A7E
:109FE0001F4AC3EBC30302EB8303E9E7019BA246CD
:109FF0004FF00009002BABD103B0BDE8F08F29462C
:10A00000384601F0FDFB00212622A6F10D0003F0E9
:10A01000D5FA4FF0FF31DFF85080316098F80C30FE
:10A020007160AB42B160F16099D10E4A1068FDF7E2
:10A03000E3FD00230B4A194610681A4688F80D30D4
:10A04000FDF708FC8BE701230193AEE78985042027
:10A050007C85042000000000F4850420F88504209D
:10A06000803B020078850420A4840420704700BF50
:10A0700000207047002070470020704700230138FF
:10A080005FFA80FCBCF1020F13800B8019D84FF0EF
:10A09000260C0D4B0CFB003393F804C01CF0020F90
:10A0A000CCF3400008D010B4DC8834B10C801B899C
:10A0B0005DF8044B13807047704720465DF8044BF1
:10A0C00070471846704700BF7C8504200138C3B232
:10A0D000022B05D82622054B02FB0033D8787047A7
:10A0E000034BD87800F00F00704700BF7C85042038
:10A0F000F08504202DE9F0473F4E3378984215D083
:10A10000FF2B04460D4614D029462046347001F03A
:10A11000BDFA40B94FF0E023D3F8F03DDB0700D59E
:10A1200000BE002003E0204601F0D2FA0120BDE885
:10A13000F087324F002279883888FDF75FFBB968D5
:10A140000746FDF725FE2E4B1F60002FE2D00120B1
:10A15000FDF728FC2B4B18600028DBD02A4B23B1DD
:10A160002A48EAF7FBF92A4B18604FF000084FF035
:10A17000FF37284B722241462748C3F8008003F07E
:10A180001DFA264A244BC2E90088C2E9028803F17D
:10A19000720918462622002103F010FA03462633DE
:10A1A0004B45C0F80D70C0F81170C0F81570C0F8BC
:10A1B0001970EED14FF0000A144F53463A78DFF889
:10A1C0006090DFF84C800DE0D8F8003013EB81038D
:10A1D00001D05B6898473A780AF1010A5FFA8AF37E
:10A1E0009A4291D39A42C3EBC301EDD89B1AC3EBB9
:10A1F000C30309EB8303ECE750070020440700206A
:10A20000B4840420788504205D450000F485042092
:10A21000F8850420F08504207C850420A484042093
:10A22000803B02000A462DE9F041411E12F07F06F4
:10A230000346C8B20FD1022846D8262404FB01F1F8
:10A240002348405C234C217B994201D1657B55BB5F
:10A250000020BDE8F0810228FAD8262000FB01F595
:10A26000DFF86C8005EB4604444404EBD214607FB5
:10A27000D70910F0010004F11804EAD0194618F8C3
:10A28000050001F0B3FDE8196379134A1D3000EBB6
:10A29000460023F00103116840446371FFF7CEFBD1
:10A2A0000120BDE8F0810C4D194601F09FFD4FF0F3
:10A2B000FF312868FDF7A0FC002328681A461946DC
:10A2C0006373FDF7C7FAEBE704490878BAE700BF04
:10A2D0007C850420A484042078850420F085042053
:10A2E0002DE9F04304460138C3B2022B0D4683B07A
:10A2F0004BD8262101FB00F0444B13F80080002DC1
:10A3000031D1434E737B022BDFB242D0032F31D0C9
:10A31000012F25D13F4FFB88002B58D13E4D92B2E3
:10A320004FF0FF312868F281FDF766FC002303221D
:10A330001946727328681A46FDF78CFA3A7800239A
:10A34000D24321464046009302F0800201F0A6FC71
:10A3500030B94FF0E023D3F8F03DDB0700D500BE65
:10A3600003B0BDE8F0832946204603B0BDE8F043C2
:10A37000FFF7B2BD274B5A78092A0CD0002120469E
:10A3800003B0BDE8F043FFF7A7BD244B93F800806E
:10A39000B5E7204FC2E71B78002BEFD10121204603
:10A3A000FFF740FF81212046FFF73CFF02212046B6
:10A3B000FFF738FF82212046FFF734FF3946204659
:10A3C000FFF730FF83212046FFF72CFFD6E7DFF8A9
:10A3D00048904FF0FF31D9F80000FDF70DFC022343
:10A3E0002A4629467373D9F800002B46FDF732FA46
:10A3F000FB883A78009321464046336802F0800299
:10A4000001F04CFC0028ABD1A3E700BF7C85042001
:10A41000A48404209C82042078850420F0850420F4
:10A420000138C3B2022B05D8262202FB00F0034BF1
:10A43000185C7047024B1878704700BF7C85042079
:10A44000F08504200138C3B2022B07D8262303FB72
:10A4500000F00D4A13181B79DB0708D44FF0E023F6
:10A46000D3F8F03DDB0700D500BE0020704701F0B7
:10A470007F0CC90901F11D0303EB4C030349184488
:10A4800009681044FFF7AEBA7C8504207885042063
:10A490000138C3B2022B07D8262303FB00F00A4A77
:10A4A00013181B79DB0701D40020704701F07F0CE3
:10A4B000C90901F11D0303EB4C0304491844096861
:10A4C0001044FFF7BBBA00BF7C85042078850420C8
:10A4D00030B5441E8C46E1B2022983B016D826213D
:10A4E00001FB04FE16490CF07F040EEB44040C44FF
:10A4F00004EBDC14183405466079C00709D54FF029
:10A50000E023D3F8F03DDB0700D500BE002003B008
:10A5100030BD11F80E00009329466579134645F0C9
:10A5200001056246657101F0B9FB0028EFD162793F
:10A5300060F300026271627960F382026271E5E7A2
:10A540007C850420F8B5431EDAB2022A05460E4681
:10A5500019D8262202FB03F4134F08463B19D97879
:10A56000FFF78AFA30B132462946385DBDE8F84037
:10A5700001F012BA4FF0E023D3F8F03DDB0700D52D
:10A5800000BE0020F8BD094C0846E17801F00F013B
:10A59000FFF772FA0028EDD0324629462078BDE850
:10A5A000F84001F0F9B900BF7C850420F085042053
:10A5B0000138C3B2022B0FD84FF0260C0CFB00F071
:10A5C00001F07F02054B00EB4200034403EBD11185
:10A5D000487F00F001007047002070477C85042010
:10A5E0000138C3B2022B0BD8262303FB00F0094A23
:10A5F0008318125A0A809A788A70DB78CB70704779
:10A60000054B1A880A809A788A70DB7803F00F036A
:10A61000CB7070477C850420F085042030B54378EA
:10A620000446012B0D4683B02AD01E4B18687DB915
:10A630002B464FF0FF322146FDF70CF9C8B94FF019
:10A64000E023D3F8F03DDB0700D500BE03B030BDFA
:10A650000023214601AA0193FDF7C0F9019B002BBD
:10A66000ECD04FF0E0234FF08052C3F8042D0028C7
:10A67000E5D02A4661782078FFF7F8FC03B030BDBA
:10A68000094B01781A789142CFD101795A789142D9
:10A69000CBD141799A789142C7D1DA7822F0100271
:10A6A000DA70C2E7B4840420F0850420431EDAB2D5
:10A6B000022A70B504469CBF26201D4A01F1010103
:10A6C000C9B28CBF002200FB032207292DD8194BE9
:10A6D00019481D6890F800E001F10C031A4412F8C3
:10A6E000013F481C7345C3EBC30C14D215EB8C031C
:10A6F00013D1C1B20829F2D1104AD378507823F08F
:10A700001003D37070B9022C04D80D4B13B120463E
:10A71000AFF3008070BDECD10A4B2046BDE870401D
:10A720001B69184700F0D8FEEDE70829E4D070BD9A
:10A730007C850420F8850420F4850420F08504201D
:10A7400000000000803B020000222DE9F04FAA4BE0
:10A7500091B01A7042690446023A90F800900A2AB1
:10A7600000F2D381DFE812F072009100D101720192
:10A7700062018101B100EA00130130010B0009F10F
:10A78000FF3E5FFA8EF2022A00F29480262000FB40
:10A790000EFE9A499A4AB1F80AB00E7A02EB0E07F9
:10A7A00008318B440E443979B34541F004013971C5
:10A7B00040F2C181B8465F46CDE9059E07923278E6
:10A7C000002A00F0B68173780B2B03BF96F803B014
:10A7D000B61873784FF0010B042B40F0C881BA1BF8
:10A7E0005946304692B2FFF7A5F90828814640F253
:10A7F000BE810025DFF830A20397CDF810B02C46BB
:10A80000B3469AF80030059F14E0086810EB820008
:10A8100009D0C6684B465A46394698F80000B047FA
:10A82000002840F08F819AF800300135ECB2A34245
:10A83000C0F07981A3427349C4EBC402E5D87248E1
:10A84000E31AC3EBC30300EB8300E2E76B4B9B68A7
:10A8500013F0010200F0B5815D05C3F3072248BF84
:10A8600002226A4858BFC2F34002C178DC0262F398
:10A870000301C17040F1BD80032481781422644B30
:10A880004078009400F02EFCB3E0002440F2075220
:10A8900008235E49ADF8282008780AAA2146CDF899
:10A8A0002A408DF82E40ADF82C3001F075F80028C4
:10A8B00040F071814FF0E023D3F8F03DDB0740F129
:10A8C000988000BE11B0BDE8F08F0220FFF748F875
:10A8D000A3685E88F6B2731EDAB2022AEAD826228C
:10A8E00002FB03F4464F49493D192B79087843F0A0
:10A8F000020300212B7100F083FF40F20752385D04
:10A9000000246B79ADF8282031460AAACDF82A40F8
:10A910008DF82E40ADF82C3001F03EF80028C9D05B
:10A920003C4908A8CDE90A4408910C904FF49012D4
:10A93000092339490AA88DF8286037E109F1FF3267
:10A94000D1B20229B6D8262400204FF4102604FBE9
:10A9500002F20A242949CDE90A002D480D692F4B3E
:10A960000E9008A80C9009968DF828909D50CD8ADD
:10A970000F9408310C7C0D9129490AA80891991867
:10A980008D808C7100F092FA002832D192E71B4A38
:10A990005189B1F5007F8DD800240B25083220485D
:10A9A0000D921B4A08900E920AA808AA0A94ADF8C4
:10A9B00026100C920F95ADF824408DF828900B943A
:10A9C00000F074FAA8B975E700220C21154808AC0C
:10A9D00008900F48CDE909220E900AA80C948DF832
:10A9E00028900F910B920D9200F060FA00283FF42E
:10A9F00061AF11B0BDE8F08F9A8204209C820420E0
:10AA00007C850420F8850420803B0200F08504202A
:10AA10000DB0010080060001A4820420828504207C
:10AA20008006000200090100F48504206A4B9B7A2D
:10AA3000D806DED50724694814228178684B40780F
:10AA4000009400F04FFB0028D3D133E706243220D6
:10AA5000FEF786FF6148624B8178624A4078009435
:10AA600000F0C2FC0028C4D124E75B4D26202B7BDC
:10AA70005D4A092B0BBF032402240223002303E0B9
:10AA8000D9B28C427FF616AF00FB0321097901335E
:10AA9000C907F5D4DBB2591E504E01FB00F03488D3
:10AAA0006F89ED7B145210440479B7F5407F44F070
:10AAB00001040471F478B678C4F303048670C4709A
:10AAC00007D3092D05D80120A84040288CBF402578
:10AAD000C5B22620ADF82230002300FB01214FF43F
:10AAE000A0640822CDE90A3309930D933C4B4D71C4
:10AAF0000AA808A9CDE90E32ADF820400C9100F06B
:10AB0000D5F900287FF475AFD4E6344AD37850786D
:10AB100023F01003D37000283FF46BAF11B0BDE8F1
:10AB2000F04F00F0D9BC5E46039F4E44B7423FF65B
:10AB300046AEDDF81490FF21484611B0BDE8F04F55
:10AB4000FFF7B4BD5E46DDE9037BBBF1000F17D014
:10AB5000B3789B445FFA8BFB02E09B4554730FD0A4
:10AB600008EB0302517B0133FF29DBB2F5D04FF034
:10AB7000E023D3F8F03DDA077FF59CAE00BE99E6FE
:10AB8000069A234602F11500079A314610444A46B8
:10AB9000FEF7A4FFC9E74FF400220723134908A8D2
:10ABA00008911049CDE90B400A940AA80D910C496F
:10ABB00009920E910F9300F079F900287FF419AFF4
:10ABC00078E60649CB78487862F30413CB70002806
:10ABD0003FF40FAFA2E700BF9C820420F085042061
:10ABE0000DB00100A48204207C85042080060001B1
:10ABF00030B5264C89B02070A270617011BB0D4633
:10AC000000F0CCFD3220FEF7ABFE207800F0D6FD40
:10AC10004FF4E170FEF7A4FE207800F0DDFD38B3BC
:10AC2000207800F0E3FD0322E3788DF8085060F30C
:10AC3000030302A8E3708DF80B500792FFF784FD21
:10AC400009B030BD02254FF4E170FEF789FEA1780E
:10AC500060780F4B0F4A009500F0C6FB0028EFD13B
:10AC60004FF0E023D3F8F03DDB07E9D500BEE7E77E
:10AC7000E378627860F30413E370002AE0D01046B2
:10AC800009B0BDE8304000F027BC00BFF0850420CB
:10AC90000DB00100A48204202DE9F0474FF02609F1
:10ACA00005460F46764CDFF8EC81764E84B02A4696
:10ACB000206801A9FCF700FF88B19DF805C0BCF130
:10ACC000030F07D8DFE80CF0210E4A02029B0BB1FC
:10ACD000039898472068FDF743F80028E7D104B0AF
:10ACE000BDE8F0879DF804009DF809209DF8081044
:10ACF000FFF728F99DF808000028EBD09DF80930EF
:10AD0000002BE7D000F0E8FBE4E7F378D90667D53D
:10AD10009DF8042033789A4205D19DF80820737875
:10AD20009A4200F099802068FDF71AF8236882465D
:10AD30001846002F61D13B464FF0FF3201A9FCF7C6
:10AD400089FD00286AD14FF0E023D3F8F03DDA07FF
:10AD500000D500BEBAF1000FBCD1C0E79DF80810C5
:10AD60009DF8062001F07F003AB9002869D1039AC6
:10AD70009DF80910FFF7B4FAACE7531E5FFA83FCA5
:10AD8000BCF1020FABD809FB03F308EB030C9CF8F2
:10AD900004C01CF0010FA2D003EB4003434403EBBB
:10ADA000D11393F81DC003F1180E2CF0010C83F899
:10ADB0001DC093F81DC02CF0040C83F81DC00028A2
:10ADC00048D031485B7D0078834233D339D12F4B53
:10ADD000D3F814A01046039B9DF80920D04779E7CB
:10ADE000F3789DF8092043F01003F3709DF80810E4
:10ADF0009DF80400FFF7FCFE6CE700236A4601A9FA
:10AE00000093FCF7EBFD009B002B9AD04FF0E02362
:10AE10004FF08052C3F8042D002894D03A469DF894
:10AE200005109DF80400FFF721F9BAF1000F7FF437
:10AE300051AF54E71648C3EBC303006810EB83031C
:10AE4000C6D14FF0E023D3F8F03DDB077FF547AFE5
:10AE500000BE44E710468AE79DF80920B3789A427D
:10AE60007FF461AF00210846FFF7DCF99DF8092067
:10AE70009DF808109DF80400FFF7BAFE2AE700BF0E
:10AE8000B4840420F0850420F4850420803B020073
:10AE9000F88504207C850420034B1B78FF2B01D010
:10AEA000FFF7FABE704700BF500700204378002B21
:10AEB00040F099802DE9F0418368044682B00BB3DD
:10AEC00005781DB36A1ED3B2022B1BD82621474B2F
:10AED00001FB02331B79DA0714D5454E727B02F071
:10AEE000FF087AB9434F4FF0FF313868FCF784FE12
:10AEF000727B02F0FF03A2B14346424641463868E6
:10AF0000FCF7A8FC002002B0BDE8F0813A4BDB78EA
:10AF1000D906F7D5364E727B02F0FF08002AF1D130
:10AF2000E0E7012235737273A168344A0868496802
:10AF3000F38103C2E26819463260226938687260A0
:10AF40006269B2601A46FCF785FC6B1EDAB2022A0F
:10AF500046D8262101FB03F3244AD05C236973B150
:10AF60002946264A00F052FE08B10120CBE74FF0F7
:10AF7000E023D3F8F03DDB07C4D500BEC2E70423CD
:10AF80001F4A294672600DF10702B2601B4A8DF814
:10AF9000073000F03BFE0028E9D01A4D1A4F9DF80B
:10AFA0000730042B10D12B78FF2BF8D03868FCF732
:10AFB000D7FE0028F3D02B78FF2BF0D000214FF0E4
:10AFC000FF30FFF769FEEAE7636913B19DF80720D8
:10AFD0001A709DF80730E370F3899BB26360C4E791
:10AFE000054B1878BAE70020704700BF7C85042025
:10AFF000A484042078850420F08504209C82042009
:10B00000D19E010050070020B484042038B5C378D5
:10B010001BB9BDE83840FFF797BB0F4DEB78DB0657
:10B0200003D50E4A1378022B0AD9EB78687823F0FF
:10B030001003EB7000B938BDBDE8384000F04CBAE1
:10B040000446013364201370FEF78AFC2046FFF7A4
:10B050002DFF0028E9D0EEE7F08504209A82042035
:10B0600070B5C47884B044B14FF0E023D3F8F03D1C
:10B07000DB0700D500BE04B070BD0678836830469B
:10B080009D88CDE901440394FFF7CAF903462146A0
:10B09000EDB201A88DF804308DF808608DF80950E4
:10B0A000FFF7BCFA04B070BD10B5C47882B044B1EB
:10B0B0004FF0E023D3F8F03DDB0700D500BE02B02F
:10B0C00010BD0078064AC31E1B01191D13440A4413
:10B0D00059780123CDE90044FFF7FAF902B010BD19
:10B0E0000886042000B589B0ADF8022000220029AE
:10B0F000069314BF0323134684460A9843F49073BF
:10B10000079002A80292ADF80410CDF810D0ADF867
:10B1100006208DF808C003920592ADF80030FFF7C5
:10B12000C5FE10B109B05DF804FB4FF0E023D3F881
:10B13000F03DDB07F6D500BE09B05DF804FB00BFAB
:10B1400030B5C47883B044BB03469A6800789188D0
:10B15000254AC31E02EB031C4FEA031E9CF80A306B
:10B16000C9B213F0010511D113F0020424D113F078
:10B1700004051BD113F0080430D113F0100322D0C2
:10B1800014221A4B0094FFF7ADFF04E01022184B75
:10B190000094FFF7A7FF03B030BD4FF0E023D3F8D2
:10B1A000F03DDB07F7D500BE03B030BD12220F4BD8
:10B1B0000094FFF797FFEEE711220C4B0095FFF785
:10B1C00091FF03B030BD0EF1040E9CF801107244E3
:10B1D000CDE900330123FFF77BF9DCE71322034BB2
:10B1E0000095FFF77FFFD6E708860420A9B001008D
:10B1F00071B30100C3789BB9836800789A88D2B292
:10B2000072B900B5124B83B003EB001313F8223C64
:10B2100013F0010113D19B070BD403B05DF804FBBD
:10B220004FF0E023D3F8F03DDA0701D500BE7047B8
:10B2300070470122074B0091FFF754FFEDE71146DD
:10B24000044B0092FFF74EFF03B05DF804FB00BF14
:10B2500008860420A9B0010000B589B0ADF802202D
:10B2600000220029069314BF0323134684460A983C
:10B2700043F44873079002A80292ADF80410CDF889
:10B2800010D0ADF806208DF808C003920592ADF8F5
:10B290000030FFF70BFE10B109B05DF804FB4FF072
:10B2A000E023D3F8F03DDB07F6D500BE09B05DF82A
:10B2B00004FB00BFF0B5C47883B0F4B90578174E2D
:10B2C0008268EB1E1F0106EB031391889A788A426D
:10B2D00009D0013108222846114B0094C9B2FFF76A
:10B2E000BBFF03B0F0BD3A1D597828460123CDE9D4
:10B2F00000443244FFF7ECF840B94FF0E023D3F8B4
:10B30000F03DDB07EDD500BE03B0F0BD2846F15D92
:10B3100003B0BDE8F040FFF7C9B900BF08860420BC
:10B32000B5B20100C17841B14FF0E023D3F8F03D50
:10B33000DB0701D500BE7047704700B5094A0078A9
:10B34000094B92F802E083B003EB001C0091082245
:10B350000121064B0CF82EECFFF77EFF03B05DF8E1
:10B3600004FB00BFFC85042008860420B5B2010060
:10B37000F0B5C67887B056BB0778194B826803EBE7
:10B38000071313F8284C958814F00104EDB215D179
:10B390003846CDE903440594FFF742F801220346FD
:10B3A000214603A88DF810708DF80D208DF80C3013
:10B3B0008DF81150FFF732F907B0F0BD042229468D
:10B3C0003846084B0096FFF747FF07B0F0BD4FF037
:10B3D000E023D3F8F03DDB07EED500BE07B0F0BDAB
:10B3E0000886042061B0010000B589B005920022F2
:10B3F0000029069314BF032313468446ADF80410B6
:10B4000004210A9843F0A003079002A80292CDF805
:10B4100010D0ADF806108DF808C003920093FFF726
:10B4200045FD09B05DF804FB0022034B0120C3E990
:10B430000022C3E9022270470886042001207047D9
:10B4400092F805C0BCF1090F01D00020704730B55B
:10B450000C46917983B0A9B9D179012912D80F2B63
:10B4600009D9157815446B78052B04D1EB7803F0D6
:10B470000303032B09D04FF0E023D3F8F03DDB07A3
:10B4800000D500BE002003B030BD29462046019201
:10B49000FFF758F8019A0028EDD09178044B033C4F
:10B4A00022019954AA7803EB04135A70EBE700BF0A
:10B4B00008860420022806D9064A033802EB001346
:10B4C0005978000101B9704700211150C3E90111F9
:10B4D000D96070470886042010B50024074AC11EB1
:10B4E000090182B001F1040C114449780123CDE92E
:10B4F00000446244FEF7ECFF02B010BD0886042051
:10B50000184A02EB001212F8302C8A4208D04FF091
:10B51000E023D3F8F03DDA0700D500BE00207047E5
:10B5200010B588B06C46034600220F49CDE90222CF
:10B5300003C984E803000D4902A8CDE904410C4980
:10B540008DF8083006910792FFF7B0FC08B108B0FB
:10B5500010BD4FF0E023D3F8F03DDB0700D500BE6F
:10B560000020F4E7088604209C3B0200FC850420B0
:10B5700025B30100F2B92DE9F041414FC31E07EB9D
:10B58000031898F8044005468AB01E01002C59D0D3
:10B59000E00711D498F8020030B3A1075ED401236C
:10B5A00001E0CA0724D40133DBB2834224FA03F159
:10B5B000F7D919E00020704702AB069306F10C039F
:10B5C0003B4407932F4B04920992059208934FF442
:10B5D0008022A02304A8CDE902328DF81050FFF795
:10B5E00065FC044600283FD001200AB0BDE8F08188
:10B5F00006F108013944002B34D11A4642F0A0026A
:10B60000ADF80C3002920023042207911E4904A8D1
:10B61000089102A9CDE9043306910993ADF80E20F3
:10B620008DF81050FFF742FC04460028DCD1BB190E
:10B63000321D597828460123CDE900443A44FEF7EB
:10B6400047FFD1E7321D98F801100123CDE90044EE
:10B650003A44FEF73DFF0AB0BDE8F081012306F150
:10B66000080139440322C9E7321D98F80110284621
:10B670000123CDE900443A44FEF72AFFB4E700BFB6
:10B6800008860420F5B1010041B1010010B40D4C51
:10B69000D4F8403143F00203C4F84031D4F84031CB
:10B6A0009B07FBD40323C4F8A831D4F84031064AE1
:10B6B00023F47F03C4F8403104495DF8044B00F0E3
:10B6C000CBB800BF00B0104040B1104000B11040F6
:10B6D0000822014B9A60704700E100E0F8B504468B
:10B6E0000F4615460021202201F068FF2123012288
:10B6F000204639462371A368114E43F08003A360AE
:10B70000A368227043F44063A360A368E58023F03C
:10B710000043A360637A04F11C0243F08003637268
:10B72000A36865F31E43A36040F80C7F50F8043F04
:10B73000314001F58051194382420160F6D1F8BDD4
:10B7400000F0FFFF70B505460E4604460BE020688A
:10B7500020F01F0085420AD0027902F07F02B24237
:10B7600018BF044604D0237813F00103EFD070BD56
:10B77000016845F0020221600260027A52B9012399
:10B7800080F831304021FEF773FC40212046FEF75F
:10B790006FFCE8E780F83030F4E700BF064BD3F8E1
:10B7A0000026536CDB0505D4536C23F02E0343F4C1
:10B7B00080735364704700BF00900420054BD3F89A
:10B7C00000365A6CD20503D55A6C22F495725A642D
:10B7D000704700BF00900420034BD3F80036586C2C
:10B7E00000F00100704700BF00900420034BD3F825
:10B7F0000036586CC0F38160704700BF0090042091
:10B8000001B9704710B50C460D48FFF79BFF214664
:10B810000C48FFF797FF21460B48FFF793FF21469F
:10B820000A48FFF78FFF21460948FFF78BFF094BB6
:10B83000D3F80026136843F04003136010BD00BF27
:10B84000209104202090042060900420A0900420E7
:10B85000E09004200090042070B54C4C15460E4634
:10B860004FF4C4620021204601F0A8FE00212F23DE
:10B87000BB20C4F80056C4F804663C22A960686086
:10B88000AB6004F5927001F099FE80234FF0010E39
:10B8900004F59072104684F82531D4F838316EF3EF
:10B8A000420043F04003C4F8383194F83031C4F812
:10B8B000202143EA0E0384F83031234684F8200126
:10B8C000AA61A26B04F1200142F04002A263A26FC0
:10B8D00084F828E042F04002A267D4F8B82084F847
:10B8E00068E042F04002C4F8B820D4F8F82084F8A8
:10B8F000A8E042F0400284F8E8E0C4F8F8200846E6
:10B900009C4643F8041B6EF342008B428CF8000007
:10B91000F5D100231E4941F0020154F8232022668C
:10B9200044F823100233082BF7D194F82030E26852
:10B930001848616943F00103C4F8E02084F820301E
:10B9400040F0020200F14003C4F8A010626143F02D
:10B9500002034FF4C4616C61A0386260E360FEF7DB
:10B9600087FB0023D4F80426EB612B6843F40043E3
:10B9700043F03D032B605368DB0605D56B6C23F069
:10B980002A0343F480536B64012070BD00900420AF
:10B9900060900420A0900420D37803F00303012BCF
:10B9A00000F0D2802DE9F041937815460E4682B022
:10B9B000B3B1944F00243B4693F8D0224033002A81
:10B9C00000F005810134092CF6D14FF0E023D3F8C3
:10B9D000F03DDA0700D500BE002002B0BDE8F081DE
:10B9E00060244FF4907314FB0134864F3C44002EC6
:10B9F00040F0E780304601A9FEF7F2FDEA78B6FA9A
:10BA000086F012F003020CBF4FF0010E4FF0000E53
:10BA1000A9789DF807C001F00F0806F07F030CF02D
:10BA2000030C43EA082343EA0C33400943EA8E330C
:10BA300043EAC033A888C0F30A0043EA00436068C1
:10BA400000F078400343A8796360002A49D1637904
:10BA500003F03003202BE37903F0070318BF43F012
:10BA60000803E37100200123E0632386A369C90969
:10BA700060F38613A361237C9DF8060043F0010365
:10BA800023749DF8053000F07F0003F07F031B0452
:10BA900043F0804343EAC053A360237D022A43F06E
:10BAA000010384F83210237557D0B6B1EB7803F058
:10BAB0000303022B03D0032B5BD0002B85D1524D07
:10BAC0002A6844F002034021226020462B60FEF7E2
:10BAD000CFFA40212846FEF7CBFA012002B0BDE89C
:10BAE000F081E379032A03F00703E371BAD16379A4
:10BAF00003F03003202B4CD0002859D041F60143ED
:10BB000084F83300238100220123E2632386A369A2
:10BB1000C90962F38613A361237C9DF8062043F0D4
:10BB200001032374237D02F07F0243F00103237598
:10BB30009DF8053084F8321003F07F0343F480430E
:10BB400043EAC2136381B0E74FF0E023D3F8F03D3E
:10BB5000D90700D500BE00207047637903F0300399
:10BB6000202BA2D10029A0D1A36943F00103A36136
:10BB70009BE794F83330082B28BF08235B083AD0A2
:10BB80002025B3FA83F3EB1ADBB205EB83153D44B2
:10BB900096E710280CD803281ED80023012884F823
:10BBA00033302BD0022814BF4423AA232372AAE7E0
:10BBB0004FF0E023D3F8F03DDB077FF576AF00BE12
:10BBC00073E740220021204601F0F8FC12E707EB62
:10BBD000841404F528740AE70122031F02FA03F310
:10BBE0009BB2FF2B28BFFF2300F007008240227288
:10BBF00084F8333087E720253D4461E7FF23237233
:10BC000081E700BF00900420209104202DE9F84333
:10BC1000154601EB410388461F4C5B0103F5B077E5
:10BC20002744294603F5907308223846E618FFF7A3
:10BC300055FD0222284608EB480504EB451595F80A
:10BC40006931082162F3010385F86931FEF710FAC2
:10BC5000D5F838314FEA48095B0606D5D5F83831B2
:10BC600005F5947523F040032B61C14404EB49149E
:10BC7000D4F86C3120213846C4F85831C4F85C71CE
:10BC8000FEF7FAF940213046C4F83071FEF7F4F9B6
:10BC90000120BDE8F88300BF009004202DE9F84F93
:10BCA0000D4612F07F011F46BDF828904FEAD218CA
:10BCB00038D04C4C04F5107303E04034A34200F03C
:10BCC0008E8094F804C026460CF07F0CAC45F4D16D
:10BCD00094F8321094F805C0003918BF0121CCF354
:10BCE000030C4CEAC11C5FFA8CFC6245E5D1A369E8
:10BCF0005906C3F3801512D4DFF8ECA005F1270034
:10BD00000AEB401003799A0659D50135092DF5D172
:10BD10004FF0E023D3F8F03DDB0700D500BE002054
:10BD2000BDE8F88FDFF8C0A005EB45030AEB43132D
:10BD300005EB4500D3F83821400100F59076520616
:10BD400003F5947356444FEA450433D400F5B070BC
:10BD50000AEB000B4A4639465846FFF7BFFC631909
:10BD60000AEB4313D3F8682142F00042C3F868217C
:10BD700093F8692168F3010283F86921494638463E
:10BD8000B8F1000F13D1FEF773F9DBF80C30202166
:10BD9000B3635846C6F83CB0FEF76EF94021304612
:10BDA000C6F810B0FEF768F90120BDE8F88FFEF77D
:10BDB00061F9EAE71A6961F386121A61C6E74A4631
:10BDC0000AEB451A39468346FFF788FC94F832207F
:10BDD0009AF8E93462F301038AF8E934CEE70023E4
:10BDE0009B69FFDEA0920420009004202DE9F04121
:10BDF000540682B04BD04A4B03F5107E03E040332B
:10BE0000734500F08A8018791C4600F07F00884254
:10BE1000F5D193F832C05879BCF1000C18BF4FF03F
:10BE2000010CC0F3030040EACC10C0B28242E6D15C
:10BE3000E36B0093009B33B320210098FEF71AF9BF
:10BE4000009B9B681806C3F3C0171CD5354E94F8A9
:10BE50003350D6F800361A6835B322F010021A6053
:10BE60005A685104FCD4009A9268C2F3C0101206BA
:10BE700030D41A6842F010021A605A685504FCD592
:10BE800002B0BDE8F081002002B0BDE8F08160247E
:10BE90004FF4907214FB0124224B1C44E36B00937B
:10BEA000009B002BC8D1EEE765F345121A605A6873
:10BEB0001204FCD4009A92681106C2F3C01009D48F
:10BEC0001A6842F020021A605A681404FCD502B0C5
:10BED000BDE8F0814FF00008237C402143F00103CE
:10BEE00023742046FEF7C4F8E36B402101932046FB
:10BEF000C4F83880C4F83C80FEF7BAF8019B2021D2
:10BF00001A79019868F345121A71FEF7B1F83846AC
:10BF1000D6F80036002DD3D0ABE70023DB6BFFDE75
:10BF2000A0920420009004202DE9F04FDFF85893F0
:10BF30008DB0D9F800B6DBF80470FC0400F16D8117
:10BF40003A0707D5D9F808364033C9F80836082328
:10BF5000CBF804307B072CD5DBF84440DBF84430C9
:10BF600004F02A049E071CD5DBF8443013F00103CB
:10BF700000F07F81DBF84430DD0507D4DBF8443086
:10BF800023F02E0343F48073CBF8443000238DF864
:10BF90002400012109A88DF82530ADF82830FEF7DE
:10BFA0003DFB0422DBF844302343CBF84430CBF88C
:10BFB000042017F0030A00F00F81DFF8D08200247C
:10BFC0004546CDE9007A40212846FEF753F8AB6993
:10BFD00019065CD4EB6B002B59D0AB695A06C3F33E
:10BFE00080160CD5AB691B0704D4AB6913F4406F02
:10BFF00040F028810126AB6923F04003AB61EB6B75
:10C00000202105930598FEF735F8059B059A0599BB
:10C010005B7A8968D28803F0030AC1F30E41BAF152
:10C02000010FA2EB010700F0ED80E96B28460791B4
:10C03000AC634021EC63FEF71BF8079B202193F8CB
:10C0400004E0079864F3451E83F804E0FEF710F857
:10C050000121AAEB010CBCFA8CFC02206B794FEA9F
:10C060005C1CC3F3030343EACC1395F804C00994A2
:10C07000CCF306028DF8250009A80A940B978DF8D9
:10C0800026208DF828308DF82960FEF7C7FA2D6834
:10C0900025F01F05454596D1DDE9007A0424CDF849
:10C0A0000CB001264FF00008A346A5F58075730873
:10C0B00000F0DD80B3FA83F340222021C3F1200396
:10C0C000DBB212FB031359F80330D80703D579E02C
:10C0D0002368DA0776D4012E23F01F0401D9AC427D
:10C0E00070D0C3F34103012BF2D140212046FDF76C
:10C0F000C1FFA3691906EBD4E36B002BE8D0A36959
:10C100005A06C3F380117BD5A3691B0704D4A36926
:10C1100013F4406F40F0A080A36923F04003A361B3
:10C1200001230193E36B202106930698FDF7A2FFFC
:10C13000069B06995B7AC888069903F00303896811
:10C14000012BC1F30E41A0EB010200926FD0E16B15
:10C1500020460891C4F838804021C4F83C800293FE
:10C16000FDF786FF089A202192F804E0089868F30A
:10C17000451E82F804E0FDF77BFF0121029B4FF092
:10C18000020C581AB0FA80F063794009C3F3030334
:10C1900043EAC0132079009ACDF82880C0F3060046
:10C1A0008DF82830019BCDF824808DF8260009A851
:10C1B0000B928DF829308DF825C0FEF72FFA2368F1
:10C1C000DA0788D5BBF1010B4FEA46067FF46FAF63
:10C1D000DDF80CB0CBF804A0BB060ED500202A4B2E
:10C1E00003F5107193F8D1220AB1A3F8D0024033BD
:10C1F0009942F7D12023CBF804300DB0BDE8F08F81
:10C2000001918FE7A86B00283FF40FAF002F3FF498
:10C210000CAF3946FDF72EFF07E74FF0E023D3F8C8
:10C22000F03DD907E9D500BE0DB0BDE8F08FA06B99
:10C2300000288CD0002A8AD011460293FDF71AFFFD
:10C24000029B84E7AB699F063FF5D4AEAB69DE067F
:10C250003FF5D0AE0226D2E6A36998063FF55CAF63
:10C26000A369D9063FF558AF022301935AE720236B
:10C2700029E701218DF8240009A8ADF828308DF8B0
:10C280002510FEF7CBF98CE60090042020910420C5
:10C29000002200B5094B83B001921B68013304D022
:10C2A00040F22D310648E6F77BFE00F0A3F9019B32
:10C2B000002BFCD003B05DF804FB00BF5407002046
:10C2C0005835020010B44FF0E02304240020072268
:10C2D00003491C6198615DF8044B59611A6170470C
:10C2E000EF4902004FF0E0234FF08052C3F8042DD5
:10C2F000BFF34F8FBFF36F8F704700BF08B500F0DB
:10C3000079F9044A136801331360BFF34F8FBFF309
:10C310006F8F08BD5407002010B5094C23682BB15E
:10C320002368013B2360206830B110BD4FF4787161
:10C330000448E6F735FEF3E7BDE8104000F066B9C3
:10C34000540700205835020010B500F053F9044698
:10C35000FCF752F928B14FF0E0234FF08052C3F8B8
:10C36000042D2046BDE8104000F050B9836913F851
:10C37000023C662B04D040F27A410948E6F710BE31
:10C380004FF0E023D3F8882D42F47002C3F8882DD3
:10C39000D3F8342F42F04042C3F8342F00F0F8B8FD
:10C3A000583502002DE9F04F4FF0113E4FF08074E8
:10C3B00040E909E34FF0073340F8044C164C40F8CD
:10C3C000343C40E903424FF005334FF006324FF062
:10C3D000123B40E90F324FF0033A4FF002394FF071
:10C3E00001384FF010374FF009364FF008354FF055
:10C3F00004346FF0020340E905AB40E9078940E9E6
:10C400000B6740F8305C40F8404C40F8443C40F842
:10C41000481DBDE8F08F00BF91C201004FF0E0223F
:10C4200030B5D2F8084D3E4BE26A85B09A4204D04E
:10C4300040F26C613B48E6F7B3FD3B4BA26B9A427E
:10C4400004D040F26D613748E6F7AAFD4FF0E023D3
:10C4500000204FF07F410290C3F81C1DD3F81C3D13
:10C46000324A1B0E8DF807309DF8073003F0200389
:10C470001370002B4ED09DF807309A0609D443E084
:10C48000029B013302939DF807305B00DBB28DF80D
:10C4900007309DF807301B06F2D4029B082B31D0E1
:10C4A000029AC2F10702120202F4E0624FF0E023A6
:10C4B00000241F491F4D0A60D3F8202D42F47F024B
:10C4C000C3F8202DD3F8202D42F07F42C3F8202D51
:10C4D000C3F81C4DFFF7F6FE2C6000F079F8FCF76E
:10C4E0009BF803942B68013304D040F22D310D48A2
:10C4F000E6F756FD00F07EF8039B002BFCD00020F1
:10C5000005B030BD0022D1E740F28F610548E6F763
:10C5100047FDBEE740F28B610248E6F741FDAAE71E
:10C5200091C601005835020021C60100249604205E
:10C53000209604205407002008B5EFF305830F2B45
:10C5400005D90F490F4A5B5C12789A4211D84FF017
:10C55000E0230D4AD3F80C3D126803F4E0639342E4
:10C5600000D808BD40F2E971BDE808400748E6F789
:10C5700017BD40F2D9710548E6F712FDE7E700BFA5
:10C58000F0E300E0249604202096042058350200B1
:10C590000B4A1168086806C881F30B88022181F3F1
:10C5A0001488203080F30988BFF36F8F4FF00000AC
:10C5B00080F31188104700BFAFF30080AFF3008015
:10C5C0003C820220FFFFFFFFFFFFFFFFFFFFFFFF97
:10C5D00007480068006880F3088862B661B6BFF358
:10C5E0004F8FBFF36F8F66DF00BF00BFAFF30080D8
:10C5F00008ED00E0EFF311804FF0200181F3118886
:10C60000BFF34F8FBFF36F8F704700BF80F3118868
:10C61000BFF34F8FBFF36F8F704700BFFFFFFFFF68
:10C62000EFF309801EF0100F08BF20ED108AEFF322
:10C630000B82734620E9FC0F114A116808604FF025
:10C64000200080F31188BFF34F8FBFF36F8FFBF78C
:10C65000E3FF4FF0000080F31188094A1168086871
:10C66000B0E8FC0F13F0100F08BFB0EC108A82F393
:10C670000B8880F309881847AFF30080AFF3008080
:10C680003C820220FFFFFFFFFFFFFFFFFFFFFFFFD6
:10C690001EF0040F0CBFEFF30880EFF3098004498C
:10C6A000084700BFAFF30080AFF30080AFF3008016
:10C6B0006DC3010081F0004102E000BF83F0004340
:10C6C00030B54FEA41044FEA430594EA050F08BF2D
:10C6D00090EA020F1FBF54EA000C55EA020C7FEAF1
:10C6E000645C7FEA655C00F0E2804FEA5454D4EB6E
:10C6F0005555B8BF6D420CDD2C4480EA020281EA38
:10C70000030382EA000083EA010180EA020281EA6F
:10C710000303362D88BF30BD11F0004F4FEA0131C1
:10C720004FF4801C4CEA113102D0404261EB4101D0
:10C7300013F0004F4FEA03334CEA133302D0524256
:10C7400063EB430394EA050F00F0A780A4F1010412
:10C75000D5F1200E0DDB02FA0EFC22FA05F280184C
:10C7600041F1000103FA0EF2801843FA05F3594132
:10C770000EE0A5F120050EF1200E012A03FA0EFCB1
:10C7800028BF4CF0020C43FA05F3C01851EBE371DB
:10C7900001F0004507D54FF0000EDCF1000C7EEBF8
:10C7A00000006EEB0101B1F5801F1BD3B1F5001F36
:10C7B0000CD349085FEA30004FEA3C0C04F1010455
:10C7C0004FEA445212F5800F80F09A80BCF1004F7E
:10C7D00008BF5FEA500C50F1000041EB045141EA00
:10C7E000050130BD5FEA4C0C404141EB0101013CC9
:10C7F00028BFB1F5801FE9D291F0000F04BF0146B8
:10C800000020B1FA81F308BF2033A3F10B03B3F189
:10C8100020020CDA0C3208DD02F1140CC2F10C0219
:10C8200001FA0CF021FA02F10CE002F11402D8BF77
:10C83000C2F1200C01FA02F120FA0CFCDCBF41EA43
:10C840000C019040E41AA2BF01EB0451294330BD12
:10C850006FEA04041F3C1CDA0C340EDC04F11404EF
:10C86000C4F1200220FA04F001FA02F340EA0300C6
:10C8700021FA04F345EA030130BDC4F10C04C4F10C
:10C88000200220FA02F001FA04F340EA03002946EC
:10C8900030BD21FA04F0294630BD94F0000F83F436
:10C8A000801306BF81F480110134013D4EE77FEA19
:10C8B000645C18BF7FEA655C29D094EA050F08BF65
:10C8C00090EA020F05D054EA000C04BF1946104646
:10C8D00030BD91EA030F1EBF0021002030BD5FEA8A
:10C8E000545C05D14000494128BF41F0004130BDB2
:10C8F00014F580043CBF01F5801130BD01F0004506
:10C9000045F0FE4141F470014FF0000030BD7FEA78
:10C91000645C1ABF194610467FEA655C1CBF0B4673
:10C92000024650EA013406BF52EA033591EA030F8A
:10C9300041F4002130BD00BF90F0000F04BF002182
:10C94000704730B54FF4806404F132044FF00005B5
:10C950004FF0000150E700BF90F0000F04BF00212E
:10C96000704730B54FF4806404F1320410F0004594
:10C9700048BF40424FF000013EE700BF42004FEA8F
:10C98000E2014FEA31014FEA02701FBF12F07F430C
:10C9900093F07F4F81F06051704732F07F4208BFC3
:10C9A000704793F07F4F04BF41F40021704730B5CA
:10C9B0004FF4607401F0004521F000411CE700BF16
:10C9C00050EA010208BF704730B54FF000050AE099
:10C9D00050EA010208BF704730B511F0004502D59A
:10C9E000404261EB41014FF4806404F132045FEA9C
:10C9F000915C3FF4D8AE4FF003025FEADC0C18BF45
:10CA000003325FEADC0C18BF033202EBDC02C2F136
:10CA1000200300FA03FC20FA02F001FA03FE40EAC8
:10CA20000E0021FA02F11444BDE600BF4A0011D203
:10CA300012F5001211D20DD56FF47873B3EB625278
:10CA40000ED44FEAC12343F0004343EA505323FA84
:10CA500002F070474FF00000704750EA013002D1F9
:10CA60004FF0FF3070474FF00000704753B94AB99C
:10CA7000002908BF00281CBF4FF0FF314FF0FF30E6
:10CA800000F0ACB9ADF1080C6DE904CE00F026F869
:10CA9000DDF804E0DDE9022304B07047D0B5FFF70C
:10CAA0006DFF00220B4B06460F4602F097FDFFF785
:10CAB000BDFF0446FFF740FF0022074B02F08EFD4A
:10CAC00002460B4630463946FFF7F8FDFFF7AEFF4A
:10CAD0002146D0BD0000F03D0000F0412DE9F04FAF
:10CAE000099D0E4604460F46002B47D18A429446C4
:10CAF000B2FA82F35AD943B102FA03FCC3F120021D
:10CB00009F409C4020FA02F217434FEA1C461FFA4E
:10CB10008CFE220CB7FBF6F106FB117701FB0EF041
:10CB200042EA0742904208D91CEB020201F1FF37AA
:10CB300002D2904200F23C813946121AA4B2B2FBF2
:10CB4000F6F006FB102200FB0EFE44EA0244A64566
:10CB500008D91CEB040400F1FF3202D2A64500F212
:10CB60002A81104640EA0140A4EB0E0400211DB1C9
:10CB7000DC400023C5E90043BDE8F08F8B4205D9B6
:10CB80000DB1C5E9000100210846F5E7B3FA83F1CC
:10CB900000294FD1B342C0F00281824240F2FF80AF
:10CBA0000846002DE8D0C5E90047E5E7002B40F036
:10CBB000AF808A1A4FEA1C4E1FFA8CF70121B2FB94
:10CBC000FEF60EFB1620220C42EA004207FB06F09E
:10CBD00090420FD91CEB020206F1FF382CBF4FF038
:10CBE00001094FF00009904203D9B9F1000F00F09C
:10CBF000DC804646121AA4B2B2FBFEF00EFB1022F5
:10CC000000FB07F744EA0244A7420FD91CEB0404D7
:10CC100000F1FF322CBF4FF0010E4FF0000EA74283
:10CC200003D9BEF1000F00F0C9801046E41B40EAB2
:10CC300006409CE7C1F120048B4006FA01FC00FA93
:10CC400001FE22FA04F7E6408A401F4320FA04F36B
:10CC50004FEA174843EA0C031FFA87FC4FEA1349CF
:10CC6000B6FBF8F008FB106649EA064600FB0CF933
:10CC7000B1450ED9BE1900F1FF3A2CBF4FF0010BA0
:10CC80004FF0000BB14503D9BBF1000F00F0A280BB
:10CC90005046A6EB09061FFA83F9B6FBF8F308FB2A
:10CCA000136603FB0CFC49EA0646B4450ED9BE19CF
:10CCB00003F1FF382CBF4FF001094FF00009B445D4
:10CCC00003D9B9F1000F00F08280434643EA0040E7
:10CCD000A6EB0C06A0FB028C66454346E14602D358
:10CCE00007D1C64505D2B8EB02036CEB070C01383F
:10CCF000E1465DB1BEEB030266EB090606FA04F4F9
:10CD000022FA01F3CE401C43C5E90046002133E777
:10CD100002FA03FCC3F1200299409C40D6404FEA3E
:10CD20001C4E20FA02F21FFA8CF7B6FBFEF00A4303
:10CD30000EFB1066110C41EA064100FB07F68E421D
:10CD40000ED91CEB010100F1FF382CBF4FF0010997
:10CD50004FF000098E4202D9B9F1000F34D040469D
:10CD6000891B92B2B1FBFEF60EFB161142EA01429C
:10CD700006FB07F191420ED91CEB020206F1FF38C7
:10CD80002CBF4FF001094FF00009914202D9B9F1CF
:10CD9000000F16D04646521A46EA00410FE7841AA1
:10CDA00066EB030201201746FBE6023E624421E7E0
:10CDB00002396244C1E664440238D3E6644402386E
:10CDC00034E7023E6244E6E702386144C8E7023BCA
:10CDD0003E447BE702383E445BE700BF704700BF3C
:10CDE0000A22002100F0BEBA024B0146186800F08A
:10CDF00025B800BF6407002070B50F4E0C460546ED
:10CE0000316811B900F02EFC30602146284600F050
:10CE100029FC431C03D14FF0FF34204670BDC41CD5
:10CE200024F00304A042F8D0211A284600F01AFC8E
:10CE30000130F2D1EFE700BF289604202DE9F84336
:10CE4000CD1C064625F0030508350C2D38BF0C25F2
:10CE5000002D01DBA94204D90C2333600020BDE87A
:10CE6000F883DFF8D48000F053F9D8F800301C467E
:10CE700044BB29463046FFF7BFFF431C044658D148
:10CE8000D8F800402746002F43D1002C4BD0236810
:10CE90003946304604EB030900F0E4FB814542D1FA
:10CEA000216830466D1A2946FFF7A6FF01303AD0B7
:10CEB00023682B442360D8F800305A6862BBC8F856
:10CEC00000700FE02268521B20D40B2A17D9611979
:10CED000A342256018BF5960636808BFC8F80010F6
:10CEE00062514B60304600F019F904F10B00231D2C
:10CEF00020F00700C21A1CBF1B1AA350AFE76268DC
:10CF0000A3420CBFC8F800205A60EBE723466468D0
:10CF1000AEE73C467F68B6E71A465B68A342FBD1A2
:10CF200000235360DEE70C233046336000F0F6F850
:10CF300094E70560D6E700BF2C9604202DE9F7435F
:10CF40001D46574B04460E461F68904627B13B6A64
:10CF500013B9384600F074F9B8F1020F06D0B8F1F1
:10CF6000010F00F29980002DC0F29680636ED90700
:10CF700005D4A3899A0502D4A06D00F0AEFB21462A
:10CF8000384601F0DBF8616B41B104F1440399428A
:10CF900002D0384600F0DAFB002363630023A3616C
:10CFA0006360A3891B0603D52169384600F0CEFBD8
:10CFB000A389B8F1020F23F44A6323F00303A3818A
:10CFC00060D001AB6A462146384600F0F3F9A389E8
:10CFD0001843A0812DBB009D2846FFF705FF06469C
:10CFE000002851D1DDF80090A9453FD14FF0FF3521
:10CFF000B4F90C3043F00202A2810022A26004F1D5
:10D0000047022260226101226261626ED60704D467
:10D01000980502D4A06D00F061FB284603B0BDE87E
:10D02000F083002ED8D03B6A13B9384600F008F9D7
:10D03000B8F1010F266002BFA38943F00103A38169
:10D04000B4F90C3013F00802C4E904651ED0D90706
:10D0500045BF00226D42A560A26048BFA561626E17
:10D06000D20701D49B0513D50025D6E74846FFF724
:10D07000BBFE06460028B9D0A3894D4643F0800385
:10D08000A381D0E70025B3E7A946F5E7A260E6E76C
:10D09000A06D00F023FBE7E74FF0FF35BDE700BFD1
:10D0A000640700200CB4194B30B50C1E9DB01D68F0
:10D0B00008DA8B234FF0FF302B601DB0BDE8304005
:10D0C00002B070474FF402730290069002A9ADF8C7
:10D0D00014304FF00003209A28461B9314BF04F12C
:10D0E000FF332346049307934FF6FF73ADF81630D2
:10D0F00021AB019300F0D0FB431CBCBF8B232B6002
:10D10000002CDAD0029B00221A70D6E764070020B8
:10D11000014800F0E2BA00BF6C970420014800F01B
:10D12000DDBA00BF6C970420002310B5044683606D
:10D13000818119464366C28108228361C0E90033B8
:10D14000C0E904335C3000F039FA0D4B24626362AD
:10D150000C4BA3620C4BE3620C4B23630C4B9C42C5
:10D1600006D003F16802944202D0D0339C4205D12C
:10D1700004F15800BDE8104000F0AEBA10BD00BF89
:10D180008DE10100AFE10100E7E101000BE20100E8
:10D1900030960420024A0349034800F0EDB800BF6E
:10D1A000580700203DE101006807002041680C4B52
:10D1B000994210B5044601D000F0C0FFA168094BA8
:10D1C000994202D0204600F0B9FFE168064B99422F
:10D1D00004D02046BDE8104000F0B0BF10BD00BF35
:10D1E00030960420989604200097042010B50B4B2D
:10D1F00004210B4C0B4A20461A600022FFF794FFD3
:10D2000004F1680001220921FFF78EFF04F1D0002C
:10D2100002221221BDE81040FFF786BF6897042064
:10D220003096042095D10100014800F056BA00BFA5
:10D230006D970420014800F051BA00BF6D9704209B
:10D2400010B50446FFF7F0FF236A1BB1BDE810409C
:10D25000FFF7F0BF044B2362044B1B68002BF5D192
:10D26000FFF7C4FFF2E700BFADD1010068970420CB
:10D27000242B2DE9F0478646904601D8012B06D194
:10D2800000F000FA162303600020BDE8F0870D4689
:10D2900033482A4615F8014B065D16F00806F8D10A
:10D2A0002D2C10D12C780126951C33F0100215D1AD
:10D2B000302C0DD12A7802F0DF02582A08D16C7880
:10D2C000023510230AE02B2C04BF2C78951CECE7C8
:10D2D000002BF6D1302C14BF0A23082306F1004C92
:10D2E00000220CF1FF3C1046BCFBF3F903FB19CA0A
:10D2F000A4F13007092F0FD83C46A3421BDD571C71
:10D3000007D0814514D301D1A24511DB00FB0340B6
:10D31000012215F8014BEBE7A4F14107192F01D8C1
:10D32000373CEAE7A4F16107192F04D8573CE4E73A
:10D330004FF0FF32EDE7531C08D122236046CEF8B0
:10D340000030B8F1000FA0D0691E06E006B14042DF
:10D35000B8F1000F99D0002AF6D1C8F8001094E770
:10D36000A53B020013460A46014602480068FFF743
:10D370007FBF00BF640700202DE9F84307468846B9
:10D3800014460026D4E90195B9F1010905D52468B0
:10D39000002CF7D13046BDE8F883AB89012B07D9C3
:10D3A000B5F90E30013303D029463846C04706434D
:10D3B0006835E9E770B50C46B1F90E1096B0154620
:10D3C00000291E460CDAA389002113F0800F14BF38
:10D3D00040234FF48063002031602B6016B070BD95
:10D3E0006A4600F07DF90028EDDB019901F47041F7
:10D3F000A1F50053594259414FF48063EBE78B8903
:10D40000F7B59D0706460C4607D504F14703236090
:10D4100023610123636103B0F0BD01AB6A46FFF7EE
:10D42000C9FF009F054630463946FFF707FD48B95A
:10D43000B4F90C309A05EED423F0030343F0020351
:10D44000A381E2E7A389206043F08003A381019BCD
:10D45000C4E904075BB1B4F90E10304600F0F2F8ED
:10D4600028B1A38923F0030343F00103A381A38917
:10D470001D43A581CFE7FFFF0FB407B5064904ABF5
:10D48000086853F8042B8168019300F02BFB03B06C
:10D490005DF804EB04B0704764070020024B0146BE
:10D4A0001868826800F078BF64070020036A70B5CE
:10D4B00005460E4684680BB9FFF7C2FE636EDB07B4
:10D4C00005D4A389980502D4A06D00F006F9A389BC
:10D4D000190702D52369002B35D12146284600F0D3
:10D4E00005FF80B34FF0FF35636EDA0705D4A389DB
:10D4F0009B0502D4A06D00F0F1F8284670BD002B0A
:10D5000004DAA2699A4217DC0A2915D023685A1C4A
:10D5100022601970A36816F8011F013BA36000295F
:10D52000EDD1002B11DA22460A21284600F09FFE99
:10D530000130D7D00A25D7E72246284600F097FECB
:10D540000130E7D1CEE7013EE4E723685A1C2260B0
:10D550000A221A70EEE7FFFF024B01461868FFF738
:10D56000A5BF00BF640700200139024410B59042F6
:10D5700001D1002005E0037811F8014FA34201D04A
:10D58000181B10BD0130F2E7884210B501EB020410
:10D5900002D98442234607D8431EA14208D011F87D
:10D5A000012B03F8012FF8E7024401468A4200D11B
:10D5B00010BD13F8014D02F8014DF7E70244034690
:10D5C000934200D1704703F8011BF9E710B56AB127
:10D5D0000139841810F8012B11F8013F9A4203D148
:10D5E000A04201D0002AF5D1D01A10BD1046FCE7A8
:10D5F0000139034610B532B111F8014F013A03F871
:10D60000014B002CF7D11A440021934200D110BDE8
:10D6100003F8011BF9E70A7870B56AB970BD9A4240
:10D6200009D10C46054614F8013F002BF6D015F839
:10D63000016F9E42F7D001300378002BEFD11846DE
:10D64000ECE7FFFF38B50023054D044608462B6084
:10D6500001F09CFF431C02D12B6803B1236038BD4D
:10D66000E859012038B50023054D044608462B60D3
:10D6700001F0A4FF431C02D12B6803B1236038BD25
:10D68000E8590120014B1868704700BF640700206B
:10D6900070B50D4D00260D4C641BA410A64209D197
:10D6A0000B4D00260B4CE2F7AFFE641BA410A64204
:10D6B00005D170BD55F8043B01369847EEE755F8A3
:10D6C000043B01369847F2E7F03C0200F03C0200D0
:10D6D000F03C0200F43C0200704770477047FFFFC7
:10D6E00038B50023064D0446084611462B6001F06C
:10D6F00045FF431C02D12B6803B1236038BD00BF36
:10D70000E85901200B460146184600F0BFBE10F84C
:10D71000012B11F8013B012A28BF9A42F7D0D01AF9
:10D7200070470A44431E914200D1704710B511F86A
:10D73000014B914203F8014FF9D110BD034613F894
:10D74000012B002AFBD1181A0138704738B505465D
:10D75000002941D051F8043C0C1F002BB8BFE4183D
:10D76000FFF7D6FC1D4A136833B96360146028467E
:10D77000BDE83840FFF7D2BCA34208D92068211881
:10D780008B4201BF19685B6809182160EDE71A46F2
:10D790005B680BB1A342FAD911685018A0420BD1B3
:10D7A00020680144501811608342E0D118685B681A
:10D7B000084453601060DAE702D90C232B60D6E7E7
:10D7C000206821188B4202BF19685B6809186360E2
:10D7D00008BF21605460CAE738BD00BF2C96042002
:10D7E0002DE9F0471F468E6882460C46BE429046A1
:10D7F0000B682DD8B1F90C2012F4906F26D0656912
:10D80000096905EB4505A3EB01097B1C05EBD57503
:10D810004B446D109D4238BF1D46530527D5294600
:10D82000FFF70CFB064660B34A462169FFF779FF14
:10D83000A38923F4906343F08003A38126614E44BF
:10D840006561A5EB090526603E46A560BE4200D98C
:10D850003E46324641462068FFF796FEA368002008
:10D860009B1BA360236833442360BDE8F0872A46EE
:10D8700000F0CFFC06460028E0D121695046FFF7B2
:10D8800065FF0C234FF0FF30CAF80030A38943F046
:10D890004003A381E9E7FFFF2DE9F04F98468B890C
:10D8A0009DB007461B060D46144610D50B6973B98B
:10D8B0004021FFF7C3FA2860286130B90C233B6090
:10D8C0004FF0FF301DB0BDE8F08F40236B610023A7
:10D8D000CDF80C804FF00109DFF8A08109932023D7
:10D8E0008DF8293030238DF82A3023469A4613F8D4
:10D8F000012B0AB1252AF9D1BAEB040B0BD05B46F8
:10D90000224629463846FFF76BFF013000F0A7801A
:10D91000099A5A4409929AF80030002B00F09F802F
:10D9200000234FF0FF320AF1010A049307938DF8A8
:10D9300053301A93CDE90523544605224F4814F875
:10D94000011B00F0B1FD049AD8B9D00644BF2023D2
:10D950008DF85330110744BF2B238DF853309AF8BC
:10D9600000302A2B15D0079A544600204FF00A0C9D
:10D97000214611F8013B303B092B4BD9B0B107923E
:10D9800014E0A0EB0803A24609FA03F3134304933F
:10D99000D2E7039B191D1B68002B0391BBBF5B42A1
:10D9A00042F0020207930793B8BF049223782E2B0C
:10D9B0000AD163782A2B32D1039B02341A1D1B68CB
:10D9C00043EAE37303920593DFF8C0A003222178B2
:10D9D000504600F069FD38B1A0EB0A004022049BDC
:10D9E000013482401343049314F8011B0622244897
:10D9F0008DF8281000F058FD002836D0214B1BBBB5
:10DA0000039B073323F0070308330393099B334435
:10DA100009936AE70CFB02320C460120A8E70023B9
:10DA200001344FF00A0C19460593204610F8012BDB
:10DA3000303A092A03D9002BC6D00591C4E70CFB64
:10DA4000012104460123F0E703AB2A4604A9384626
:10DA500000930D4BAFF30080421C0646D6D1AB8934
:10DA60005B063FF52DAF09982CE703AB2A4604A9C6
:10DA700038460093044B00F0BFF9EDE7A53C0200E7
:10DA8000AF3C020000000000E1D70100AB3C020007
:10DA90009368013B002B10B4936008DA9469A342A9
:10DAA00001DB0A2903D15DF8044B00F0E0BB1368E9
:10DAB000581C1060084619705DF8044B7047F8B5A3
:10DAC00006460F461446D518AC4201D1002007E0A7
:10DAD0003A4614F8011B3046FFF7DAFF431CF3D136
:10DAE000F8BDFFFF2DE9F04F0D469DB01446984656
:10DAF000064618B1036A0BB9FFF7A2FB6B6ED90794
:10DB000005D4AB899A0502D4A86DFFF7E6FDAB8971
:10DB10001B0701D52B699BB92946304600F0E6FB6F
:10DB200070B16B6EDC0704D54FF0FF301DB0BDE85F
:10DB3000F08FAB899805F7D4A86DFFF7CFFDF3E719
:10DB40000023CDF80C804FF00109DFF8B481099370
:10DB500020238DF8293030238DF82A3023469A4629
:10DB600013F8012B0AB1252AF9D1BAEB040B0BD01B
:10DB70005B46224629463046FFF7A1FF013000F000
:10DB8000A780099A5A4409929AF80030002B00F0B5
:10DB90009F8000234FF0FF320AF1010A049307939C
:10DBA0008DF853301A93CDE9052354460522544885
:10DBB00014F8011B00F078FC049AD8B9D10644BFD0
:10DBC00020238DF85330130744BF2B238DF8533097
:10DBD0009AF800302A2B15D0079A544600204FF0AF
:10DBE0000A0C214611F8013B303B092B4BD9B0B14F
:10DBF000079214E0A0EB0803A24609FA03F31343CB
:10DC00000493D2E7039B191D1B68002B0391BBBF34
:10DC10005B4242F0020207930793B8BF0492237855
:10DC20002E2B0AD163782A2B32D1039B02341A1D82
:10DC30001B6843EAE37303920593DFF8D4A0032241
:10DC40002178504600F030FC38B1A0EB0A004022A9
:10DC5000049B013482401343049314F8011B0622F1
:10DC600028488DF8281000F01FFC00283FD0264BD4
:10DC70001BBB039B073323F0070308330393099B64
:10DC80003B4409936AE70CFB02320C460120A8E7EB
:10DC9000002301344FF00A0C19460593204610F872
:10DCA000012B303A092A03D9002BC6D00591C4E7CD
:10DCB0000CFB012104460123F0E703AB2A4604A92B
:10DCC00030460093114BAFF300800746781CD6D145
:10DCD0006B6ED90705D4AB899A0502D4A86DFFF7FE
:10DCE000FDFCAB895B063FF51FAF09981EE703AB50
:10DCF0002A4604A930460093044B00F07DF8E4E77F
:10DD0000A53C0200AF3C020000000000BFDA0100A9
:10DD1000AB3C02002DE9F047164698468A68074654
:10DD20000B690C46DDF820909342B8BF1346336070
:10DD300091F843200AB1013333602368990642BF4A
:10DD4000336802333360256815F0060506D104F107
:10DD5000190AE36832689B1AAB422BDC94F8433013
:10DD60002268003B18BF0123920630D404F143021D
:10DD700041463846C847013023D023681A3454F846
:10DD80000A2C03F00603042B0ABF54F80E5C00258E
:10DD900033684FF0000608BFED1A54F8123C08BF74
:10DDA00025EAE5759342C4BF9B1AED18B5421AD116
:10DDB000002008E00123524641463846C84701305A
:10DDC00003D14FF0FF30BDE8F0870135C1E7E1181E
:10DDD0005A1C30200233224481F8430094F8451045
:10DDE00082F84310C2E70123224641463846C8471D
:10DDF0000130E6D00136D9E72DE9FF470F7E914685
:10DE000080460C46782F9A460C9E01F1430207D8B3
:10DE1000622F0AD8002F00F0D180582F00F0B88070
:10DE200004F1420684F842703AE0A7F16303152B2F
:10DE3000F6D801A151F823F091DE0100A5DE010022
:10DE400021DE010021DE010021DE010021DE0100D2
:10DE5000A5DE010021DE010021DE010021DE01003E
:10DE600021DE0100A3DF0100CFDE01005DDF010044
:10DE700021DE010021DE0100C5DF010021DE0100FD
:10DE8000CFDE010021DE010021DE010065DF01009F
:10DE900033681A1D1B68326004F1420684F8423070
:10DEA00001239CE033682068191D3160060601D506
:10DEB0001D6803E04506FBD5B3F90050002D03DAD9
:10DEC0002D236D4284F8433058480A2311E021681D
:10DED0003368080653F8045B02D4490648BFADB264
:10DEE0006F2F3360514814BF0A230823002184F8A0
:10DEF00043106668002EA66005DB21682E4321F0E2
:10DF0000040121604BD01646B5FBF3F103FB11571A
:10DF1000C75D06F8017D2F460D46BB42F4D9082B9C
:10DF20000BD12368DF0708D5236961689942DEBFFA
:10DF3000302306F8013C06F1FF36921B22614B4666
:10DF400003AA21464046CDF800A0FFF7E3FE0130CA
:10DF50004AD14FF0FF3004B0BDE8F087236843F0AA
:10DF60002003236078273248236884F845701F0611
:10DF7000316851F8045B02D45F0648BFADB231602E
:10DF8000D90744BF43F0200323601DB11023ADE740
:10DF90002648E9E7236823F020032360F6E71646C6
:10DFA000BDE733682568181D616930602E061B685F
:10DFB00001D5196002E06806FBD5198000231646DA
:10DFC0002361BCE7336800211A1D32601E68626855
:10DFD000304600F069FA08B1801B60606368236115
:10DFE000002384F84330AAE7236932464946404675
:10DFF000D0470130ADD023689B0713D4E068039B62
:10E000009842B8BF1846A6E7012332464946404623
:10E01000D04701309DD00135E36803995B1AAB42CC
:10E02000F2DCEBE7002504F11906F5E7B63C020047
:10E03000C73C0200B1F90C202DE9F0411607054656
:10E040000C4654D44B68002B02DC0B6C002B48DDD3
:10E05000E66A002E45D0002312F480522F68216A10
:10E060002B6030D0626DA389590705D56368D21A39
:10E07000636B0BB1236CD21A0023E66A216A28462F
:10E08000B047431CA38906D129681D292BD82A4AE9
:10E09000CA40D60727D50022D904626022692260CF
:10E0A00004D5421C01D12B6803B96065616B2F60F8
:10E0B000B9B104F14403994202D02846FFF746FB68
:10E0C000002363630DE001232846B0470246501C3D
:10E0D000C9D12B68002BC6D01D2B01D0162B1DD10A
:10E0E0002F60002021E043F040031BB21AE00F69CB
:10E0F000002FF6D093070E680F600CBF4B6900230A
:10E10000A6EB07088B60B8F1000FEADD43463A46FC
:10E11000216A2846A66AB047002808DCB4F90C300A
:10E1200043F040034FF0FF30A381BDE8F081074486
:10E13000A8EB0008E7E700BF0100402038B50B69F5
:10E1400005460C4613B90025284638BD18B1036AA8
:10E150000BB9FFF775F8B4F90C30002BF3D0626EF1
:10E16000D00704D4990502D4A06DFFF7B6FA28466B
:10E170002146FFF75FFF636E0546DA07E4D4A38903
:10E180009B05E1D4A06DFFF7A9FADDE710B50C46B9
:10E19000B1F90E1000F046F90028ABBF636DA389FA
:10E1A0001B1823F48053ACBF6365A38110BD2DE918
:10E1B000F0411F468B8905460C46DB05164605D502
:10E1C00002230022B1F90E1000F01AF9A389324699
:10E1D000B4F90E10284623F48053A3813B46BDE8D2
:10E1E000F04100F031B910B50C46B1F90E1000F055
:10E1F00007F9431CA38915BF606523F4805343F4DA
:10E200008053A38118BFA38110BDB1F90E1000F097
:10E210002DB92DE9F041074614460D4621B91146A6
:10E22000BDE8F041FEF70ABE2AB92546FFF78EFA8F
:10E230002846BDE8F08100F045F98442064602D840
:10E24000B4EB500FF4D821463846FEF7F7FD804670
:10E2500008B94546ECE7B4422246294628BF324673
:10E26000FFF75FFA29463846FFF770FAF1E7F8B58D
:10E270000E461446054618B1036A0BB9FEF7E0FFD7
:10E28000A369A360A3891A0701D5236943B921466D
:10E29000284600F02BF818B14FF0FF373846F8BD8C
:10E2A0002368F6B222693746981A6369834205DC0F
:10E2B00021462846FFF742FF0028EDD1A368013B25
:10E2C000A36023685A1C22601E70431C62699A4234
:10E2D00004D0A389DB07E1D50A2EDFD121462846E9
:10E2E000FFF72CFF0028D9D0D6E7FFFF38B5294B20
:10E2F00005460C46186818B1036A0BB9FEF7A0FF73
:10E30000B4F90C30190722D4DA0607D409222A609E
:10E3100043F040034FF0FF30A38133E0580712D59C
:10E32000616B41B104F14403994202D02846FFF7E2
:10E330000DFA00236363A38923F02403A381002340
:10E34000636023692360A38943F00803A3812369E1
:10E350004BB9A38903F42073B3F5007F03D02146A2
:10E360002846FFF74CF8B4F90C3013F001020AD03C
:10E370000022A26062695242A261226942B913F08E
:10E380008000C5D138BD990758BF6269A260F4E723
:10E390000020F7E76407002070B50D4614460646D6
:10E3A00018B1036A0BB9FEF74BFF636ED80705D4AB
:10E3B000A389990502D4A06DFFF78FF9A368013BEB
:10E3C000002BA36005DAA269934212DBEBB20A2BA1
:10E3D0000FD023685A1C22601D70EDB2636EDA07FD
:10E3E00005D4A3899B0502D4A06DFFF777F92846D1
:10E3F00070BD294622463046FFF739FF0546EDE756
:10E4000038B50446064D0846114600222A601A46D1
:10E4100001F0C4F8431C02D12B6803B1236038BD5E
:10E42000E859012038B50446064D08461146002239
:10E430002A601A4601F0BAF8431C02D12B6803B1D6
:10E44000236038BDE859012038B50446064D08461A
:10E45000114600222A601A46E4F770FD431C02D1DF
:10E460002B6803B1236038BDE859012038B500237B
:10E47000054D044608462B6001F078F8431C02D194
:10E480002B6803B1236038BDE859012010B504465C
:10E490000448134620B10A4602202146AFF300800B
:10E4A00010BD00BF00000000C9B20346024410B511
:10E4B0009342184601D1002003E0047801338C42D6
:10E4C000F6D110BD51F8043C181F002BBCBF0B58EF
:10E4D000C0187047FFFFFFFFF8B555EC114B2DED4D
:10E4E000028B57EC106B00F07FF822462B4620463B
:10E4F0002946B0EE408AF0EE608A01F009FB78B957
:10E50000002200233046394601F0D0FAF0B1002253
:10E5100000232046294601F0C9FA40B19FED288B1F
:10E52000B0EE480AF0EE680ABDEC028BF8BD45EC8F
:10E53000104B00F049F80028F2D0002200232046BA
:10E54000294601F0BDFA0028EAD02EE0B0EE480AD4
:10E55000F0EE680A00F038F8A0B10022002351EC78
:10E56000180B01F0A3FA0028DAD047EC106B00F08A
:10E570002BF80028D4D045EC104B00F025F80028EB
:10E58000CED012E047EC106B00F01EF80028E4D06B
:10E5900045EC104B00F018F80028DED053EC182B97
:10E5A00051EC180B01F0B4FA20B9FFF76BF82223F5
:10E5B0000360B5E7FFF766F821230360B0E700BF0B
:10E5C000000000000000F03F82B005488DED000B18
:10E5D000019B23F000431844C00F02B0704700BFF6
:10E5E00000001080FFFFFFFF2DE9F04F55EC114BAD
:10E5F00025F0004393B053EA040057EC106B12D19E
:10E60000B31987F4002284495241984291411DD2A6
:10E6100022462B4630463946FEF752F841EC100BA5
:10E6200013B0BDE8F08F7D4827F0004AB946314667
:10E63000824510D97A4A4A440A43E9D1231985F41C
:10E640000021754849419A428841E1D39FED700B02
:10E6500013B0BDE8F08FA8462246504601D1002EE7
:10E66000D6D1DFF8B8C16345E4D801D1002AE1D1A1
:10E67000B9F1000F20DB002A5DD1DFF8A0C16345AE
:10E680000BD09346674A934240F0C784B8F1000F1D
:10E69000C0F20C8547EC106BC2E7614B53440B434F
:10E6A000D4D0614B9A4540F2CA84B8F1000FC0F251
:10E6B0004F8545EC104BB3E7DFF874C163454BD988
:10E6C000002A40F0E483554A9342E6D04FF0020B13
:10E6D00004910290009347EC106B00F0C5FD049983
:10E6E000009B029800295ED04FEAD972013A52EAA3
:10E6F0000B0100F08A800BF1FF3B5BEA020B00F09C
:10E70000A1839FED437B8DED047BB3F1844F40F2F9
:10E710009180464A9342444B40F222849A4500F24B
:10E72000CF84B8F1000FC0F2CF84002013B0BDE851
:10E73000F04F00F089BD4FF0000B04910290009360
:10E7400047EC106B00F090FD0499009B029851B3C8
:10E750004FEAD972013ACEE7DFF8CCC063450FD952
:10E760004FEA235CACF2FF3CBCF1140F40F37E8413
:10E77000CCF1340C22FA0CFE0EFA0CFC94453CD081
:10E78000002A40F08783B8F1804F00F0858404911F
:10E790000290009347EC106B00F066FD0499009B1B
:10E7A000029891BB8B4629F040421E498A4202D012
:10E7B000BAF1000F98D1B8F1000F07DA002019491B
:10E7C00053EC102B01F034F841EC100BB9F1000FB1
:10E7D000BFF626AF124B534453EA0B0340F09C8420
:10E7E00053EC102B10461946FDF768FF02460B4606
:10E7F00001F01EF841EC100B12E7002A00F04884EB
:10E800000EF0010ECEF1020B97E732463B46E9E7E8
:10E81000000000000000F03F0000F0FF0000F07F6B
:10E82000000010C00000F03FFFFFEF3F0000F0438A
:10E83000FFFF3F43D84B002209EA030353B9D74BEC
:10E8400051EC100B00F0CAFE6FF0340241EC100BDB
:10E8500010EE900A0315C0F31300D14EA3F2FF335C
:10E8600006439A18CF4B98420B9240F32C83CE4B21
:10E87000984240F32F840132A6F5801600270B92B0
:10E880009FEDAF7B8DED087B9FEDAF7B8DED067B24
:10E890009FEDAB7B8DED107B53EC102B9246B34676
:10E8A00031465046DDE90623FDF708FF80468946DC
:10E8B000504631467610DDE90623CDE90CABFDF775
:10E8C000FFFE02460B460020B54946F0005600F018
:10E8D000AFFF8C4683464946634640465A46CDE9DB
:10E8E0000EBC00F07BFE0A46014606F50023002020
:10E8F000CDE90012CDE90212002106460246009140
:10E90000D919DDE900AB0F460B465046594600F0D9
:10E9100065FE02460B4640464946FDF7CFFE80465F
:10E92000894630463946DDE90623FDF7C7FE024633
:10E930000B46DDE90C01FDF7C1FE52465B4600F0D7
:10E940004DFE02460B4640464946FDF7B7FEDDE95F
:10E950000E2300F043FEDDE90267CDE906013246F1
:10E960003B463046394600F039FE06460F4678A34E
:10E97000D3E9002300F032FE77A3D3E90023FDF7AB
:10E980009FFE32463B4600F029FE75A3D3E90023E3
:10E99000FDF796FE32463B4600F020FE72A3D3E917
:10E9A0000023FDF78DFE32463B4600F017FE70A3B4
:10E9B000D3E90023FDF784FE32463B4600F00EFE0D
:10E9C0006DA3D3E90023FDF77BFE804689463246DE
:10E9D0003B463046394600F001FE02460B464046B3
:10E9E000494600F0FBFD524606460F465B46DDE910
:10E9F0000201FDF765FEDDE9062300F0EFFD32467A
:10EA00003B460026FDF75CFE5246804689465B4643
:10EA10005046594600F0E2FD02460B46CDE90C2374
:10EA20000022624BFDF74CFE42464B46FDF748FE86
:10EA30000F46324650463B46594600F0CFFD002275
:10EA400082468B46594B30463946FDF737FEDDE9A5
:10EA50000C23FDF733FE02460B4640464946FDF7C0
:10EA60002DFEDDE9022300F0B9FD804689463246DD
:10EA70003B460026DDE9060100F0B0FD02460B46EC
:10EA800040464946FDF71CFE8046894650464246B0
:10EA900059464B46FDF714FE0F46304638A3D3E9DE
:10EAA000002300F09BFD52465B4682468B46304673
:10EAB0003946FDF703FE02460B4640464946FDF740
:10EAC000FDFD31A3D3E9002300F088FD02460B468B
:10EAD0003046394616461F462DA3D3E9002300F0E1
:10EAE0007DFD02460B4630463946FDF7E9FDDDE97E
:10EAF0001023FDF7E5FD06460F460B98FDF72CFFAA
:10EB00003246804689463B4650465946CDE902ABDF
:10EB1000FDF7D6FDDDE90823FDF7D2FD42464B4661
:10EB2000FDF7CEFD002042464B4682468B46FDF760
:10EB3000C5FDDDE90823FDF7C1FDDDE9022337E06E
:10EB40000000000000000000000000000000F03F96
:10EB5000EF4E454A287ECA3F65DBC9934A86CD3FC2
:10EB600001411DA96074D13F4D268F515555D53FA8
:10EB7000FFAB6FDBB66DDB3F033333333333E33F40
:10EB8000000000E009C7EE3FFD033ADC09C7EE3F95
:10EB9000F5015B14E02F3EBE0000F07F0000404313
:10EBA0000000F03F8E98030079B60B00000008408B
:10EBB000FDF784FD02460B4630463946FDF77EFDE3
:10EBC0000023CDE900450093DDE90089CDE902018C
:10EBD0004246204629464B46FDF770FD52465B46AD
:10EBE00000F0FCFC06460F4622462B46DDE90201FA
:10EBF00000F0F4FC02460B4630463946FDF760FD56
:10EC000004460D4642464B4650465946CDE902451C
:10EC100000F0E4FC06460F462046294632463B46B5
:10EC2000FDF74EFDC84B04460D469942884640F319
:10EC30000E81C64B0B44034340F05C82AAA3D3E988
:10EC40000023DDE90201FDF73BFD02460B462046AD
:10EC5000294614461D4632463B46FDF72FFD024627
:10EC60000B462046294600F049FF002840F042822A
:10EC70004FF400734344B64CB8F1000F4FF000005E
:10EC8000C3F30A52C3F3130AA2F2FF324AF4801A02
:10EC900044FA02F4C2F1140204EA03014AFA02FA45
:10ECA000024630460B46B8BFCAF1000A3946FDF7A6
:10ECB00005FD02460B4606460F464FEA0A5BDDE9B4
:10ECC0000201FDF7FDFC0D460024294688A3D3E987
:10ECD0000023204600F082FC3246804689463B46AF
:10ECE00020462946FDF7EAFC02460B46DDE9020113
:10ECF000FDF7E4FC80A3D3E9002300F06FFC02469B
:10ED00000B462046294614461D467DA3D3E9002321
:10ED100000F064FC02460B4620462946FDF7D0FC75
:10ED200006460F464046324649463B46FDF7C8FC7C
:10ED3000424604460D464B46FDF7C0FC02460B46D4
:10ED400030463946FDF7BAFC2246804689462B46B6
:10ED50002046294600F042FC06460F466AA3D3E946
:10ED6000002300F03BFC6AA3D3E90023FDF7A6FCD7
:10ED700032463B4600F032FC67A3D3E90023FDF79F
:10ED80009FFC32463B4600F029FC65A3D3E90023F3
:10ED9000FDF794FC32463B4600F020FC62A3D3E929
:10EDA0000023FDF78DFC32463B4600F017FC02467F
:10EDB0000B4620462946FDF781FC06460F462046B5
:10EDC000324629463B4600F009FC02460B463046D7
:10EDD000394616461F4600224FF08043FDF76EFC71
:10EDE00002460B463046394600F022FD42460646B2
:10EDF0000F464B462046294600F0F0FB42464B4664
:10EE0000FDF75EFC02460B4630463946FDF756FCE0
:10EE100022462B46FDF752FC02460B4600204D4988
:10EE2000FDF74CFC0B4659440246B1F5801FC0F279
:10EE30006B811046DDE9042300F0D0FB41EC100BA0
:10EE4000FFF7EEBB9FED3A7B8DED047B5DE421F097
:10EE50000043DFF808C1634540F2FF803E4B0B449E
:10EE600003430AD132463B46FDF728FCDDE9022385
:10EE700000F03AFE00283FF4FBAE00220023DDE95B
:10EE8000040100F01DFE003818BF01204EE44FF0D1
:10EE9000020B52E447EC106B009100F0E5F9009989
:10EEA00000297FF4B2AC29F040492A4B994503D0A0
:10EEB000BAF1000F7FF4A9ACB8F1000FC0F259818C
:10EEC0004FF0000B86E49FED1C7B00278DED087B47
:10EED0009FED1B7B8DED067B9DED087B8DED107B03
:10EEE000DAE400BFAFF30080FE822B654715973C44
:10EEF00000000000432EE63FEF39FAFE422EE63FC7
:10EF0000396CA80C615C20BED0A4BE726937663E25
:10EF1000F16BD2C541BDBB3E2CDE25AF6A56113F19
:10EF200093BDBE166CC1663F3E5555555555C53F00
:10EF3000000000000000F0BF000000000000000022
:10EF4000000000000000F03FFFFF8F40000070BF96
:10EF50000000F0FF0000F03F00346F3FFFCB904017
:10EF60009A45C0F0E7809E4B00229A4500F2F4805B
:10EF70009B4B51EC100BFDF7A1FB06460F4688A3F7
:10EF8000D3E9002300F02AFB82468B4630463946FF
:10EF900085A3D3E9002300F021FB0022914BCDE9AA
:10EFA00000013046394600F019FB02460B4680A1AD
:10EFB000D1E90001FDF782FB32463B4600F00EFB33
:10EFC00002460B4600208849FDF778FB80468946BB
:10EFD00032463B463046394600F000FB02460B46BF
:10EFE0004046494600F0FAFA73A3D3E9002300F043
:10EFF000F5FA02460B46DDE90001FDF75FFB064628
:10F000000F465046594632463B46FDF759FB002015
:10F0100052465B4682468B46CAE5B8F1804F3BD0EC
:10F02000714A90457FF454ABB9F1000FFFF650AB35
:10F0300047EC106B13B0BDE8F04F00F0A7B9B8F182
:10F04000000F9FED5F0BBFF6EBAA05F1004300EE4A
:10F05000104A00EE903AFFF7E3BA634A934200F297
:10F060009480DDE90023934692462DE6002A7FF442
:10F0700011AFCCF1140C43FA0CFE0EFA0CFC9C45BB
:10F080007FF4FFAA0EF0010ECEF1020BFFF7FABAE1
:10F09000B8F1804F7FF41AAB32463B4630463946D2
:10F0A00000F09CFA41EC100BFFF7BABA00204C4973
:10F0B00032463B4600F0BCFB41EC100BFFF7B0BA08
:10F0C000B8F1000F7FF731AB002013B0BDE8F04F6F
:10F0D00000F0C2B89FED3C7B4FF480278DED087B9C
:10F0E0009FED3B7B8DED107B9FED3B7B8DED067B9C
:10F0F000FFF7D2BB00220023DDE9040100F0E0FCB1
:10F10000003818BF0120E0E7504643EC102B00F018
:10F11000B3F851EC100B8DE6BBF1010F7FF480AA20
:10F1200010EE901A10EE102A01F1004343EC102B60
:10F13000FFF776BA00220023DDE9040100F0C0FCED
:10F14000003818BF0120B8F1000FBFF6EFAABCE7E6
:10F150009FED1B0BFFF764BA0023DDE9040100F00B
:10F16000AFFC003818BF0120B8F1000FADDCFFF78D
:10F17000DDBA53EC102B0020194900F059FB4FF079
:10F18000000B41EC100BFFF725BB1B154FF4801251
:10F19000A3F2FE3342FA03F36CE500BFAFF3008045
:10F1A000000000604715F73F44DF5DF80BAE543EAA
:10F1B000555555555555D53FFE822B654715F73F9B
:10F1C00000000000000000000000004003B8E23F23
:10F1D00006D0CF43EBFD4C3E000000000000F83F9E
:10F1E0000000F03F0000D03F0000E03F10B52DEDE3
:10F1F000028BB0EE408AF0EE608A0446FEF742FAD7
:10F200000460B0EE480AF0EE680ABDEC028B10BD57
:10F2100000B553EC102B83B090B1104603F10041C0
:10F22000CDE9000110461946DDE9002300F0D6F9CA
:10F2300041EC100B222003B05DF804EBFFF7D6BFC2
:10F2400010461946ECE700BF9FED010BFFF7E0BF4A
:10F2500000000000000000109FED010BFFF7D8BF79
:10F26000000000000000007051EC100B024621F07D
:10F27000004343EC102B704770B555EC104BC5F3B1
:10F280000A522B46064672BB25F00043234329D081
:10F290003B4B20462946002200F0A0F9394B04469A
:10F2A0000D469E4252DBC1F30A520B46363A4CF2EF
:10F2B00050318E4223DC164440F2FE7296421EDC30
:10F2C000002E34DC16F1350F38DB6FF31E53363663
:10F2D0000022204643EA06552B4B294600F07EF9D2
:10F2E00041EC100B70BD40F2FF718A42DFD1224623
:10F2F00020462946FDF7E4F941EC100B70BD002DC6
:10F3000017A1D1E9000107DB15A3D3E9002300F021
:10F3100065F941EC100B70BD13A1D1E9000110A3F8
:10F32000D3E9002300F05AF941EC100BF3E76FF337
:10F330001E5343EA065545EC104B70BD002D0CA141
:10F34000D1E9000102DA0CA1D1E9000108A3D3E957
:10F35000002300F043F941EC100B70BDAFF30080C7
:10F360009C7500883CE4377E9C7500883CE437FE41
:10F3700059F3F8C21F6EA50159F3F8C21F6EA5819B
:10F3800000005043B03CFFFF0000903C734A2DE961
:10F39000F84F55EC104BAA4300F0A480002D2B46EB
:10F3A00021465DDD2C156AD0C3F31303E207A4F2F6
:10F3B000FF3743F4801303D4CA0F490002EB430321
:10F3C0005B0000264A004FF0160C03EBD173B646E3
:10F3D0007F104FF400110EEB0100D40F5200984241
:10F3E00003DC00EB010E1B1A0E44BCF1010C04EB14
:10F3F00043034FEA5101EED1654620244FF000410E
:10F4000013E0904208D89E4506D1002800EB010C7D
:10F4100043DB0023121A0D44D00F013C4FEA510187
:10F4200000EB43034FEA42023BD09E450CEB010048
:10F43000E7DA002800EB010C07DB9042F046A3EB73
:10F440000E030BD9013BC646E4E7BCF1000FF4DB29
:10F4500090420EF10108A3EB0E03F3D8C646D9E79C
:10F4600025F0004222433BD0002D62D1CA0A153B51
:10F470004905002AFAD0D6021C4666D4134600225B
:10F480005B0010460132DD02FAD5C2F1200521FAF7
:10F4900005F591402B43241A86E7BCF1000FD7DA1B
:10F4A000B7E7134312D0DFF8BCA0DFF8BCB0DAE94D
:10F4B0000001DBE90023DAE90089FDF7FFF80246E5
:10F4C0000B464046494600F005FBC8B96C08244984
:10F4D00044EAC67201EB660101EB075343EC102BC3
:10F4E000BDE8F88F22462B462046294600F076F8E4
:10F4F00022462B46FDF7E4F841EC100BBDE8F88FEF
:10F50000B5F1FF3FDAE90001DBE9002321D0FDF787
:10F51000D7F802460B46DAE900894046494600F032
:10F52000CFFAC0B1AB1C05F1020408BF0136640874
:10F53000CDE7224620462946FDF7C0F802460B4695
:10F5400000F076F941EC100BCAE74FF0FF3013469C
:10F55000A1E70136BBE70135B8E700BF0000F07F47
:10F560000000E03FE03C0200D83C0200024B582281
:10F570004FF0FF301A607047E8590120024B5822C3
:10F580004FF0FF301A607047E8590120024B5822B3
:10F5900000201A60704700BFE8590120024B582232
:10F5A0004FF0FF301A607047E8590120024B582293
:10F5B0004FF0FF301A607047E8590120054A0346B2
:10F5C000106810B10344136070470348034413608C
:10F5D000704700BF709704207497042070B54FF0F7
:10F5E000FF0C4CF4E06C1CEA11541DBF1CEA1355CF
:10F5F00094EA0C0F95EA0C0F00F0DEF82C4481EA37
:10F60000030621EA4C5123EA4C5350EA013518BF56
:10F6100052EA033541F4801143F4801338D0A0FB43
:10F6200002CE4FF00005E1FB02E506F00042E0FBF0
:10F6300003E54FF00006E1FB03569CF0000F18BFF6
:10F640004EF0010EA4F1FF04B6F5007F64F540749E
:10F6500004D25FEA4E0E6D4146EB060642EAC62131
:10F6600041EA55514FEAC52040EA5E504FEACE2E9E
:10F67000B4F1FD0C88BFBCF5E06F1ED8BEF1004FA1
:10F6800008BF5FEA500E50F1000041EB045170BD1D
:10F6900006F0004646EA010140EA020081EA030161
:10F6A000B4EB5C04C2BFD4EB0C0541EA045170BD5D
:10F6B00041F480114FF0000E013C00F3AB8014F1D7
:10F6C000360FDEBF002001F0004170BDC4F1000420
:10F6D000203C35DA0C341BDC04F11404C4F12005A1
:10F6E00000FA05F320FA04F001FA05F240EA0200FC
:10F6F00001F0004221F0004110EBD37021FA04F632
:10F7000042EB06015EEA430E08BF20EAD37070BDEB
:10F71000C4F10C04C4F1200500FA04F320FA05F04A
:10F7200001FA04F240EA020001F0004110EBD3704C
:10F7300041F100015EEA430E08BF20EAD37070BDBC
:10F74000C4F1200500FA05F24EEA020E20FA04F395
:10F7500001FA05F243EA020321FA04F001F0004144
:10F7600021FA04F220EA020000EBD3705EEA430EB5
:10F7700008BF20EAD37070BD94F0000F0FD101F0E4
:10F780000046400041EB010111F4801F08BF013C1D
:10F79000F7D041EA060195F0000F18BF704703F05B
:10F7A0000046520043EB030313F4801F08BF013DE2
:10F7B000F7D043EA0603704794EA0C0F0CEA13559E
:10F7C00018BF95EA0C0F0CD050EA410618BF52EA58
:10F7D0004306D1D181EA030101F000414FF000005E
:10F7E00070BD50EA410606BF1046194652EA43066C
:10F7F00019D094EA0C0F02D150EA013613D195EAE0
:10F800000C0F05D152EA03361CBF104619460AD127
:10F8100081EA030101F0004141F0FE4141F4700131
:10F820004FF0000070BD41F0FE4141F4780170BD21
:10F8300070B54FF0FF0C4CF4E06C1CEA11541DBF86
:10F840001CEA135594EA0C0F95EA0C0F00F0A7F888
:10F85000A4EB050481EA030E52EA03354FEA0131B5
:10F8600000F088804FEA03334FF0805545EA1313C8
:10F8700043EA12634FEA022245EA111545EA106590
:10F880004FEA00260EF000419D4208BF964244F127
:10F89000FD0404F5407402D25B084FEA3202B61A46
:10F8A00065EB03055B084FEA32024FF480104FF41A
:10F8B000002CB6EB020E75EB030E22BFB61A75468E
:10F8C00040EA0C005B084FEA3202B6EB020E75EB21
:10F8D000030E22BFB61A754640EA5C005B084FEA89
:10F8E0003202B6EB020E75EB030E22BFB61A754656
:10F8F00040EA9C005B084FEA3202B6EB020E75EB61
:10F90000030E22BFB61A754640EADC0055EA060E21
:10F9100018D04FEA051545EA16754FEA06164FEA64
:10F92000C30343EA52734FEAC2025FEA1C1CC0D110
:10F9300011F4801F0BD141EA00014FF000004FF09D
:10F94000004CB6E711F4801F04BF01430020B4F15E
:10F95000FD0C88BFBCF5E06F3FF6AFAEB5EB030C16
:10F9600004BFB6EB020C5FEA500C50F1000041EB13
:10F97000045170BD0EF0004E4EEA113114EB5C04E0
:10F98000C2BFD4EB0C0541EA045170BD41F48011B3
:10F990004FF0000E013C90E645EA060E8DE60CEABB
:10F9A000135594EA0C0F08BF95EA0C0F3FF43BAFD8
:10F9B00094EA0C0F0AD150EA01347FF434AF95EA8F
:10F9C0000C0F7FF425AF104619462CE795EA0C0F73
:10F9D00006D152EA03353FF4FDAE1046194622E740
:10F9E00050EA410618BF52EA43067FF4C5AE50EA1A
:10F9F00041047FF40DAF52EA43057FF4EBAE12E70A
:10FA00004FF0FF3C06E000BF4FF0010C02E000BFEA
:10FA10004FF0010C4DF804CD4FEA410C7FEA6C5CCD
:10FA20004FEA430C18BF7FEA6C5C1BD001B050EA70
:10FA3000410C0CBF52EA430C91EA030F02BF90EA5B
:10FA4000020F0020704710F1000F91EA030F58BF1A
:10FA5000994208BF90422CBFD8176FEAE37040F07C
:10FA6000010070474FEA410C7FEA6C5C02D150EA1A
:10FA7000013C07D14FEA430C7FEA6C5CD6D152EAD5
:10FA8000033CD3D05DF8040B704700BF844610469A
:10FA900062468C461946634600E000BF01B5FFF799
:10FAA000B7FF002848BF10F1000F01BD4DF808ED69
:10FAB000FFF7F4FF0CBF012000205DF808FB00BF3A
:10FAC0004DF808EDFFF7EAFF34BF012000205DF894
:10FAD00008FB00BF4DF808EDFFF7E0FF94BF0120E1
:10FAE00000205DF808FB00BF4DF808EDFFF7CEFFE2
:10FAF00094BF012000205DF808FB00BF4DF808ED21
:10FB0000FFF7C4FF34BF012000205DF808FB00BFF1
:10FB10004FEA410C7FEA6C5C02D150EA013C0AD109
:10FB20004FEA430C7FEA6C5C02D152EA033C02D1FB
:10FB30004FF0000070474FF00100704755534220CE
:10FB400064657669636520616C72656164792061C2
:10FB50007474616368656420617420626F6F7420DF
:10FB60002D2D20666F7263696E6720656E756D65F9
:10FB7000726174696F6E0D004641494C4544202DF9
:10FB80002D20646F206E6F7420706C61636520643B
:10FB90006174612068657265000000004F4B2C2085
:10FBA000726561646261636B206D61746368657323
:10FBB000000000000D0A5B626F6F745D2052657378
:10FBC00065742063617573652028434D43302D3E75
:10FBD000535253203D2030782530386C58293A0054
:10FBE0002057414B4555500020504F520000000017
:10FBF00020564F4C544147455F44455445435400BB
:10FC00002050494E00000000204441502F444542FE
:10FC100055470000204C4F575F504F5745525F41AA
:10FC2000434B5F54494D454F5554000020434C4FC2
:10FC3000434B5F4C4F535300205741544348444F6C
:10FC40004730000020534F465457415245000000B2
:10FC5000204350555F4C4F434B5550000D0A0D004B
:10FC60005B6D656D5D205352414D582070726F621F
:10FC7000653A2077726974696E6720257520776F01
:10FC8000726473206174202570202E2E2E0D0A00C0
:10FC90005B6D656D5D205352414D582070726F62EF
:10FCA000653A20257320282575206D69736D617470
:10FCB00063686573290D0A007573626400000000B3
:10FCC00025752E25752E25752E2575006E61746996
:10FCD000766520554D5000006C6567616379204D55
:10FCE00049444920312E3020627974652073747242
:10FCF00065616D00494E20004F5554006C6F7720B0
:10FD000028312E35204D622F7329000068696768FD
:10FD10002028343830204D622F73290066756C6CB2
:10FD200020283132204D622F732900005B256C752D
:10FD30005D2055534220484F53543A20554D502092
:10FD4000646576696365206D6F756E7465642064A3
:10FD5000616464723D2575206974665F6E756D3DE2
:10FD600025750D0A0000000020205649443D3078DA
:10FD700025303458205049443D30782530345820BF
:10FD8000616C743D25752028257329206263644DBC
:10FD900053433D3078253034580D0A00202045501B
:10FDA0002025733A206E6F6E650D0A0065766572C8
:10FDB00079202575206D730065766572792025752B
:10FDC0002075732028325E2575206D6963726F6619
:10FDD00072616D6573290000686F73742D736368B9
:10FDE0006564756C6564202862756C6B2900000081
:10FDF000202045502025733A20616464723D30789C
:10FE000025303258202573206D70733D2575206292
:10FE1000496E74657276616C3D2575202D3E2025F6
:10FE2000730D0A0020204465766963652073706550
:10FE300065643A2025730D0A0000000020204772F7
:10FE40006F7570205465726D696E616C20426C6FC5
:10FE5000636B733A2025750D0A00000020202020D6
:10FE60005B25755D2049443D257520747970653D9D
:10FE700025732067726F7570733D25752D2575206C
:10FE800070726F746F636F6C3D3078253032580D2F
:10FE90000A0000005B256C755D2055534220484FD9
:10FEA00053543A20554D502064657669636520753A
:10FEB0006E6D6F756E7465642064616464723D2557
:10FEC00075206974665F6E756D3D25750D0A0000BD
:10FED000496E76616C696420737461746963206E25
:10FEE0006574776F726B2073657474696E677320C5
:10FEF0002D2D2066616C6C696E67206261636B20DA
:10FF0000746F20444843502E0D000000556E6B6EF8
:10FF10006F776E206F7220556E646566696E6564DA
:10FF200000000000756E6B6E6F776E20286E6F7428
:10FF300020696E205461626C652032372900000010
:10FF4000506F77657220446F776E0000546F6F209A
:10FF50004D616E79204D697373696E6720554D5000
:10FF6000205061636B6574730000000054696D6517
:10FF70006F75740053657373696F6E204E6F7420D4
:10FF800045737461626C6973686564004E6F2050DC
:10FF9000656E64696E672053657373696F6E0000E8
:10FFA00050726F746F636F6C204572726F720000D5
:10FFB000496E7669746174696F6E204661696C651B
:10FFC000643A20746F6F206D616E79206F70656E7A
:10FFD0002073657373696F6E73000000496E7669F4
:10FFE000746174696F6E20772F2041757468205298
:10FFF000656A65637465643A206E6F207072696F1C
:020000022000DC
:100000007220696E7669746174696F6E0000000019
:10001000496E7669746174696F6E2052656A6563B2
:100020007465643A207573657220646964206E6F2C
:10003000742061636365707400000000496E766926
:10004000746174696F6E2052656A65637465643AA1
:100050002061757468656E7469636174696F6E2080
:100060006661696C65640000496E766974617469E3
:100070006F6E2052656A65637465643A20757365B6
:10008000726E616D65206E6F7420666F756E6400B0
:100090004E6F204D61746368696E672041757468A6
:1000A000656E7469636174696F6E204D6574686F05
:1000B00064000000496E7669746174696F6E204354
:1000C000616E63656C65640055736572207465725A
:1000D0006D696E617465642073657373696F6E001A
:1000E0005B256C755D204E4D322073657373696FAF
:1000F0006E207374617465202D3E2025730D0A00F7
:10010000202020202020206C6976656E6573733A6C
:100110002070696E6720747820256C7520727820B5
:10012000256C75207265706C792E727820256C753F
:10013000207C2062796520747820256C7520727887
:1001400020256C75207C2074696D656F7574732033
:10015000256C75207C206D61782E73696C656E63EB
:100160006520256C75206D73206F662025750D0A3E
:100170000000000020202020202020696E626F7582
:100180006E643A20636D647320256C75207C207545
:100190006D706461746120256C7520647570202514
:1001A0006C752062616420256C75202D3E2064658D
:1001B0006C69766572656420256C750D0A00000017
:1001C0002020202020202050524F544F434F4C20BD
:1001D00056494F4C4154494F4E3A20756D7020732B
:1001E000706C6974206163726F737320636F6D6DDF
:1001F000616E647320256C75207C20756E64656368
:100200006F64656420747261696C696E67206279DD
:1002100074657320256C750D0A00000020202020D5
:10022000202020646174616772616D733A206D6192
:100230007820256C75206279746573202862756654
:1002400066657220257529207C20636C616D706560
:100250006420256C750D0A002020202020202063BA
:100260006F6E736F6C653A20256C752062797465CA
:10027000732064726F7070656420286465627567AE
:100280002055415254207374616C6C6564290D0AC9
:1002900000000000202020202020207065657220B2
:1002A00042796520726561736F6E3A20307825302F
:1002B000325820282573290D0A0000003F00000055
:1002C0004E6F20686F73747320666F756E64206163
:1002D0006E64206E6F20636F6E736F6C6520696E45
:1002E000707574202D2D20636F6E74696E75696E44
:1002F0006720776974686F7574206120686F737404
:100300002E0D0A507265737320455343206F6E6340
:10031000652072756E6E696E6720746F20656E74ED
:10032000657220736574757020616E642063686FF8
:100330006F7365206F6E652E0D0000004E6F206894
:100340006F73747320666F756E64202D2D20656E3B
:10035000746572206F6E65206D616E75616C6C796D
:100360002E0D000053656C65637420686F737420F4
:100370005B312D25645D2C206F7220276D27206650
:100380006F72206D616E75616C20656E7472793A62
:1003900020000000486F73742049503A200000008C
:1003A0006E78706D6964690025732D636C69656E84
:1003B000740000004652444D2D4D43584E39343799
:1003C0002D4E4D322D3030303100000042726964C4
:1003D00067652072756E6E696E672E205072657348
:1003E000732045534320617420616E792074696DD8
:1003F0006520746F2072652D656E7465722073655B
:100400007475702E0D00000053000000506C656183
:10041000736520656E74657220274827206F7220EF
:100420002743273A200000004E6574776F726B20D7
:100430004D494449206E616D65205B25735D3A200E
:10044000000000004E6574776F726B202D2D205BCD
:10045000445D4843502F6C696E6B2D6C6F63616C0B
:10046000206F72205B535D74617469632049502072
:100470005B25735D3A200000506C656173652065F3
:100480006E74657220274427206F72202753273A05
:1004900020000000202053746174696320495020BB
:1004A000202020205B25735D3A2000004E6F7420D1
:1004B000612076616C6964204950763420616464FF
:1004C000726573732C2074727920616761696E2E76
:1004D0000D0A202053746174696320495020202044
:1004E00020205B25735D3A2000000000202053751A
:1004F000626E6574206D61736B2020205B25735DD7
:100500003A2000004E6F7420612076616C6964208F
:100510004950763420616464726573732C20747260
:100520007920616761696E2E0D0A20205375626E15
:100530006574206D61736B2020205B25735D3A200C
:100540000000000020204761746577617920202039
:10055000202020205B25735D3A2000004E6F742020
:10056000612076616C69642049507634206164644E
:10057000726573732C2074727920616761696E2EC5
:100580000D0A2020476174657761792020202020A2
:1005900020205B25735D3A20000000002020444E9F
:1005A0005320736572766572202020205B25735D71
:1005B0003A2000004E6F7420612076616C696420DF
:1005C0004950763420616464726573732C207472B0
:1005D0007920616761696E2E0D0A2020444E5320F8
:1005E000736572766572202020205B25735D3A204A
:1005F00000000000496E76616C6964206164647279
:100600006573732E2020486F73742049503A200080
:10061000486F737420706F7274205B25755D3A208B
:1006200000000000486F737400000000436C6965AF
:100630006E7400004800000043000000444843502E
:100640000000000073746174696300004175746F89
:1006500049502C206C696E6B2D6C6F63616C0000CF
:1006600055500000444F574E000000006E657477EF
:100670006F726B2073657475700000004F4E202DF3
:100680002D206E6574776F726B20525820656368F9
:100690006F65642073747261696768742062616356
:1006A0006B2C20555342206279706173736564002E
:1006B0004F4646202D2D206E6F726D616C20555374
:1006C00042206272696467696E67000031304D00D4
:1006D0003130304D00000000313030304D2F6F741C
:1006E0006865720048414C46206475706C657800FE
:1006F00066756C6C206475706C6578002C20636F77
:10070000756E746572204F564552464C4F5745449E
:10071000202D2D206120666C6F6F72004F464620A1
:100720002D2D20636F6E736F6C6520717569657414
:100730002C207072657373207120666F7220636F56
:10074000756E7465727300004F4E202D2D206E6FF4
:100750007465207468697320626C6F636B732074B6
:100760006865206C6F6F70207E3134206D7320704F
:100770006572207265706F72740000000D0A3D3D55
:100780003D204E6574776F726B204D49444920328D
:100790002E30202D2D204E5850204652444D2D4DA8
:1007A00043584E393437203D3D3D0D0050726F6443
:1007B0007563743A2025730D0A0000000D0A437515
:1007C0007272656E7420636F6E66696775726174AC
:1007D000696F6E3A0D0000002020526F6C653A2060
:1007E00020202025730D0A0020204E616D653A20DF
:1007F00020202025730D0A0020204E6574776F722B
:100800006B3A2044484350202F206C696E6B2D6C4E
:100810006F63616C0D00000020204E6574776F726D
:100820006B3A20737461746963202573202F20252F
:1008300073202867772025732C20646E732025731E
:10084000290D0A002020486F73743A2020202000D0
:100850003A25750D0A0000002020286E6F74207064
:100860006572736973746564206163726F7373205A
:100870007265626F6F7473206F6E20746869732085
:10088000626F617264290D000D0A507265737320E6
:10089000616E79206B65792077697468696E2025AF
:1008A00075207365636F6E647320746F20656E745A
:1008B000657220736574757020286F722070726580
:1008C00073732045534320616E792074696D6520F0
:1008D0006C61746572207768696C65207468652046
:1008E0006272696467652069732072756E6E696EE5
:1008F00067292E2E2E0D0A000D0A2D2D2D204E6556
:1009000074776F726B4D4944493220427269646753
:1009100065207365747570202D2D2D0D000000006D
:10092000526F6C65202D2D205B435D6C69656E7484
:10093000206F72205B485D6F7374205B25735D3A96
:1009400020000000436F6E74696E75696E672077D2
:10095000697468207468652061626F766520636FD2
:100960006E66696775726174696F6E2E0D000000A6
:1009700049503A2025732020282573290D0A0000AC
:1009800025732D686F7374005B486F73745D204C22
:10099000697374656E696E672061742025733A25EA
:1009A000750D0A000D0A536561726368696E6720F0
:1009B000666F72204E6574776F726B4D4944493291
:1009C00020686F73747320285F6D696469322E5FCD
:1009D0007564702920666F72202575207365636FBA
:1009E0006E64732E2E2E0D0A0000000028456E74D2
:1009F000657220617420616E792074696D65207460
:100A00006F2073746F70206561726C7920616E6401
:100A1000207069636B2066726F6D20776861742740
:100A20007320666F756E6420736F206661722C0D83
:100A30000A206F7220276D27202B20456E74657267
:100A400020746F20656E746572206120686F737406
:100A5000204950206D616E75616C6C792E290D00F6
:100A60005B7761726E5D206D444E532073656172D9
:100A70006368206661696C656420746F20737461BB
:100A80007274202D2D2066616C6C696E6720626126
:100A9000636B20746F206D616E75616C20656E7480
:100AA00072792E0D0000000020205B6C696E6B20B7
:100AB00025732C20257320696E2070726F67726514
:100AC00073732E2E2E5D0D0A000000000D0A5B7759
:100AD00061726E5D20444843502074696D656F7586
:100AE0007420E2809420636865636B2045746865B8
:100AF000726E6574206361626C652E0D0A46616CCE
:100B00006C696E67206261636B20746F206C696E24
:100B10006B2D6C6F63616C20284175746F4950298F
:100B20002E2E2E0D0000000020205B25645D202568
:100B3000732020005B6E6D325D2073656E64556DB1
:100B4000703A20257520776F7264287329206472AB
:100B50006F7070656420696E20746865206C6173C5
:100B600074207E3173202871756575652066756CFB
:100B70006C290D0A00000000202020202020206386
:100B800070753A207469636B20256C7525252028C3
:100B90006F66207768696368206E65742D3E757393
:100BA0006220256C75252529207C207573622064C0
:100BB0007261696E20256C752525207C2077616C1B
:100BC0006C20256C75206D730D0A00005B636E74DC
:100BD0005D207573622E727820256C7528637620EF
:100BE000256C7520737820256C7520737472202510
:100BF0006C7529202D3E206E65742E747820256C2E
:100C0000752064726F7020256C752067617465644F
:100C100020256C75207374616C6C20256C75207CAC
:100C2000206E65742E727820256C75202D3E2075FF
:100C300073622E747820256C75206661696C20259E
:100C40006C7520737864726F7020256C75207C2021
:100C50007564702E727820256C752064726F702018
:100C6000256C75207C206C6F6F7020256C752F7340
:100C7000206D6178647261696E20256C750D0A00C3
:100C80005B6C6F6F705D206563686F656420256CB9
:100C90007520207265667573656420256C750D0A74
:100CA000000000005B7265635D207274782E7265CF
:100CB0007120747820256C7520727820256C752041
:100CC0007C207274782E65727220747820256C7581
:100CD00020727820256C75207C20726573657420E5
:100CE000747820256C7520727820256C75207C2006
:100CF000676170732E6C6F737420256C75206D6145
:100D0000786A756D7020256C750D0A005B6C6976CC
:100D10005D2070696E6720747820256C752072786C
:100D200020256C75207265706C792E727820256C88
:100D300075207C2062796520747820256C7520727E
:100D40007820256C75207C2074696D656F757473CF
:100D500020256C75207C206D61782E73696C656E22
:100D6000636520256C75206D73206F662025750DD9
:100D70000A0000005B486F73745D205374696C6CEB
:100D80002077616974696E672061742025733A2544
:100D900075202072783D25750D0A00006E78706D03
:100DA00069646920205B6175746F5D0D000000004F
:100DB0004820205B6175746F5D0D00004420205B4E
:100DC0006175746F5D0D00005B6175746F202D2D72
:100DD000206B6565702064656661756C745D0D00DF
:100DE0003120205B6175746F5D0D00004553432019
:100DF00070726573736564202D2D2072652D656E8C
:100E0000746572696E672073657475702E2E2E0D71
:100E1000000000005B6C6F6F705D206E6574776F13
:100E2000726B206C6F6F706261636B2025730D0AAB
:100E3000000000000D0A2D2D2D2055534220494E53
:100E40002064656C697665726965733A20256C75F6
:100E5000207472616E73666572732C20256C752028
:100E60006279746573202D2D2D0D0A002020286EC7
:100E70006F7420656E6F7567682073616D706C6547
:100E800073202D2D20706C617920736F6D657468EF
:100E9000696E67206669727374290D00202067618E
:100EA00070206265747765656E207472616E73661A
:100EB0006572733A206D696E20256C752075732CF0
:100EC000206D617820256C752075730D0A00000077
:100ED0002020202025732025366C750D0A00000087
:100EE0002020627974657320706572207472616E5F
:100EF00073666572202834206279746573203D2002
:100F00006F6E65205553422D4D49444920312E3096
:100F1000206576656E74293A0D000000202020209F
:100F20002533752062797465732025366C750D0A3A
:100F30000000000020206C6F6F702070617373657B
:100F4000733A205258204649464F20686164206415
:100F500061746120256C75207C20656D7074792B1F
:100F6000494E2061726D656420256C75207C20657A
:100F70006D7074792B494E204E4F542061726D650F
:100F80006420256C7520286C6F6E67657374207201
:100F9000756E20256C7520706173736573290D0A59
:100FA0000000000020206E65742073656E64546F2D
:100FB0003A20256C752063616C6C732028256C7554
:100FC000206661696C656429207C20636F726520EE
:100FD0006C6F636B2061766720256C7520757320BC
:100FE0006D617820256C75207573207C2075647088
:100FF0005F73656E64746F2061766720256C752061
:101000007573206D617820256C75207573207C20A8
:10101000746F74616C20696E2073656E64546F2008
:10102000256C75206D730D0A00000000202065748A
:101030006865726E6574206C696E6B2061732064E4
:10104000726976656E20627920746865204D41432F
:101050003A2025732025730D0A00000020207278A5
:1010600020706174682073696E6365206C617374AD
:1010700020683A206672616D657320696E746F2016
:101080006C77495020256C75207C204D41432046CB
:1010900049464F206F766572666C6F7720256C75B8
:1010A000207C20444D41206E6F2D6465736372690E
:1010B00070746F7220256C7520284D544C206D691A
:1010C0007373656420256C75257329207C206C69F9
:1010D0006E6B2E64726F7020256C75207C2074639B
:1010E000706970206D626F782065727220256C7552
:1010F0002C20494E504B542065727220256C75206F
:101100007C207062756620706F6F6C206572722033
:10111000256C75207C2075647020726563762025AF
:101120006C752064726F7020256C75207C206F7543
:10113000722072696E672064726F7020256C750D65
:101140000A000000202063707520627920746173AA
:101150006B2073696E6365206C61737420683A005C
:1011600020257320256C7525250000002020646152
:1011700074616772616D206172726976616C20675B
:1011800061707320286C774950202D3E2074726165
:101190006E73706F7274293A203C35307573202558
:1011A0006C75207C2035302D31303020256C752039
:1011B0007C203130302D32353020256C75207C205C
:1011C0003235302D35303020256C75207C20302E86
:1011D000352D316D7320256C75207C20312D326DBD
:1011E0007320256C75207C20322D356D7320256C85
:1011F00075207C203E3D356D7320256C750D0A00F1
:1012000020206C6F6E676573742073657373696FEC
:101210006E207469636B3A20256C752075732C20E1
:1012200064656C69766572696E6720256C75206DE2
:101230007367732C206F6620776869636820696E16
:10124000206F6E556D7020256C752075730D0A002A
:1012500020206672616D65206172726976616C2012
:10126000676170732028647269766572202D3E2054
:101270006C774950293A20202020203C3530757366
:1012800020256C75207C2035302D31303020256CA8
:1012900075207C203130302D32353020256C752082
:1012A0007C203235302D35303020256C75207C2067
:1012B000302E352D316D7320256C75207C20312D1D
:1012C000326D7320256C75207C20322D356D732096
:1012D000256C75207C203E3D356D7320256C750D89
:1012E0000A00000020204672656552544F53206862
:1012F0006561703A20257520627974657320667285
:101300006565206E6F772C202575206174207468C8
:1013100065206C6F772D7761746572206D61726BDB
:1013200020286F66202575290D0A000020206C6F8B
:101330006F706261636B3A206563686F6564202536
:101340006C752C20726566757365642062792073F4
:10135000657373696F6E205458204649464F2025A7
:101360006C750D0A00000000202073657373696FAF
:101370006E3A207274782E72657120747820256C14
:101380007520727820256C75207C207274782E650B
:10139000727220747820256C7520727820256C7507
:1013A000207C20726573657420747820256C75200C
:1013B000727820256C75207C20676170732E6C6FAD
:1013C000737420256C75207C206475702064726FA6
:1013D0007070656420256C750D0A0000202055533F
:1013E00042206567726573732071756575653A2073
:1013F00068696768207761746572202575206F665B
:1014000020257520776F7264732073696E63652081
:101410006C61737420682C20257520717565756565
:1014200064206E6F77207C20537973457820637534
:10143000742073686F7274202871756575652066F5
:10144000756C6C2920256C750D0A00005B636E7449
:10145000315D207573622E727820256C752063765D
:1014600020256C7520737820256C7520737472208C
:10147000256C75207C206E65742E747820256C7523
:101480002064726F7020256C75206761746564201C
:10149000256C75207374616C6C20256C75207C2024
:1014A0006E65742E727820256C75207573622E74AB
:1014B0007820256C75206661696C20256C75207319
:1014C0007864726F7020256C750D0A005B636E7412
:1014D0005D20706572696F646963207265706F72F8
:1014E00074696E672025730D0A000000082008004B
:1014F00049646C650000000050656E64696E674960
:101500006E7669746174696F6E000000417574686D
:1015100052657175697265640000000050656E6403
:10152000696E6752657365740000000050656E64F3
:10153000696E674279650000626964697265637407
:10154000696F6E616C000000494E206F6E6C79000F
:101550004F5554206F6E6C7900000000636F6E74FD
:10156000726F6C0069736F6368726F6E6F75730072
:1015700062756C6B00000000696E74657272757044
:10158000740000002020203C3132357573000000CB
:101590003132352D32353075730000003235302D43
:1015A000353030757300000035303075732D316D76
:1015B000730000002020312D326D732020000000C8
:1015C0002020322D336D7320200000002020332D89
:1015D000346D7320200000002020342D356D7320E1
:1015E000200000002020352D386D732020000000E1
:1015F0002020382D31366D73200000002031362D2B
:1016000035306D73200000002035302D3230306DC4
:101610007300000020203E3230306D732000000047
:101620004D414320616464726573733A2025303202
:10163000583A253032583A253032583A2530325807
:101640003A253032583A253032580D0A0000000051
:101650000D0A5B4153534552545D202573203A20B7
:1016600025750D0A000000000D0A5B464154414CEF
:101670005D20537461636B206F766572666C6F7763
:101680003A2025730D0A00000D0A5B464154414C77
:101690005D204672656552544F5320686561702025
:1016A0006578686175737465640D0A00554D502D39
:1016B000484F5354000000006E6D3D25730000003C
:1016C000707269643D2573005F6D69646932000062
:1016D0006E6D322D62726F7773650000707269648F
:1016E0003D00000074637069705F746872656164C6
:1016F0003A20696E76616C6964206D657373616709
:1017000065000000496E76616C6964206D626F78D7
:10171000000000006661696C656420746F2063726C
:10172000656174652074637069705F746872656167
:1017300064206D626F7800006661696C6564207476
:101740006F20637265617465206C6F636B5F746397
:101750007069705F636F7265000000006C774950BC
:10176000000000006D646E735F726573705F726578
:101770006D6F76655F6E657469663A204E756C6C48
:1017800020706F696E746572000000006D646E7386
:101790005F726573705F6164645F736572766963BD
:1017A000655F7478746974656D3A207365727669E3
:1017B000636520213D204E554C4C00006D646E73D6
:1017C0005F7365617263685F73746F703A20626102
:1017D0006420726571756573745F69640000000050
:1017E0005F73657276696365732E5F646E732D73C4
:1017F00064000000706B74206E6F7420666F756EED
:101800006420696E2070656E64696E675F74635FE3
:101810007175657374696F6E73206C697374000001
:101820006D646E735F726573705F6164645F73652E
:1018300072766963653A206E6574696620213D2081
:101840004E554C4C000000006D646E735F72657302
:10185000705F6164645F6E657469663A20446F7599
:10186000626C6520616464004661696C6564207423
:101870006F20616C6C6F636174652070636200003F
:101880004661696C656420746F2062696E642070C3
:1018900063620000696E2D61646472006172706140
:1018A000000000006C6F63616C0000005F73657284
:1018B00076696365730000005F646E732D73640066
:1018C0005F756470000000005F74637000000000CA
:1018D000646E7320736572766572206F7574206F05
:1018E0006620617272617900617272617920696E3D
:1018F000646578206F7574206F6620626F756E6402
:1019000073000000756E6B6E6F776E20646E735F90
:101910007461626C6520656E747279207374617491
:10192000653A00002E6C6F63616C00006468637040
:101930005F6F7074696F6E5F6C6F6E673A206F7067
:1019400074696F6E735F6F75745F6C656E202B20AA
:1019500034203C3D20444843505F4F5054494F4E43
:10196000535F4C454E000000646863705F637265AE
:101970006174655F6D73673A20636865636B20749B
:101980006861742066697273742070627566206382
:10199000616E20686F6C6420737472756374206468
:1019A0006863705F6D736700646863705F696E631E
:1019B0005F7063625F726566636F756E7428293A43
:1019C000206D656D6F7279206C65616B00000000A1
:1019D000444843503A20686F73746E616D652069A6
:1019E0007320746F6F206C6F6E6721006468637082
:1019F0005F6F7074696F6E3A206F7074696F6E7389
:101A00005F6F75745F6C656E202B2032202B206F0A
:101A10007074696F6E5F6C656E203C3D2044484376
:101A2000505F4F5054494F4E535F4C454E0000009D
:101A3000646863705F6F7074696F6E5F62797465FC
:101A40003A206F7074696F6E735F6F75745F6C6549
:101A50006E203C20444843505F4F5054494F4E53F2
:101A60005F4C454E00000000646863705F6F7074E7
:101A7000696F6E5F73686F72743A206F7074696F0C
:101A80006E735F6F75745F6C656E202B2032203C27
:101A90003D20444843505F4F5054494F4E535F4C94
:101AA000454E0000646863705F7063625F726566D4
:101AB000636F756E7428293A20726566636F756E60
:101AC00074206572726F7200696E76616C69642051
:101AD000646863702D3E73746174650069676D702E
:101AE0005F6C6F6F6B75705F67726F75703A2066B1
:101AF000697273742067726F7570206D75737420CE
:101B0000626520616C6C73797374656D730000009D
:101B100069676D705F6C6F6F6B75705F67726F7503
:101B2000703A20616C6C206578636570742066691A
:101B30007273742067726F7570206D757374206E88
:101B40006F7420626520616C6C73797374656D735A
:101B50000000000069676D705F73656E643A206312
:101B60006865636B207468617420666972737420A1
:101B7000706275662063616E20686F6C6420737498
:101B8000727563742069676D705F6D736700000024
:101B9000702D3E726566203D3D20310063686563AF
:101BA0006B2074686174206669727374207062754A
:101BB000662063616E20686F6C6420737472756355
:101BC000742069705F68647200000000756E68615F
:101BD0006E646C65640000006661696C6564207405
:101BE0006F20637265617465206D656D5F6D7574DE
:101BF000657800006D656D5F667265653A2073619A
:101C00006E69747920636865636B20616C69676EC7
:101C10006D656E74000000006D656D5F66726565D0
:101C20003A20696C6C6567616C206D656D6F7279C7
:101C3000000000006D656D5F667265653A20696C35
:101C40006C6567616C206D656D6F72793A20646FA9
:101C500075626C6520667265650000006D656D5F7C
:101C6000667265653A20696C6C6567616C206D65AC
:101C70006D6F72793A206E6F6E2D6C696E6B656454
:101C80003A20646F75626C652066726565000000BD
:101C9000706C75675F686F6C65733A206D656D2059
:101CA0003E3D2072616D0000706C75675F686F6CFF
:101CB00065733A206D656D203C2072616D5F656EC5
:101CC00064000000706C75675F686F6C65733A2024
:101CD0006D656D2D3E75736564203D3D20300000BF
:101CE000706C75675F686F6C65733A206D656D2DFC
:101CF0003E6E657874203C3D204D454D5F53495AFA
:101D0000455F414C49474E45440000006D656D5F9D
:101D10007472696D3A206C6567616C206D656D6FDA
:101D2000727900006D656D5F7472696D2063616E1C
:101D3000206F6E6C7920736872696E6B206D656DB3
:101D40006F727900696E76616C6964206E65787473
:101D500020707472000000006D656D5F6D616C6CC9
:101D60006F633A20616C6C6F6361746564206D65AC
:101D70006D6F7279206E6F742061626F766520726C
:101D8000616D5F656E642E006D656D5F6D616C6C7D
:101D90006F633A20616C6C6F6361746564206D657C
:101DA0006D6F72792070726F7065726C7920616CE2
:101DB00069676E65642E00006D656D5F6D616C6CAA
:101DC0006F633A2073616E69747920636865636B31
:101DD00020616C69676E6D656E7400006D656D7075
:101DE0005F6D616C6C6F633A206D656D7020707211
:101DF0006F7065726C7920616C69676E6564000054
:101E0000696E76616C696420706F6F6C20646573B5
:101E1000630000006D656D705F667265653A206DE8
:101E2000656D2070726F7065726C7920616C696786
:101E30006E6564006E6574696620616C72656164CC
:101E40007920616464656400746F6F206D616E79E0
:101E5000206E65746966732C206D61782E20737511
:101E600070706F72746564206E756D626572206942
:101E70007320323535000000496E63726561736509
:101E8000204C5749505F4E554D5F4E455449465F73
:101E9000434C49454E545F4441544120696E206C87
:101EA0007769706F7074732E6800000063616C6CEA
:101EB0006261636B206D75737420626520213D2023
:101EC0004E554C4C00000000666E206D75737420FA
:101ED000626520213D204E554C4C00007020213D74
:101EE000204E554C4C000000706275665F6672654E
:101EF000653A20702D3E726566203E20300000005D
:101F000070632D3E637573746F6D5F667265655F98
:101F100066756E6374696F6E20213D204E554C4C82
:101F200000000000696E76616C69642070627566FD
:101F30002074797065000000706275665F616C6C7A
:101F40006F633A206572726F6E656F757320747976
:101F500070650000706275665F7265616C6C6F63BE
:101F60003A207020213D204E554C4C007062756621
:101F70005F7265616C6C6F633A207120213D204E69
:101F8000554C4C006D656D5F7472696D207265749F
:101F900075726E65642072203D3D204E554C4C009C
:101FA0006D656D5F7472696D2072657475726E65B2
:101FB00064207220213D207100000000706275666F
:101FC00020726566206F766572666C6F7700000020
:101FD0004372656174696E6720616E20696E66691F
:101FE0006E697465206C6F6F70000000702D3E7418
:101FF0006F745F6C656E203D3D20702D3E6C656E8C
:1020000020286F66206C6173742070627566206989
:102010006E20636861696E2900000000702D3E6EBD
:10202000657874203D3D204E554C4C006F666673BC
:1020300065745F746F203C3D20705F746F2D3E6C43
:10204000656E00006F66667365745F66726F6D2003
:102050003C3D20705F66726F6D2D3E6C656E0000BA
:10206000706275665F74616B653A20696E76616C4B
:102070006964207062756600646964206E6F742004
:10208000636F707920616C6C206461746100000082
:10209000706275665F636F7079206661696C6564F4
:1020A00000000000726177207063622072656376C1
:1020B0002063616C6C6261636B20616C7465726536
:1020C000642070627566207061796C6F6164207045
:1020D0006F696E74657220776974686F75742065B6
:1020E0006174696E67207061636B65740000000045
:1020F00070636220213D204E554C4C007463705F2C
:10210000667265653A204C495354454E0000000004
:102110007463705F7570646174655F7263765F612C
:102120006E6E5F776E643A20696E76616C696420CA
:10213000706362006E65775F7263765F616E6E5F7B
:10214000776E64203C3D203078666666660000004D
:10215000646F6E27742063616C6C207463705F72AF
:10216000656376656420666F72206C697374656E52
:102170002D706362730000007463705F736C6F771F
:10218000746D723A20616374697665207063622DA4
:102190003E737461746520213D20434C4F53454488
:1021A000000000007463705F736C6F77746D723A37
:1021B00020616374697665207063622D3E7374617B
:1021C000746520213D204C495354454E00000000C9
:1021D0007463705F736C6F77746D723A20616374AF
:1021E000697665207063622D3E7374617465202189
:1021F0003D2054494D452D57414954007463705F4B
:10220000736C6F7774696D723A207065727369735D
:1022100074207469636B696E6720776974682069DC
:102220006E2D666C696768742064617461000000DB
:102230007463705F736C6F7774696D723A20706548
:102240007273697374207469636B696E6720776950
:10225000746820656D7074792073656E6420627592
:1022600066666572000000007463705F736C6F7760
:10227000746D723A206D6964646C652074637020BB
:10228000213D207463705F6163746976655F70637C
:10229000627300007463705F736C6F77746D723A71
:1022A00020666972737420706362203D3D20746300
:1022B000705F6163746976655F70636273000000CC
:1022C0007463705F736C6F77746D723A2054494D0C
:1022D000452D57414954207063622D3E73746174DB
:1022E00065203D3D2054494D452D5741495400003E
:1022F0007463705F736C6F77746D723A206D69648C
:10230000646C652074637020213D207463705F7479
:10231000775F7063627300007463705F736C6F77D4
:10232000746D723A20666972737420706362203D26
:102330003D207463705F74775F70636273000000A8
:102340007463705F7365675F636F70793A20696E5D
:1023500076616C6964207365670000007463705F68
:102360007063625F72656D6F76653A20696E766143
:102370006C696420706362007463705F7063625F95
:1023800072656D6F76653A20696E76616C6964205E
:102390007063626C69737400756E73656E7420731C
:1023A00065676D656E7473206C65616B696E67003F
:1023B000756E61636B6564207365676D656E7473BC
:1023C000206C65616B696E67000000006F6F73655C
:1023D00071207365676D656E7473206C65616B69E0
:1023E0006E670000646F6E27742063616C6C2074EC
:1023F00063705F61626F72742F7463705F6162619A
:102400006E646F6E20666F72206C697374656E2DDA
:1024100070636273000000007463705F6E657469BE
:10242000665F69705F616464725F6368616E67654F
:10243000645F7063626C6973743A20696E76616C74
:102440006964206F6C645F61646472007463705FC0
:10245000636C6F73655F73687574646F776E3A2031
:10246000696E76616C696420706362007063622DCE
:102470003E666C61677320262054465F5258434C79
:102480004F534544000000007463705F66726565D9
:102490005F6C697374656E3A20214C495354454E04
:1024A000000000007463705F6E6578745F69737319
:1024B0003A20696E76616C69642070636200000086
:1024C0007463705F6566665F73656E645F6D73737A
:1024D0005F6E657469663A20696E76616C69642026
:1024E0006473745F697000007463705F6F6F735F13
:1024F000696E736572745F7365676D656E743A209B
:10250000696E76616C696420637365670000000022
:102510007063622D3E736E645F71756575656C6581
:102520006E203E3D20706275665F636C656E286E3E
:102530006578742D3E7029007463705F7265636501
:102540006976653A2076616C696420717565756598
:10255000206C656E677468007463705F7265636594
:102560006976653A2077726F6E672073746174655F
:1025700000000000696E7365672E7020213D204EBB
:10258000554C4C00696E73616E65206F66667365AD
:10259000742100007062756620746F6F2073686F1D
:1025A000727421007463705F726563656976653A61
:1025B000207365676D656E74206E6F742074726928
:1025C0006D6D656420636F72726563746C792074DD
:1025D0006F207263765F776E640000007463705FD3
:1025E000726563656976653A207365676D656E74BB
:1025F000206E6F74207472696D6D656420636F72F4
:10260000726563746C7920746F206F6F73657120CD
:1026100071756575650000007463705F7265636550
:102620006976653A207463706C656E203E20726333
:10263000765F776E640000007463705F7265636537
:102640006976653A206F6F736571207463706C658D
:102650006E203E207263765F776E64007463705FF5
:1026600070617273656F70743A20696E76616C691F
:1026700064207063620000007463705F696E70753F
:10268000743A20696E76616C6964207062756600C8
:10269000702D3E6E65787420213D204E554C4C00C7
:1026A000702D3E6C656E203D3D203000702D3E74D7
:1026B0006F745F6C656E203D3D20702D3E6E6578B9
:1026C000742D3E746F745F6C656E00007463705F90
:1026D000696E7075743A2061637469766520706301
:1026E000622D3E737461746520213D20434C4F532D
:1026F000454400007463705F696E7075743A2061C0
:102700006374697665207063622D3E7374617465CD
:1027100020213D2054494D452D574149540000008A
:102720007463705F696E7075743A20616374697662
:1027300065207063622D3E737461746520213D20B5
:102740004C495354454E00007463705F696E707558
:10275000743A207063622D3E6E65787420213D20AE
:1027600070636220286265666F72652063616368CA
:10277000652900007463705F696E7075743A20702B
:1027800063622D3E6E65787420213D207063622067
:1027900028616674657220636163686529000000C2
:1027A0007463705F696E7075743A2054494D452D9D
:1027B00057414954207063622D3E737461746520E3
:1027C0003D3D2054494D452D5741495400000000DE
:1027D0007463705F696E7075743A207063622D3E29
:1027E000737461746520213D20434C4F5345440070
:1027F0007063622D3E736E645F71756575656C659F
:102800006E203E20300000006E6F207365676D659E
:102810006E7420746F206672656500007063622DAF
:102820003E6C697374656E65722D3E61636365709D
:102830007420213D204E554C4C0000007063622DE9
:102840003E726566757365645F64617461203D3DC9
:10285000204E554C4C0000007463705F63726561DC
:1028600074655F7365676D656E743A20696E766135
:102870006C696420706362007463705F6372656189
:1028800074655F7365676D656E743A20696E766115
:102890006C6964207062756600000000702D3E74E3
:1028A0006F745F6C656E203E3D206F70746C656E5A
:1028B000000000007463705F6F75747075745F63FF
:1028C0006F6E74726F6C5F7365676D656E745F6E4B
:1028D000657469663A206E6F206E6574696620675C
:1028E0006976656E00000000636865636B2074683C
:1028F000617420666972737420706275662063610A
:102900006E20686F6C6420737472756374207463D6
:10291000705F6864720000007463705F6F7574703C
:1029200075745F616C6C6F635F6865616465723A52
:1029300020696E76616C696420706362000000003B
:102940007463705F6F75747075745F636F6E7472AB
:102950006F6C5F7365676D656E743A20696E766142
:102960006C69642070627566000000007463705FBB
:102970007273743A20696E76616C6964206C6F635F
:10298000616C5F69700000007463705F7273743A09
:1029900020696E76616C69642072656D6F74655F25
:1029A000697000007463705F73706C69745F756E3A
:1029B00073656E745F7365673A20696E76616C69E2
:1029C000642070636200000043616E27742073709E
:1029D0006C6974207365676D656E7420696E746FC1
:1029E000206C656E677468203000000073706C693D
:1029F00074203C3D206D73730000000075736567A3
:102A00002D3E6C656E203E20300000007463705FC8
:102A1000656E71756575655F666C6167733A206E8A
:102A200065656420656974686572205443505F531E
:102A3000594E206F72205443505F46494E20696EB4
:102A400020666C616773202870726F6772616D6DAC
:102A500065722076696F6C617465732041504929F5
:102A6000000000007463705F656E71756575655F69
:102A7000666C6167733A20696E76616C6964207078
:102A8000636200007463705F656E71756575655F84
:102A9000666C6167733A20636865636B2074686174
:102AA0007420666972737420706275662063616E4B
:102AB00020686F6C64206F70746C656E000000009D
:102AC0007365672D3E746370686472206E6F742046
:102AD000616C69676E6564007463705F656E7175C3
:102AE0006575655F666C6167733A20696E76616CC7
:102AF0006964207365676D656E74206C656E6774BC
:102B0000680000007463705F656E71756575655F60
:102B1000666C6167733A20696E76616C69642071D6
:102B200075657565206C656E677468007463705FA9
:102B300073656E645F66696E3A20696E76616C6972
:102B400064207063620000007463705F7265786D6A
:102B500069745F72746F5F707265706172653A203C
:102B6000696E76616C696420706362007463705F83
:102B70007265786D69743A20696E76616C6964205B
:102B8000706362007463705F7265786D69745F660C
:102B90006173743A20696E76616C69642070636257
:102BA000000000007463705F73656E645F656D7034
:102BB00074795F61636B3A20696E76616C69642039
:102BC000706362007463705F6F75747075743A201F
:102BD000696E76616C69642070636200646F6E2751
:102BE000742063616C6C207463705F6F75747075B2
:102BF0007420666F72206C697374656E2D706362E9
:102C000073000000525354206E6F74206578706515
:102C10006374656420686572652100006F70746973
:102C20006F6E73206E6F742066696C6C6564000053
:102C30007463705F7265786D69745F72746F5F63DF
:102C40006F6D6D69743A20696E76616C696420708D
:102C5000636200007463705F7265786D69745F729F
:102C6000746F3A20696E76616C69642070636200EB
:102C70007463705F6B656570616C6976653A206935
:102C80006E76616C69642070636200007463705FCB
:102C90007A65726F5F77696E646F775F70726F626B
:102CA000653A20696E76616C696420706362000029
:102CB0007379735F74696D656F75743A2074696DAB
:102CC000656F757420213D204E554C4C2C20706F43
:102CD0006F6C204D454D505F5359535F54494D45DE
:102CE0004F555420697320656D70747900000000A1
:102CF00054696D656F75742074696D6520746F6FAC
:102D0000206C6F6E672C206D6178206973204C57A2
:102D100049505F55494E5433325F4D41582F34204E
:102D20006D736563730000007564705F696E707524
:102D3000743A20696E76616C696420706275660011
:102D40007564705F696E7075743A20696E76616C37
:102D50006964206E65746966000000007564705FC8
:102D6000696E7075745F6C6F63616C5F6D617463C5
:102D7000683A20696E76616C6964206E6574696674
:102D800000000000706275665F72656D6F76655F4A
:102D9000686561646572206661696C656400000045
:102DA000636865636B20746861742066697273740C
:102DB00020706275662063616E20686F6C6420739A
:102DC0007472756374207564705F686472000000CB
:102DD0006E657469662D3E6877616464725F6C65C8
:102DE0006E206D757374206265203620666F7220C8
:102DF00065746865726E65745F6F75747075742143
:102E000000000000784576656E7447726F757053E8
:102E100065744269747346726F6D495352206661DE
:102E2000696C65642C20696E6372656173652063EB
:102E30006F6E66696754494D45525F51554555451A
:102E40005F4C454E475448206F7220636F6E666931
:102E50006754494D45525F5441534B5F5052494F5F
:102E6000524954590000000046726565642062753D
:102E700066666572206F7574206F662072616E677A
:102E80006500000062756666657241646472206E5A
:102E90006F7420706F696E74696E6720746F205252
:102EA000784461746142756666206172726179006E
:102EB00065746865726E657469665F72656C65617C
:102EC00073655F72785F777261707065723A2066C1
:102ED000726565696E6720756E616C6C6F63617495
:102EE000656420627566666572000000454E455453
:102EF0005F44657363726970746F72496E69742898
:102F000029206661696C656400000000454E4554E7
:102F10005F5278427566666572416C6C6F63416C96
:102F20006C2829206661696C6564000042756666DC
:102F300065722072657475726E65642062792045D1
:102F40004E45545F47657452784672616D65282915
:102F500020646F65736E2774206D617463682061EF
:102F60006E792052582062756666657220646573BA
:102F700063726970746F7200427566666572207262
:102F8000657475726E656420627920454E45545FA4
:102F900047657452784672616D65282920646F65B3
:102FA000736E2774206D617463682077726170702E
:102FB00065722062756666657200000062756666FD
:102FC00065722072657475726E6564206279204541
:102FD0004E4554206973206E6F74206D61726B656D
:102FE00064206173207573656420627920454E45C5
:102FF000542F6C7749500000706275665F616C6C8D
:103000006F6365645F637573746F6D2829206661F3
:10301000696C656400000000702D3E746F745F6C15
:10302000656E20213D202872784672616D652D3EC7
:10303000746F744C656E202B204554485F5041449A
:103040005F53495A45290000556E68616E646C658E
:10305000642072657475726E2076616C75652E00E1
:103060004F7574707574207061636B657420627540
:103070006666657220656D70747900006163645FD7
:10308000636F6E666C6963745F63616C6C626163CD
:103090006B20213D204E554C4C0000006172705F4A
:1030A0007461626C655B695D2E71203D3D204E55FB
:1030B0004C4C00006172705F7461626C655B695DAD
:1030C0002E7374617465203D3D2045544841525033
:1030D0005F53544154455F454D5054590000000022
:1030E0006E6574696620213D204E554C4C000000F1
:1030F000636865636B2074686174206669727374B9
:1031000020706275662063616E20686F6C64207346
:103110007472756374206574686172705F6864723C
:10312000000000006E657469662D3E687761646416
:10313000725F6C656E206D757374206265207468B3
:10314000652073616D65206173204554485F485761
:10315000414444525F4C454E20666F72206574684E
:1031600061727021000000006172705F7461626CB6
:10317000655B6172705F6964785D2E7374617465FC
:10318000203E3D204554484152505F5354415445E0
:103190005F535441424C4500697061646472202160
:1031A0003D204E554C4C00006574685F726574207C
:1031B000213D204E554C4C006E657469662D3E686D
:1031C00077616464725F6C656E203D3D20455448B4
:1031D0005F4857414444525F4C454E0074797065D6
:1031E000206F766572666C6F770000006E6F2070DE
:1031F00061636B65742071756575657320616C6CB6
:103200006F776564210000007120213D204E554CF0
:103210004C00000069636D705F696E7075743A20D0
:103220006D6F76696E6720722D3E7061796C6F618B
:103230006420746F2069636D7020686561646572D5
:10324000206661696C65640069636D705F696E70AA
:1032500075743A20726573746F72696E67206F724D
:103260006967696E616C20702D3E7061796C6F6169
:1032700064206661696C65640000000063686563D2
:103280006B20746861742066697273742070627553
:10329000662063616E20686F6C642069636D7020C6
:1032A0006D65737361676500496E697469616C6906
:1032B0007A696E67205048592E2E2E0D0A000000A4
:1032C0000D0A43616E6E6F7420696E697469616C7A
:1032D000697A65205048592E0D0A00006E657469A0
:1032E000665F20213D204E554C4C0000657468659A
:1032F000726E65746966436F6E66696720213D2052
:103300004E554C4C000000006C77697000000000C6
:10331000546F6F206D616E79206E657469662063ED
:1033200072656174696F6E732E0000006C7769704E
:103330005F72780065746865726E657469665F694E
:103340006E697428293A205258207461736B206387
:1033500072656174696F6E206661696C65642E00C8
:103360002A65746865726E657469665F626173650B
:103370005F7074722865746865726E657469662919
:1033800020213D204E554C4C000000002F55736508
:1033900072732F6D6C6F682F73646B2F53444B5F88
:1033A000325F31365F3130305F4652444D2D4D43F0
:1033B000584E3934372F72746F732F667265657289
:1033C000746F732F6672656572746F732D6B65729F
:1033D0006E656C2F6576656E745F67726F7570735E
:1033E0002E6300002F55736572732F6D6C6F682FFD
:1033F00073646B2F53444B5F325F31365F31303033
:103400005F4652444D2D4D43584E3934372F727418
:103410006F732F6672656572746F732F6672656560
:1034200072746F732D6B65726E656C2F7175657537
:10343000652E63002F55736572732F6D6C6F682F47
:1034400073646B2F53444B5F325F31365F313030E2
:103450005F4652444D2D4D43584E3934372F7274C8
:103460006F732F6672656572746F732F6672656510
:1034700072746F732D6B65726E656C2F7461736BF4
:10348000732E6300546D7251000000002F55736558
:1034900072732F6D6C6F682F73646B2F53444B5F87
:1034A000325F31365F3130305F4652444D2D4D43EF
:1034B000584E3934372F72746F732F667265657288
:1034C000746F732F6672656572746F732D6B65729E
:1034D0006E656C2F74696D6572732E630000000059
:1034E000546D7220537663002F55736572732F6D80
:1034F0006C6F682F73646B2F53444B5F325F3136B0
:103500005F3130305F4652444D2D4D43584E393473
:10351000372F72746F732F6672656572746F732FB5
:103520006672656572746F732D6B65726E656C2F54
:10353000706F727461626C652F4D656D4D616E6761
:103540002F686561705F342E630000005F757362E1
:10355000685F7164656600002F55736572732F6D27
:103560006C6F682F73646B2F53444B5F325F31363F
:103570005F3130305F4652444D2D4D43584E393403
:10358000372F72746F732F6672656572746F732F45
:103590006672656572746F732D6B65726E656C2FE4
:1035A000706F727461626C652F4743432F41524DB7
:1035B0005F434D33335F4E545A2F6E6F6E5F7365AA
:1035C000637572652F706F72742E6300F0140200C1
:1035D000F81402000C15020080FF01001C15020007
:1035E0002C15020038150200481502005015020083
:1035F000BC0202005C150200641502007015020096
:103600007815020084150200901502009C15020036
:10361000A8150200B4150200C0150200CC15020066
:10362000D8150200E4150200F0150200FC15020096
:1036300008160200141602007D000000FA000000C7
:10364000F4010000E8030000D0070000B80B000000
:10365000A00F000088130000401F0000803E000003
:1036600050C30000400D03000000000000000000F7
:10367000000000000000000000000000000000004A
:10368000000000000000000000000000000000003A
:10369000000000000000000000000000000000002A
:1036A000000000000000000000000000000000001A
:1036B000000000000000000000000000000000000A
:1036C00000000000000000000000000000000000FA
:1036D00000000000000000000000000000000000EA
:1036E00000000000000000000000000000000000DA
:1036F0000000000025060000F90D00000000000099
:1037000000000000000000000000000000000000B9
:1037100000000000000000000000000000000000A9
:103720000000000000000000000000000000000099
:103730000000000000000000000000000000000089
:103740000000000000000000000000000000000079
:103750000000000000000000000000000000000069
:103760000000000000000000000000000000000059
:103770000000000000000000000000000000000049
:103780000000000000000000000000000000000039
:10379000000000003200000064000000FA00000099
:1037A000F4010000E8030000D007000088130000C7
:1037B000AC16020015310000B9300000E53C0000F5
:1037C000F5420000A93A00002D310000010100007F
:1037D00001020000010100000302000003010000DB
:1037E0000301000002020000020100000201FFFFCD
:1037F00000200940003009400040094000500940C5
:1038000000400B4000500B4000600B4000700B402C
:1038100000800B4000900B400B0001000C000100E9
:103820000D0001000E0001000F000100100001005A
:10383000110001001200010013000100140001003A
:103840000B010C010D010E010F01100111011201FC
:1038500013011401002009400030094000400940D4
:103860000050094000400B4000500B4000600B40EE
:1038700000700B4000800B4000900B40002009407E
:1038800000300940004009400050094000400B4012
:1038900000500B4000600B4000700B4000800B405C
:1038A00000900B4000000000000000009D6E000032
:1038B000C16E0000456D0000296D0000B56D00006F
:1038C000097000009D6F00008D6E00003200000046
:1038D00064000000FA000000F4010000E8030000AA
:1038E000D007000088130000000000000000000066
:1038F000D90500007D0A0000D17200004972000065
:10390000CD730000A97300001172000000000000D8
:1039100000000000000000000000000000000000A7
:103920000000000000000000000000000000000097
:103930000000000000000000000000000000000087
:103940000000000000000000000000000000000077
:103950000000000000000000000000000000000067
:103960000000000000000000000000000000000057
:103970000000000000000000000000000000000047
:103980000000000000000000000000000000000037
:103990000000000000000000000000000000000027
:1039A00001010102020401010202020303040404F2
:1039B000C8B4002028000400D8B40020C4B40020FB
:1039C000E00000FBC0180200C8180200E00000FB85
:1039D00001031C06FFFFFFFF00000000A83A0200E1
:1039E000983A0200883A0200783A0200683A0200E7
:1039F000583A0200483A0200383A0200283A0200D7
:103A0000183A0200083A020078FD00206002200007
:103A100088FD002074FD0020904901201000100056
:103A2000A04901208C490120A84A0120100014005F
:103A3000B84A0120A44A0120004C012010000800CF
:103A4000104C0120FC4B0120984C0120100030004C
:103A5000A84C0120944C0120B04F01201000080018
:103A6000C04F0120AC4F0120485001201000200021
:103A70005850012044500120605201201C000800D1
:103A8000705201205C520120585301209C00050017
:103A900068530120545301207C5601202800040063
:103AA0008C56012078560120345701201C00040058
:103AB00044570120305701208459012088590120A2
:103AC000805901207C59012003060C18306078FFD2
:103AD00001020304050607070707070707FFFFFFA3
:103AE000FA000000F9250100E80300000D6901005B
:103AF00060EA0000B9F10000F4010000D9F3000011
:103B000064000000B16301006400000059F9000086
:103B1000E80300000DDA0000000000000000FFFFD5
:103B2000FFFFFFFFFFFFFFFF00000000FFFF070098
:103B300000000010FFFFFF1700000080FFFFFFDF05
:103B40000000000000000000C95F0100CD5E010020
:103B5000D55E01000000000000000000DD5E0100F5
:103B60000D5F0100355F0100755F0100CD60010050
:103B70000000000000000000090000000202FFFF3A
:103B80000000000029B401003DB4010041B401006F
:103B900001B5010075B50100B5B40100A006000033
:103BA000000009000020202020202020202028289C
:103BB00028282820202020202020202020202020ED
:103BC000202020202088101010101010101010102D
:103BD000101010101004040404040404040404105D
:103BE00010101010101041414141414101010101EB
:103BF00001010101010101010101010101010101B5
:103C000010101010101042424242424202020202C0
:103C10000202020202020202020202020202020284
:103C20001010101020000000000000000000000034
:103C30000000000000000000000000000000000084
:103C40000000000000000000000000000000000074
:103C50000000000000000000000000000000000064
:103C60000000000000000000000000000000000054
:103C70000000000000000000000000000000000044
:103C80000000000000000000000000000000000034
:103C90000000000000000000000000000000000024
:103CA0000000000000232D302B2000686C4C0065C4
:103CB0006667454647003031323334353637383958
:103CC000414243444546003031323334353637388B
:103CD000396162636465660059F3F8C21F6EA5011D
:083CE000000000000000F03FAD
:083CE800F48DFF7F01000000D4
:043CF0008D0A000039
:103CF40001FFFFFF3139322E3136382E312E31009B
:103D0400000000003139322E3136382E312E310088
:103D1400000000003235352E3235352E3235352E41
:103D2400300000003139322E3136382E312E323007
:103D34003000000001FFFFFFF03802000000000027
:103D4400000000000000000000000000000000006F
:103D5400000000000000000000000000000000005F
:103D6400000000000000000000000000000000004F
:103D7400000000000000000000000000000000003F
:103D8400000000000000000000000000000000002F
:103D9400000000000000000000000000000000001F
:103DA400000000000000000000000000000000000F
:103DB40000000000000000000000000000000000FF
:103DC4000000000000000000FF00000000000000F0
:103DD40000000000000000000000000000000000DF
:103DE40000000000000000000000000000000000CF
:103DF40000000000000000000000000000000000BF
:103E040000000000000000000000000000000000AE
:103E1400000000000000000000000000000000009E
:103E2400000000000000000000000000000000008E
:103E3400000000000000000000000000000000007E
:103E4400000000000000000000000000000000006E
:103E5400000000000000000000000000000000005E
:103E6400000000000000000000000000000000004E
:103E7400000000000000000000000000000000003E
:103E8400000000000000000000000000000000002E
:103E9400000000000000000000000000000000001E
:103EA400000000000000000000000000000000000E
:103EB40000000000000000000000000000000000FE
:103EC40000000000000000000000000000000000EE
:103ED40000000000000000000000000000000000DE
:103EE40000000000000000000000000000000000CE
:103EF40000000000000000000000000000000000BE
:103F040000000000000000000000000000000000AD
:103F1400000000000000000000000000000000009D
:103F2400000000000000000000000000000000008D
:103F3400000000000000000000000000000000007D
:103F4400000000000000000000000000000000006D
:103F5400000000000000000000000000000000005D
:103F640000000000FF00000000000000000000004E
:103F7400000000000000000000000000000000003D
:103F8400000000000000000000000000000000002D
:103F9400000000000000000000000000000000001D
:103FA400000000000000000000000000000000000D
:103FB40000000000000000000000000000000000FD
:103FC40000000000000000000000000000000000ED
:103FD40000000000000000000000000000000000DD
:103FE40000000000000000000000000000000000CD
:103FF40000000000000000000000000000000000BD
:1040040000000000000000000000000000000000AC
:10401400000000000000000000000000000000009C
:10402400000000000000000000000000000000008C
:10403400000000000000000000000000000000007C
:10404400000000000000000000000000000000006C
:10405400000000000000000000000000000000005C
:10406400000000000000000000000000000000004C
:10407400000000000000000000000000000000003C
:10408400000000000000000000000000000000002C
:10409400000000000000000000000000000000001C
:1040A400000000000000000000000000000000000C
:1040B40000000000000000000000000000000000FC
:1040C40000000000000000000000000000000000EC
:1040D40000000000000000000000000000000000DC
:1040E40000000000000000000000000000000000CC
:1040F40000000000000000000000000000000000BC
:1041040000000000000000000000000000000000AB
:10411400000000000000000000000000000000009B
:10412400000000000000000000000000000000008B
:10413400000000000000000000000000000000007B
:10414400000000000000000000000000000000006B
:10415400000000000000000000000000000000005B
:10416400000000000000000000000000000000004B
:10417400000000000000000000000000000000003B
:10418400000000000000000000000000000000002B
:10419400000000000000000000000000000000001B
:1041A400000000000000000000000000000000000B
:1041B40000000000000000000000000000000000FB
:1041C40000000000000000000000000000000000EB
:1041D40000000000000000000000000000000000DB
:1041E40000000000000000000000000000000000CB
:1041F40000000000000000000000000000000000BB
:1042040000000000000000000000000000000000AA
:10421400000000000000000000000000000000009A
:10422400000000000000000000000000000000008A
:10423400000000000000000000000000000000007A
:10424400000000000000000000000000000000006A
:10425400000000000000000000000000000000005A
:10426400000000000000000000000000000000004A
:10427400000000000000000000000000000000003A
:10428400000000000000000000000000000000002A
:10429400000000000000000000000000000000001A
:1042A400000000000000000000000000000000000A
:1042B40000000000000000000000000000000000FA
:1042C40000000000000000000000000000000000EA
:1042D40000000000000000000000000000000000DA
:1042E40000000000000000000000000000000000CA
:1042F40000000000000000000000000000000000BA
:1043040000000000000000000000000000000000A9
:104314000000000000000000000000000000000099
:104324000000000000000000000000000000000089
:104334000000000000000000000000000000000079
:104344000000000000000000000000000000000069
:104354000000000000000000000000000000000059
:104364000000000000000000000000000000000049
:104374000000000000000000000000000000000039
:104384000000000000000000000000000000000029
:104394000000000000000000000000000000000019
:1043A4000000000000000000000000000000000009
:1043B40000000000000000000000000000000000F9
:1043C40000000000000000000000000000000000E9
:1043D40000000000000000000000000000000000D9
:1043E40000000000000000000000000000000000C9
:1043F40000000000000000000000000000000000B9
:1044040000000000000000000000000000000000A8
:10441400FFFFFFFF021213101511FFFF006CDC02F7
:10442400008000000024F400785634126E19000055
:1044340000C000C010000C00B88404204C350200F9
:10444400FFFFFFFFAAAAAAAA0000000003000000C1
:1044540030960420680700200000000030960420F5
:10446400989604200097042000000000000000003B
:104474000000000000000000000000000000000038
:104484000000000000000000000000000000000028
:104494000000000000000000000000000000000018
:0444A4000000000014
:040000030000032DC9
:00000001FF
