:10000000000006202D03000001030000050300008E
:10001000090300000D030000110300001503000098
:10002000000000000000000000000000E1C301002B
:100030001D0300000000000071C301008DC001001D
:100040008D3F0000953F00009D3F0000A53F000050
:10005000AD3F0000B53F0000BD3F0000C53F0000C0
:10006000CD3F0000D53F0000DD3F0000E53F000030
:10007000ED3F0000F53F0000FD3F0000054000009F
:100080000D400000154000001D400000254000000C
:100090002D400000354000003D400000454000007C
:1000A0004D400000554000005D40000065400000EC
:1000B0006D400000754000007D400000854000005C
:1000C0008D400000954000009D400000A5400000CC
:1000D000AD400000B5400000BD400000C54000003C
:1000E000CD400000D5400000DD400000E5400000AC
:1000F000ED400000F5400000FD400000054100001B
:100100000D410000154100001D4100002541000087
:100110002D410000354100003D41000045410000F7
:100120004D410000554100005D4100006541000067
:100130006D410000754100007D41000085410000D7
:100140008D410000954100009D410000D52E00002A
:10015000A5410000AD410000B5410000BD410000D7
:10016000C5410000CD410000D5410000DD41000047
:10017000E5410000ED410000F5410000FD410000B7
:10018000054200000D420000154200001D42000023
:10019000254200002D420000354200003D42000093
:1001A000454200004D420000554200005D42000003
:1001B000654200006D420000754200007D42000073
:1001C000854200008D420000954200009D420000E3
:1001D000A5420000AD420000B5420000BD42000053
:1001E000C5420000CD420000D5420000DD420000C3
:1001F000E5420000ED420000F5420000FD42000033
:10020000054300000D430000154300001D4300009E
:10021000254300002D430000354300003D4300000E
:10022000454300004D430000554300005D4300007E
:10023000654300006D430000754300007D430000EE
:10024000854300008D430000954300009D4300005E
:10025000A5430000AD430000B5430000BD430000CE
:10026000C5430000CD430000D5430000DD4300003E
:10027000E5430000ED430000F5430000FD430000AE
:10028000054400000D440000154400001D4400001A
:10029000254400002D440000354400003D4400008A
:1002A000454400004D440000554400005D440000FA
:1002B000EC35020000000020E8070000EC350200E9
:1002C0000000000400000000EC35020000000620E1
:1002D00000000000EC35020000A00B400000000010
:1002E00000080020543704000000000464030100EB
:1002F000000006200000000000A00B4000000000ED
:10030000FEE700BFFEE700BFFEE700BFFEE700BF5D
:10031000FEE700BFFEE700BFFEE700BFFEE700BF4D
:10032000FEE700BFFEE700BFFEE700BF72B61C4B52
:100330001C4A20480360196881F3088882F30A8800
:1003400004F092F81849194A91420DD2D1E90045BA
:1003500088680C310028F7D00023E658EE500433AB
:100360009842FAD89142F1D3114DA94213D20024F8
:10037000013D6D1A01F1100325F0070508311D44F8
:1003800051E9020222B10023C45004339A42FBD83F
:100390000831A942F4D162B600F02CF8FEE700BFA4
:1003A0000000000000F00520B0020000E0020000A4
:1003B0000003000008ED00E04AF6012300B583B019
:1003C00001A90120ADF8043018F0D2FF19F0E2FACB
:1003D000FA2017F0E3FD19F0E7FA00214FF0FF30A3
:1003E00019F05EFBF9E700BF18F038BE18F026BF21
:1003F000704700BF30B583B01CF0F2FF02F06AFB1B
:10040000464B4748D3F8804021461CF0DDFEE50707
:100410005BD4A0077DD4610777D4E20571D4A3052E
:100420006BD4250565D4E0045FD4A10459D46204DB
:1004300053D423044DD43B481CF036FF3A4A4021A4
:100440003A481CF0C1FE3A4800230246394C83EA80
:1004500004010133402B42F8041FF8D10022134657
:10046000344D50F8044F83EA05018C4203F1010337
:1004700018BF0132402BF4D12F4B30493048002AAD
:1004800018BF19461CF0A0FE02F04EFC002100240B
:100490000925084609F0E0FC002002F055FBCDE9F3
:1004A000005402254FF4007223462649264817F0CF
:1004B00021FB4FF4C06223462449CDE9005424486F
:1004C00017F018FB17F056FCFEE722481CF07CFEE4
:1004D0009FE721481CF078FEADE720481CF074FE31
:1004E000A7E71F481CF070FEA1E71E481CF06CFE39
:1004F0009BE71D481CF068FE95E71C481CF064FE55
:100500008FE71B481CF060FE89E71A481CF05CFE70
:1005100083E719481CF058FE7DE700BF00800440C7
:100520008CF9010034FA01000000000438FA0100DF
:10053000FCFFFF030000A5A550F9010074F90100BC
:1005400068FA010090FA0100B9030000C8FC01003C
:10055000B1170000B8F9010028FA01001CFA0100E7
:1005600010FA010004FA0100ECF90100E0F90100C1
:10057000D8F90100C8F90100C0F901000D4A0E4B7D
:10058000D2F864119A68C1F30A0002449A600A041E
:1005900002D5DA680132DA60084A1968D2F8342DD7
:1005A0005868C2F30A0CC2F30A4261440244C3E928
:1005B00000127047001010408C1B002000001040FB
:1005C00010B40468087811781A7823465DF8044B53
:1005D000184700BF0368087811781847704700BFB4
:1005E000704700BF074B186850B1002200B583B0B8
:1005F00002231146009218F0F3F903B05DF804FBF2
:10060000704700BFBC1B0020014600B5CBB283B0D1
:100610000093C1F30742C1F307230348090E1CF0FE
:10062000D3FD03B05DF804FB98FA010010B50A4C45
:10063000226802B910BD92B20020084903F016FBEF
:10064000074A28B9136B013313630023236010BDDD
:10065000D36A0133D362F8E71008002014080020A1
:10066000EC100020FFFFFFFF2DE9F04FD1071446EB
:1006700087B000F19F80A20700F18D80630761D5EC
:10068000554D2B78002B60D14FF0070AD346534DC0
:1006900000260127B0465FFA8BF40DF11409CDE96D
:1006A0000388CDF81480F3B2002E56D1BBF10E0FA3
:1006B0002A786AD84A4AA95DBC4202EB012202921A
:1006C0005BD9691C895D02330A44DBB202920DF1E9
:1006D000080C0196591C9A1CA342C9B2D2B222D26C
:1006E000E85CDCF8046003F1030E06EB00608C426A
:1006F0005FFA8EFECCF8040003F1040343D9695C71
:10070000944200EB0140DBB2CCF8040039D9AA5C7A
:10071000744500EB0220CCF8040030D915F80E2007
:100720000244CCF804200CF1040CCC45D2D1019E3B
:100730000422002002A90E3603F098FA0E37B245C3
:10074000FFB2ACDC07B0BDE8F08F28461CF09EFE7F
:100750008346824600289BD1F4E7224A224806F1CC
:100760000D015145B8BF02469C420292AFD9A95D26
:10077000BC4202EB01220292A3D83B46A7E7734694
:10078000D1E71346CFE70B46CDE7120202F17442E0
:1007900002F5403295E74FF4FA054FF4803300201C
:1007A000124A02A902920422CDE90350059303F0F4
:1007B0005DFA63E7002006A7D7E90067042202A9D3
:1007C000CDE90400CDE9026703F050FA53E700BF1A
:1007D000010101F000030001F0150020A4FA01005E
:1007E000000003F0000003FC000003F8000002F02A
:1007F0000138C0B2FD2848D970B5CA070C4684B08C
:1008000035D4A30701D404B070BD00216A4601238A
:100810002548CDE90111254C00900DF10C0E0391F6
:10082000991C122BC9B218D8581CC0B2E65C255CC2
:10083000506803F1030C00EB0660043300EB054045
:1008400013295FFA8CFCDBB250601FD0655C14F892
:100850000C1001EB05210144516004329645DFD1B3
:1008600004226946002003F001FA04B070BD0020A4
:100870009FED0B7B042269468DED007BCDE90200E4
:1008800003F0F4F9A307BED5BFE77047131D9E45DB
:1008900002F10802E4D09645E2D00B46DDE700BF46
:1008A000038011F0000001004E0012F4ACFA0100C8
:1008B000012A02D1016000207047002AFBD10260AA
:1008C000F9E700BF012A02D1016000207047022A27
:1008D00005D0032AF9D0002AF7D10260F5E70B68AA
:1008E0000360F2E7012A02D1016000207047022A6A
:1008F00005D0032AF9D0002AF7D10260F5E70B688A
:100900000360F2E7924B2DE9F04F924F5E68924BF5
:1009100087B01C78BB6A92460133BB62B4B18F4B7F
:10092000186828B192B208F0D9FE002840F09981E9
:100930008B4A1368013313608A4B854A59685268A1
:100940000A44961B5E6007B0BDE8F08F20468B46D8
:1009500003F062F9002800F06E81BAF1000FEBD0CD
:100960002546009403965BF825304FEA85081A0F58
:100970000C2A00F29180DFE802F007070742428F5D
:1009800007074242428383006E1CB2451BD34FF0DF
:100990000109002003F05CF9734B04EB09021B68AA
:1009A000984200F29E80002A40F0A4805BF8083054
:1009B000190F032900F08580052900F08280144674
:1009C0003546B245CFD8039E002CB5D0664D2B6876
:1009D0002344B3F5007F00F25381009BB4F5007F00
:1009E0000BEB830140F242810020A2B203F03EF9FA
:1009F000002800F02081FB6A0133FB629CE7AE1CFB
:100A00005645E0D8032A40F0738101218E4600212B
:100A10004FF002090291190E0191C3F3036153488B
:100A200010F821C0BCF1000FB3D0AEF1020CBCFA3B
:100A30008CFC00EB8101704691F802E04FEA5C1CEF
:100A4000E645A6D1022821D0002C00F09180464B2B
:100A50001B682344B3F5007F00F21581009BB4F5B9
:100A6000007F0BEB830140F2CE800020A2B203F0A6
:100A7000FDF8002840F0F1803B6B01333B63CDE093
:100A8000EE1CB2459FD34FF0030982E7C978029864
:100A900081427FF47EAFD7E72E1DB24593D3052A5E
:100AA00018BF4FF004097FF474AF0221C3F307208D
:100AB0008E46190E01914FF00409C3F303610290B1
:100AC000ADE70921C3F30360C3F3035321FA03F332
:100AD000DB077FF574AF4FF00001244B23F82010A3
:100AE0006DE7C01A904205D3002C7FF45FAF4A46F1
:100AF00000955BE7ACB12344B3F5007F00F2C680FC
:100B0000009BB4F5007F0BEB830140F2988000203E
:100B1000A2B203F0ABF8002840F0BB803B6B01337E
:100B20003B63002003F094F80F4B1B68984265D894
:100B30003B6B5BF8082001333B63130F032B00F082
:100B4000B380052B00F0CA803546002439E700BF8A
:100B5000001000E0EC1000201C100020AC1600205B
:100B60001410002074100020100800202010002015
:100B70003968032A01F10101396037D00224019A52
:100B8000C3F3035002F00F02C3F307235A4D15F8C5
:100B900022100029D8D00921C140C907D4D500208E
:100BA00005EB8201497825F822000029CCD0022CDF
:100BB0004FEA026271D042F0405242F440120024E7
:100BC00020460492059403F043F84C4B1B6898426E
:100BD000BAD9C01A0128B7D0FFF728FD0222204653
:100BE00004A903F043F8AFE71A0E0192019AC3F388
:100BF00003500124002302F00F02C7E7C01A484542
:100C0000BFF475AF94E73D4B3D481D68A20000EB73
:100C100085001CF02EFC394B25441D603A685BF8BA
:100C2000083001323A601A0F032ADDD0052A8BD131
:100C30001A0E0192A2E73B6B01333B637CE62F4B1C
:100C40002F481B68A20000EB830001931CF011FCED
:100C5000019B2A4A2344136063E7FB6A0133FB626A
:100C6000DCE7284A13680133136065E62F682448DF
:100C7000A20000EB87003C441CF0FBFB2C605BE611
:100C8000FFF7D4FCA9E6FFF7D1FCE7E6FFF7CEFCBF
:100C900036E7FB6A0133FB6243E742EA032242F094
:100CA000A04242F444128AE701230021C2F3036008
:100CB000C2F30354D4B1A3F10202013CB2FA82F2AE
:100CC0004FF0010518BF01240B4B520903F82050C7
:100CD00003EB80039A70D9705C7035E70223C2F38E
:100CE0000360C2F30354C2F30721E3E7354668E625
:100CF0004FF002094DE600BF201000201008002030
:100D00001408002018100020D0F8CC3110B504468B
:100D100023B100F5E271032208469847D4F8BC31AC
:100D200023B104F5DA71032208469847D4F8AC31B0
:100D300023B104F5D271032208469847D4F89C31B8
:100D400023B104F5CA71032208469847D4F88C31C0
:100D500023B104F5C271032208469847D4F87C31C8
:100D600023B104F5BA71032208469847D4F86C31D0
:100D700023B104F5B271032208469847D4F85C31D8
:100D800023B104F5AA71032208469847D4F84C31E0
:100D900023B104F5A271032208469847D4F83C31E8
:100DA00023B104F59A71032208469847D4F82C31F0
:100DB00023B104F59271032208469847D4F81C31F8
:100DC00023B104F58A71032208469847D4F80C3100
:100DD00023B104F58271032208469847D4F8FC3009
:100DE00023B104F1F401032208469847D4F8EC300B
:100DF00023B104F1E401032208469847D4F8DC301B
:100E000023B104F1D401032208469847D4F8CC302A
:100E100023B104F1C401032208469847D4F8BC303A
:100E200023B104F1B401032208469847D4F8AC304A
:100E300023B104F1A401032208469847D4F89C305A
:100E400023B104F19401032208469847D4F88C306A
:100E500023B104F18401032208469847E36F23B1CC
:100E600004F17401032208469847E36E23B104F1AC
:100E70006401032208469847E36D23B104F154014D
:100E8000032208469847E36C23B104F1440103228E
:100E900008469847E36B23B104F134010322084666
:100EA0009847E36A23B104F12401032208469847D6
:100EB000E36923B104F11401032208469847204650
:100EC00010BD00BF836810B5044613B1032201466C
:100ED0009847204610BD00BF074B186850B100224C
:100EE00000B583B002231146009217F079FD03B0DC
:100EF0005DF804FB704700BFBC1B00200023C0E965
:100F00000033C0E90233C0E90533C0E90733C0E963
:100F10000933C0E90C33C0E90E33C0E91033C0E92E
:100F20001233C0E91433C0E91633C0E91833C0E9FD
:100F30001A33C0E91C33C0E91E330374C362C0E92D
:100F40002033C0E92233C0E92433C0E92633C0E9A5
:100F50002833C0E92A33C0E92C33C0E92E33C0E975
:100F60003033C0E93233C0E93433C0E93633C0E945
:100F70003833C0E93A33C0E93C33C0E93E33C0E915
:100F80004033C0E94233C0E94433C0E94633C0E9E5
:100F90004833C0E94A33C0E94C33C0E94E33C0E9B5
:100FA0005033C0E95233C0E95433C0E95633C0E985
:100FB0005833C0E95A33C0E95C33C0E95E33C0E955
:100FC0006033C0E96233C0E96433C0E96633C0E925
:100FD0006833C0E96A33C0E96C33C0E96E33C0E9F5
:100FE0007033C0E97233C0F8D031704710B5044691
:100FF0004FF4DB61FFF7FAF9204610BD38B50D4D0F
:101000000D4C284605F084FC224628460B490C4D21
:101010001CF020FA22460B490B481CF01BFA28460C
:10102000FFF76CFF22462846BDE8384007491CF010
:1010300011BA00BF0001000400080020BD680000D4
:10104000B0160020E105000048000020090D000056
:1010500038B5134C14F0F8F8237883B9114B124AC1
:101060001249134801F012FE054614F00BF955B968
:1010700010481CF019F90123237014F0E5F801F071
:10108000F3FD14F0FFF80C4805F010FC08250022D1
:101090000A490B4B0B4C086025601A7038BD00BF25
:1010A0004400002004000020140000202400002040
:1010B00034000020C0FA0100000100040C080020E8
:1010C00008080020A8160020F0B55B480C46A5B023
:1010D00005F0ECFB052C014610D8584B584D53F841
:1010E000242058481CF070F82968002971D0032C7E
:1010F0000CD10122544B1A7025B0F0BD504D534A0B
:1011000050481CF061F829680029F5D006A808F0BD
:1011100013FB47F23053239A1A9C04931B9B4C48B1
:10112000CDE90232DDE91832CDE90024DDE91612FD
:10113000219E229F1CF048F8464B47489B6A1C9909
:101140000193209B0093DDE91D231CF03DF856EA36
:10115000070304D03A46314640481CF035F8404970
:101160004FF48062D1E988133E481CF02DF83E4BC5
:101170001A688ABB002CBFD0286808F003FB4528FA
:10118000014653D845282ED8DFE800F04E4C4A4897
:10119000464442402D2D2D2D2D2D2D2D2D2D2D2D27
:1011A0002D2D2D2D2D2D2D2D2D2D2D2D2D2D2D2D6F
:1011B0002D2D2D2D2D2D2D2D2D2D2D2D2D2D2D2D5F
:1011C0002D2D2D2D2D2D2D2D2D2D2D2D3E3C3A3817
:1011D0003634032C8DD08FE7196824481BF0F4FFB8
:1011E000002C89D0C8E7224A224825B0BDE8F0404B
:1011F0001BF0EABF204AF7E7204AF5E7204AF3E769
:10120000204AF1E7204AEFE7204AEDE7204AEBE7E2
:10121000204AE9E7204AE7E7204AE5E7204AE3E7F2
:10122000204AE1E7204ADFE7204ADDE7104A204B69
:10123000802808BF1A46D7E700010004842E020068
:10124000AC160020D0FC0100A4160020ACFE01006A
:10125000F0FC0100EC10002064FD0100B0FD010075
:10126000000101040CFE0100C01B002048FE01002B
:1012700014FB010084FE010080FC010058FC010009
:101280002CFC010000FC0100CCFB0100A0FB0100D4
:1012900090FB01007CFB010064FB01005CFB010092
:1012A0003CFB010030FB0100B8FC0100FCFA01002E
:1012B000A4FC010010B50446164805F085FD002287
:1012C000154B1A7044B9154B196899B9144B1B7812
:1012D0004BB114481BF0E8FF13481BF075FF0A22BE
:1012E000124B1A6010BD12481BF0DEFF0C220F4B90
:1012F0001A6010BD0F481BF067FF09220B4B0E4808
:101300001A6005F0D3FA01220C490D4B08601A70DF
:1013100010BD00BF4800002030110020381100200F
:101320009C1600202CFF010084FF0100A81600205D
:10133000B0FE010054FF010000010004141600205B
:101340001016002038B51B4C2068002831D008F05A
:1013500015FAB0B9256835B1284607F06FFD0421AC
:101360002846FFF743F800231349144A1448236022
:101370000B70136005F078FCBDE83840114805F0AB
:10138000E3B9206807F0E0FDC82509E0206807F010
:101390001DFEFFF74BF9012016F000FE013DD9D0EC
:1013A000206808F0EBF90028F0D12568002DD3D192
:1013B000D9E738BDAC160020A4160020A0160020E6
:1013C000480000200001000470B500250446B6B0B6
:1013D000FFF7B8FF224A234E10782349234B0D70A4
:1013E000A84218BF134694E803003060B1806E46EF
:1013F00040211F4A03A81BF0FDFC8C221D4913A8A5
:101400001CF037F803A9612213A81BF099FF2922C9
:1014100019490DF1AE001BF093FF184B93E807003C
:1014200086E807000420FEF7DFFF3346064613AACE
:10143000134907F049FC13482B46214641F28D32EF
:101440000660304607F02CFD0F481BF02DFF0C22E4
:101450000E480F490F4B05600D701A6036B070BD15
:10146000F0150020E4150020A5160020A4FA0100C4
:1014700090FF01009C2E02009CFF0100282F02001B
:1014800000010004AC160020B4FF01001816002073
:101490001C160020A816002030B5A34D04462B686A
:1014A0000278013B83B00A2B1FD8DFE803F02C063B
:1014B000465D656D751E7C8A2000002A40F0F7802D
:1014C0009A4B9B4A19789B4B9B4800290CBF1146AD
:1014D00019461BF079FE032398482B6005F0E6F9C6
:1014E00001229749974B08601A7003B030BD002A5B
:1014F00040F0F28041F28C339348838003B0BDE822
:101500003040FFF761BF632A00F0C98000F2AF806E
:10151000432A00F0C480482A00F0C580002A40F029
:10152000A8808A4B8A4A19788A4800290CBF11463C
:1015300019461BF049FE0223CEE7642A00F0A7807B
:1015400000F29180442A00F0A280532A00F0A38088
:10155000002A40F08A80754B1B78FBB97E497F4892
:101560001BF032FE0423B7E7002A55D17C497D48A1
:101570001BF02AFE0523AFE7002A3FD17A497B48BA
:101580001BF022FE0623A7E7002A5FD1784979489D
:101590001BF01AFE07239FE7002A4AD103B0BDE8DB
:1015A0003040FFF755BD744B1B78DBB9734B302AC5
:1015B000196800F2A380724803B0BDE830401BF008
:1015C00003BE2AB96F4803B0BDE830401BF0FCBD34
:1015D00001A90EF00FFA002840F082806A481BF043
:1015E000F3FD82E702F0DF00A0F14D00B0FA80F0D9
:1015F000400903B0BDE83040FFF75CBE01A90EF022
:10160000F9F9002837D0564B0F22214618461BF017
:1016100097FE0022C273B1E701A90EF0EBF980B387
:101620004D4B0F22214618461BF08AFE0022C27342
:101630009CE701A90EF0DEF930B34D4B0F22214695
:1016400018461BF07DFE0022C273A7E701A90EF029
:10165000D1F998B1444B0F22214618461BF070FE79
:101660000022C27392E7732A15D04848ABE7682A74
:1016700019D04748A7E73A4946489DE73A494648BE
:101680009AE73549454897E73949454894E70122A3
:10169000264B1A7082E70022244B1A705EE7002264
:1016A000404B1A703DE701223E4B1A7039E7274B39
:1016B00001461F2218461BF043FE00210278C17725
:1016C000002A3FF4FDAE2D23202A08BF037010F836
:1016D000012F002AF8D1F3E61BF02AFA83B20BE7B8
:1016E00001980BF0FDFA0246174B41F28C312E485F
:1016F0001A601BF069FD0B232B60F6E601F1300345
:1017000093420ADA02F0DF024D2A7FF454AF1D48FB
:101710001BF05AFD0A232B60E7E69420234B313A55
:1017200000FB0230EAE600BFA816002044000020BB
:10173000F0FF0100C01502002C00020000010004AF
:101740001416002010160020DC150020F0150020D3
:10175000A4FA010010000200340000207C00020006
:1017600024000020D4000200140000202C010200FC
:1017700004000020840102003011002038110020F4
:1017800054FF010084FF0100DC0102006000020040
:10179000F4FF0100EC00020044010200940002008A
:1017A0009C010200A5160020F80102003C11002057
:1017B0002DE9F04F00259849984CD1F8FC20984B22
:1017C000984E42F08072D7B0C1F8FC20D4F8EC708B
:1017D000C4F8EC605D601A68934842F001021A6038
:1017E000D4F8F030CDE9325790493493319031AA92
:1017F000C4F8F010CDE92105249192E803001EAA57
:1018000004F1E40382E8030093E8030031AA82E8CC
:1018100003001EAA92E8030083E8030031A8239680
:10182000FFF750FB21A8FFF74DFB8149814B824A0E
:10183000CDE93115CDE92323CDE92115D4F8FC10EC
:10184000C4F8FC20D4F800213391349231AA92E8F4
:1018500003001EAA82E80300C4F8003131AA04F193
:10186000F40393E8030082E803001EAA92E8030051
:1018700083E8030031A8FFF725FB21A8FFF722FB2F
:101880006E4B6F4AE16DCDE92323E265226E23663C
:10189000543431AB34923391CDE91E5594E80300B2
:1018A00083E803001EAB93E8030084E8030031A83B
:1018B000CDE92155FFF706FB21A8FFF703FB16F042
:1018C000C7FE02465F496048604B086060481A6086
:1018D0001BF0EAFC5F4960481BF076FC5F481BF098
:1018E000E3FC5F4B5F4A19785F4B6048A9420CBF2D
:1018F000114619461BF068FC5D4A5E4B11785E4844
:10190000A94208BF1A4611461BF05EFC5B4B1B78D0
:10191000002B00F0C4855A481BF0C6FC504B1B78C6
:10192000002B00F0A985574B119357481BF0BCFCC6
:10193000032156481BF048FC554804F0B7FF00232C
:10194000544A554E1060554AB346554FDFF8CCA067
:1019500013600F962BBB01F067FA0028C0F262817A
:101960000124504B50481C701BF09EFC3C494F4AD0
:101970004F4B09784F4800290CBF114619461BF000
:1019800023FC464B42481C6004F090FF4A4B1C70FD
:101990004A4B1860012016F001FB404B1B68002BDE
:1019A000D9D0082B00F0F882092B00F0D282002554
:1019B0001B4B0F9ED3F80480CDF84080002002F02E
:1019C0002BF9002800F0BA80002002F033F900283B
:1019D00000F0B480402D00F0B180394B186820B180
:1019E00007F0CCFE032800F00A8196F820000135AC
:1019F000031D082B40F2BE800E9535462A68120F53
:101A00000C2A00F2A180DFE802F05D5D5D8E8E9F02
:101A10005D5D8E8E8E9D9D0000ED00E0B016002075
:101A2000001000E0E508000069060000C1050000A4
:101A3000F1070000D5050000C5080000DD05000025
:101A4000B1080000B4650020E5050000BC1B0020C3
:101A5000340302009CFF01006403020074030200CF
:101A6000A5160020140202000C02020090030200DE
:101A7000F0150020A4FA0100A00302004400002099
:101A8000B0030200E415002010040200400402002C
:101A900000010004EC15002088100020A81600208A
:101AA000EC1000209C160020B0040200200202006E
:101AB0001C020200D8040200101600201416002098
:101AC000AC160020012605EB8604D9465D464FEA98
:101AD000860859F8041B504619F060F94C45F8D1B6
:101AE000DBF80010090F0F2909D0574B186818B1FF
:101AF00007F044FE032831D0396A013139629BF87E
:101B00002040B44222D95149D8440B1D03EB840C28
:101B100058F8043BC44541F8043FF9D1A41BE0B296
:101B20008BF820006AE70226B042CCD200202E4675
:101B30000E9D02F071F800287FF446AFDDF840807A
:101B40000F96A3E00326EFE70426EDE74FF000022F
:101B50003F4B2E4683F820200E9D2FE73A4B32460E
:101B60003B49186807F0BAFD002879D0B9690131FE
:101B7000B961C4E70422002031A902F003FA10F091
:101B8000FF0205D196F8200000283FF417AF33E795
:101B90007968319B01317960B9681B0F1144023BB0
:101BA000B9600D2B0BD8DFE803F0220722070A0AE1
:101BB0000A0A0A0A0A0A0A263B6901333B6196F8B7
:101BC000200081180829DFD831AB03EB820294464C
:101BD00053F8042B46F82020634500F10100C0B201
:101BE000F6D1C8B20E9586F82000354606E7FB68A8
:101BF0000133FB60E3E77B6901337B61DFE7124B75
:101C0000186807F0ABFD00287FF4EFAE02F012F881
:101C100000283FF4EAAE7B6ADDF8408001330F967E
:101C20007B6233E00B4804F041FE40F6B7320A4BCA
:101C30001B68C31A93427FF6ADAE08481BF034FB15
:101C4000FFF706FAA6E600BFAC16002084100020BD
:101C50008810002000010004EC150020FC040200A4
:101C6000F969A14B0131F9611968814631449F48F6
:101C700019600F95DDF840800E9D04F017FE9C4B17
:101C80001968411AB1F57A7F80F0208299499A4B00
:101C90008A685B681344A3EB08038B60BB6BAB42A1
:101CA0007B6B38BFBD6301337B63FEF767FC924BF0
:101CB000904A5B681361914B93F80080B8F1000F74
:101CC00040F04381894804F0F1FD8D4B1A68821A77
:101CD000B2F57A7FC0F0398118608A4D8A4B21AC09
:101CE000D3F834900FCD0FC40FCD0FC40FCD0FC458
:101CF00095E8070084E807003C22834921A8CDF835
:101D0000B8901BF0D9FA002800F01C81794B1C69AF
:101D10007E4B1B69E41A40F035837B6B7C4AA3EB56
:101D200009030B93BB6B794C0C93D2F81C32714DA9
:101D30000A93D2F8183209933B6808933B6B0793D8
:101D4000FB6A0693BB6A05937B6A04933B6A039321
:101D5000FB6902930FCD0FC42B686E482360BB69EB
:101D600001937B690093D7E9032379681BF02CFA70
:101D7000694B1B78002B40F0FD82684BD3F800C004
:101D8000BCF1000F36D0614631A807F0D5FCDDE983
:101D90003112DDE9333441EA0200389D1843DDF8A1
:101DA000E4C02043DDF8E8E02843DDF8EC8040EAB9
:101DB0000C0040EA0E0050EA080007D0CDE903E825
:101DC000CDE9015C564800941BF0FEF947F2305310
:101DD00004934E9B41990393469B52480293459B23
:101DE0000193449B0093DDE942231BF0EDF94B4B3B
:101DF000D3F800C0444C434D0FCD0FC40FCD0FC4DA
:101E00000FCD0FC495E8070084E80700BCF1000F70
:101E100032D0384B384C60465E68D4F80480BD6AD6
:101E200007F0D4F8D4F80490FEF700FC314863685A
:101E300002681344A3EB08030360BB6AAB420BD0F8
:101E4000394CA9EB080221688A4205D95B1BA360C3
:101E5000436822609B1B6360304B186807F08EFC60
:101E6000324B1A7842B138B9314B1B7823B9314B18
:101E70001B680C2B00F041832F4B1B7853B11B4880
:101E800004F014FD4EF65F222C4B1B68C31A9342DC
:101E900000F2268100F0C8FF0346002B1EDB254A16
:101EA00012680C2A00F05A81002223490D2B0A7077
:101EB00022490A6000F045810A2B00F04281082B7C
:101EC00000F033817F2B00F03081A3F120025E2AE5
:101ED00004D81B4A12687E2A40F30783012200209F
:101EE000114616F0C9FC58E52C1100200001000431
:101EF0002811002074100020001000E000000020D5
:101F0000AC100020EC100020B01000206010002069
:101F100000010104840702001C100020AC16002000
:101F20005C080200C4080200501B0020A516002017
:101F3000A4160020A8160020101600201416002059
:101F4000181600207B6BBB4A5363BB4BD3F800C011
:101F50005CE7BA4B1B78002B3FF429AD9424B849B9
:101F6000224631A81BF085FAB64831A904F060FE7C
:101F700020B1B54B1868072840F39F82B34804F09E
:101F800095FCB34B1B68C31AB3F57A6FFFF40FAD22
:101F90000020FFF78FF90AE513F056F9AD4B1868EA
:101FA0000CF07AFF8146002800F029824FF00008EB
:101FB000A84BA94A1B68127893F84D5005F001040C
:101FC000002A45D0002C00F01582B9F1000F3ED058
:101FD0005B681C9313F056F91CA80DF00BFE9E4B8A
:101FE00001461B78002B00F003829C4A9C4BB8F101
:101FF000000F18BF1A469B481BF0E6F89A4B1B7857
:10200000002B40F05B81994B1B7823B9119B9B8877
:10201000002B40F01F8200238B4A04211360012310
:10202000864A934813701BF0CFF892481BF03CF996
:10203000844804F0DBFE002800F03B82834804F073
:1020400035FC834B8C4A186009231360A2E4444694
:102050005B681C9313F016F9002CBDD17B4804F08B
:1020600025FC41F28732854B04461E461B68C31A85
:10207000934210D9824B784A15F0040F10788149A9
:10208000814A18BF1946754B002818BF1A467F4869
:102090001BF09AF83460704B1B78002B3FF47AAC3D
:1020A00047F22F527A4B1B68E31A93427FF672ACC9
:1020B000784B1B78002B00F0D281754B1C6013F01D
:1020C000C3F800F0D1FD13F0DDF863E41860724B43
:1020D00072481C4619681BF077F8C4F80090D5E5E3
:1020E00000236F4A1370644B1B68013B082B3FF6BB
:1020F000F5AE01A252F823F02F24000021240000A5
:10210000132400001D2100001D2100001D210000DE
:102110001D210000DD1E00003D24000061481BF071
:10212000C3F86148FFF7B8F9D8E6604B1B68002B8D
:102130007FF7D4AE5D4A013B5D4813601BF044F865
:10214000CCE60024594D5B4A2B685B48D4541BF005
:10215000ABF85848FFF7A0F92C60BFE61B2B00F046
:102160002984433B2E2B3FF6B9AE2E2B3FF6B6AE5D
:1021700001A252F823F000BF81290000DD1E0000FB
:10218000DD1E0000DD1E0000DD1E00006D260000CB
:10219000DD1E0000DD1E0000DD1E00005B250000CE
:1021A000DD1E0000DD1E0000DD1E0000DD1E000043
:1021B0003F250000DD1E0000DD1E0000DD1E0000CA
:1021C000DD1E0000DD1E0000DD1E0000DD1E000023
:1021D000DD1E0000DD1E0000DD1E0000DD1E000013
:1021E000DD1E0000DD1E0000DD1E0000DD1E000003
:1021F000DD1E0000DD1E000081290000DD1E000044
:10220000DD1E0000DD1E0000DD1E00006D2600004A
:10221000DD1E0000DD1E0000DD1E00005B2500004D
:10222000DD1E0000DD1E0000DD1E0000DD1E0000C2
:102230003F250000B0100020AC1600203011002017
:10224000342F020048000020381100200001000453
:1022500034110020C40801204400002024020200A0
:102260003402020028050200A51600209C1600205A
:102270005C050200A4050200A81600200408002046
:10228000480202004C0202005402020060060200F2
:102290000C080020080800202C110020EC06020089
:1022A000101600208009020080FE01001816002090
:1022B000340E02001C160020F8FA0100FFF742F865
:1022C0000123AF4A21A81370AE4BAE4A1978AE4B2A
:1022D000002918BF13464021AC4A1AF08BFD8C220E
:1022E000AB4931A81BF0C5F8612221A931A81BF028
:1022F00027F82922A7490DF593701BF021F8A64B6A
:1023000093E807001EAB83E807000420FEF76CF893
:102310000446A2491EAB31AA06F0D6FCA04841F201
:102320008C31A04A00230460204606F091FD12F093
:102330008BFF9D4B1B685B681D9312F0A3FF1DA8CC
:102340000DF058FC41F28C32014698481AF03CFFDF
:1023500097481AF0A9FF914804F0A8FA0C22954B6F
:102360009549186000230A60944A1360944A1370D8
:10237000FFF710BB934B94481A68944B19681AF0F6
:1023800023FFFAE46425924A924B164698689368B4
:102390002246C01AA0FB050143461AF00FFA8D4BE6
:1023A0008146586873682246C01AA0FB050143465F
:1023B0001AF004FA874A4346804610683268864E0F
:1023C000801AA0FB0501854D22461AF0F7F92D6809
:1023D0004B46A6FB05C5AD09B4FBF5F401464246E4
:1023E0007F4800941AF0F0FE7E4BD3F8349094E4CA
:1023F0007D4A00E65B681C9312F044FF2EE66A4BB0
:1024000018680BF033FAB0F1000818BF4FF001085C
:10241000CEE576481AF048FF7548FFF73DF85DE5D0
:1024200074481AF041FF7448FFF736F856E57348D0
:102430001AF03AFF7248FFF72FF84FE5714B1B680F
:10244000002B40F3D88270481AF02EFF6F48FFF738
:1024500023F843E56E48FEF7B7FFFFF79BBA012369
:102460006C4A6D4813701AF01FFF12F0EDFE00F079
:1024700007FC12F007FF20E6654B11939B88002BA9
:102480003FF453AA65481AF09FFE119C2068FEF79E
:10249000BBF8A18862481AF097FEFFF746BA614B75
:1024A000614A00936149624B62481AF08DFEFFF762
:1024B00035BA61481AF0F8FEC0E5604B451C04FBD4
:1024C0000030504B224631A91D601AF0D2FF294638
:1024D00033AA5B481AF078FE3198FEF795F8BDF8FC
:1024E000C8104F481AF070FE48E535498B54334BFD
:1024F00001321A601AF07AFEF0E4284804F0D6F9A6
:102500002C4B04461B68C31AB3F57A6FFFF4B4ACC6
:1025100012F09AFE244B1B685B68319312F0B2FEF6
:1025200031A80DF067FB474B0146D3F8183241F252
:102530008C3245481AF048FE1E4B1C609CE4434A0E
:1025400043491378434883F001031370424A002B38
:1025500018BF11461AF038FEC0E400223F49404837
:102560000B7883F001030B703E49934208BF01468C
:10257000144B3D481A60154B1A601AF025FEADE465
:10258000A5160020F0150020A4FA0100380502006D
:102590009C2E02009CFF0100282F02000001000475
:1025A000AC16002048000020C408012040050200AD
:1025B000B4FF0100A0160020A81600201816002065
:1025C0001C160020141000203808020018100020EB
:1025D0006010002074100020D34D621060070020AE
:1025E00030070200B01000202C0202007409020023
:1025F000C01502005409020080FE010068090200B3
:102600001C0202003811002098090200B0FF0100EE
:10261000E41500200808002084060200FC030200E4
:1026200008040200040000202400002034000020E0
:1026300014000020D0030200180602003C11002004
:10264000E0060200000101042C0902000000002045
:1026500000030200140E0200D40202001C1000202D
:102660009802020064020200CC090200A54DA648AF
:102670001AF01AFEFDF782FFEA68A4491646A44B39
:102680001892A44CCA68A448964218BF1C46A34A94
:10269000D2F870311E68D2F880311A961B681293F6
:1026A0006B681D461693D3680E93D2F8A43110932D
:1026B000D2F8FC30D2F80421139314920A46984BB6
:1026C000D3F81C3215934B68A5EB030CCB6A159D10
:1026D000EB1A08938B6A1499139DCB1A0793536ACC
:1026E000EB1A0693136A1299CB1A0593D36985499D
:1026F000F31A04939369109EF31A039313465569D2
:102700000E9E864AD1F800905268751B8E68196932
:102710001992511A1A689B68CDE901450025F31AF0
:10272000A9EB0202CDF800C017961AF04DFD31AAB0
:1027300010217C48319515F019FF04467A4B319AE7
:102740001B687A48D31A1E461B931AF03DFD002CD5
:1027500000F056815EB3DFF8CC810F9E744B1B688E
:102760007BB10022D8F80000724903E001329342A5
:1027700000F0048151F804CB8445F7D16E4B53F837
:102780002230D8F818001B9AC01A6423A0FB03015A
:1027900000231AF013F801350246D8F804106748F0
:1027A0001AF012FDAC4208F12408D7D10F96644804
:1027B0001AF07AFD5F4A5B4B5F490F9E02EB84057E
:1027C0001868243342F8040B53F80C0C954241F876
:1027D000040BF5D10F96524A554B53491C60D2F861
:1027E000443200240493D2F8403256480393D2F87E
:1027F0003C32554D0293D2F838320193D2F834323C
:102800000093319B0B601146D2F83032D1F8281278
:10281000D2F82C221AF0D8FC4C4B4D4A1B68296880
:10282000A2FB03239A0C6B68B1FBF2F1B3FBF2F34A
:102830004848AA681AF0C8FC214620224648C5E943
:102840000044AC601AF062FD444A45481146D36921
:102850000493936903935369029313690193D368B3
:1028600000939368096852681AF0AEFC2146202252
:102870003A481AF04BFD16F06FFD044616F072FD53
:102880004FF400330246214636481AF09DFC1F4B98
:10289000169AC3F800905A60179A33489A60189AAB
:1028A000DA60199A1A610E9A5A61109A9A611A9A04
:1028B000DA61129A1A62139A5A62149A9A62159AF3
:1028C000DA622A4B1A682A4B19681AF07DFC294BE8
:1028D000196800293FF402AB31A806F02DFF499B8F
:1028E000319904933A9B24480393399B0293389B74
:1028F0000193349B0093DDE932231AF065FCFFF766
:10290000EDBA00BF8C1B0020EC0902005C1B00200C
:10291000B402020080FE0100140A0200D80801205F
:1029200000010104101900208C180020FC0A02008C
:1029300088180020D018002090180020180B0200E2
:10294000F8FA0100240B0200501B00206007002051
:1029500083DE1B43B80B020028030104001C002087
:10296000080C02009C0C0200E40C02001410002071
:1029700018100020AC160020200D0200002300E7F4
:102980003B68214808933B6B0793FB6A0693BB6A3D
:1029900005937B6A04933B6A0393FB690293BB69CB
:1029A00001937B6900937968D7E903231AF00CFC43
:1029B000FFF794BA012415481AF076FCFEF7C2FC22
:1029C000134B14481C701AF06FFC1349134A144B34
:1029D0000978144800290CBF114619461AF0F4FB77
:1029E000114B12481C6003F061FF114B1C70114B1E
:1029F0001860FFF773BA1048FEF74EFDFFF76EBA86
:102A00000E481AF051FCE6E6940D0200A4090200FB
:102A10009C160020B0040200A5160020200202002F
:102A20001C020200D8040200A816002000010004C5
:102A3000101600201416002080FE0100F8FA010094
:102A4000104A30B4104B114C114D1268A3FB0232E6
:102A50006B6825682360A3EB050C0023920CBCFB7C
:102A6000F2FC0C4A52F8044F644502D80133072B9C
:102A7000F8D1094C54F82320013244F8232030BC0B
:102A800007F0B6B96007002083DE1B43FC1B002063
:102A9000001000E0C42F0200001C00208C4600B58E
:102AA000864613467146624602485DF804EB02F022
:102AB0000BBC00BF000010408C4600B58646134694
:102AC0007146624602485DF804EB02F01DBC00BF8F
:102AD0000000104010B54FF480534FF08044C4F80C
:102AE000203201F0A3FD01F09FFD01F027FD41F22E
:102AF000D40001F007FE0423C4F82832C4F80831DA
:102B0000D4F8083123F00403C4F8083102F038F88F
:102B100001460A4802F0AAFB00230949022209687B
:102B2000886819461AF0B2F84022064B83F88B23C6
:102B300083F88C2383F88D2310BD00BF0000104064
:102B40009807002000E100E070B59AB0044609AE95
:102B5000002836D0384D394A394B6A60394A00214D
:102B60002A60184620221AF0D1FB0346364A8560B7
:102B7000C260364A051F40F8042C354A426020687E
:102B80001861A3882B836079A378627821780290FA
:102B900020790190E07800902E481AF015FB002271
:102BA0002D492E4B0992CDE901313246334631464B
:102BB00000952B480DF01CFC29480DF0C9FC1AB0FB
:102BC00070BD0146442230461AF0A0FB304603F0A7
:102BD00035FB18B9304603F037FB08B1214CB9E793
:102BE000304605A903F036FB0028F7D19DF81900FF
:102BF0009DF815109DF818309DF8142041409DF85F
:102C00001C509DF81D005A409DF8204041406A40EC
:102C1000144862409DF81630C2709DF81A20534047
:102C20009DF81E2053409DF82220534043719DF88B
:102C300021304B400371D1E7E81B0020B92A000086
:102C4000C81B00209D2A000080F0FA02F01B002023
:102C500064340200800E0200412A000099580100ED
:102C6000201C00202007002010B5044C20460DF049
:102C700079FC2046BDE810400BF052BF201C00201C
:102C800001480AF059BD00BF201C002070B586B075
:102C90000C4601A915461E460CF0ACFE10B90020EA
:102CA00006B070BD204602A90CF0A4FE0028F6D0A4
:102CB000284603A90CF09EFE0028F0D00D4803AB77
:102CC00002AA01A90DF006FB0A480DF04BFC0EB15B
:102CD00033780BB90120E3E7304604A90CF08AFEF3
:102CE0000028F7D0049B002005A905930AF08AFB71
:102CF000F0E700BF201C00200649074AD1F8FC304D
:102D000043F08073C1F8FC30136843F00103136093
:102D1000704700BF00ED00E0001000E0014B586874
:102D2000C0097047001000E038B54FF4A063374A7F
:102D3000C2F82431D2F8003123F00103C2F8003187
:102D4000D2F8003143F4616343F00C03C2F8003160
:102D50001369D807FCD42E4AD2F80038D9070BD40F
:102D60002C4B9360D2F8003843F00103C2F80038CE
:102D7000D2F80038002BFBDA4FF080411420D1F854
:102D80002832234A43F44033C1F82832D2F80831BC
:102D900023F03403C2F80831C2F80801D2F8003138
:102DA00043F00103C2F80031D2F80031DB01FBD55A
:102DB0004FF080434FF400344FF48035D3F8182A95
:102DC000154942F02202C3F8182A0020C3F82852FD
:102DD000C3F8284201F0E0FE01F03AFF1F22002470
:102DE0004FF0400C0D4B0E49C3F830211A6B0D48C3
:102DF00042F440421A631C601A6922F00F1222F456
:102E000070621143196180F843C338BD005004401B
:102E10000040044001005A5A00366E0100A01040E4
:102E20000407070000E100E008B5124802F0B4FF13
:102E300010F4602F14D10F4AD36A13F0706F15D0BD
:102E40009369190507D440F612010B40022B02D0FA
:102E5000D069C0B208BD074BD86900F07F0008BD3B
:102E60004FF46021034802F0B3FFE4E74FF0FF3076
:102E700008BD00BF00400B402DE9F843171E14DDCC
:102E80000E464D1EDFF8449005EB07080E4C01E09E
:102E9000013C0DD00D4802F07FFF0302F8D515F874
:102EA000013F4545C9F81C30F0D13846BDE8F883EC
:102EB000074AC6F1010311682B44FB1A0B4438463C
:102EC0001360BDE8F88300BF400D030000400B40D5
:102ED000C01B00200121084616F07EBA0D460446AC
:102EE00008B519F02FFA2A462146024803F016FCCD
:102EF000FEE700BFB00E020008B5024803F00EFC6A
:102F0000FEE700BFC80E020008B5024803F006FC49
:102F1000FEE700BFE80E020000487047B430020030
:102F2000004870471030020000487047A830020087
:102F300038B548B940F209434FF4417C174D6B80D6
:102F40001648A5F800C038BD072825D8144B134DE6
:102F500053F8204020461AF099FAC0B21F2886463E
:102F600028BF4FF01F0E0EF1010C5FFA8CFC4FEAE8
:102F70004C0C4CF4407C0028E2D02A460023601E12
:102F8000013310F8011FDBB29E4522F8021FF7D86B
:102F90000248A5F800C0D6E7002038BD7C1C002000
:102FA0002807002042F20162B1F802C0944501D026
:102FB000002070478A8808B5D2B2012ACB8806D192
:102FC000044A2C2B28BF2C23126817F0C1FA0120C9
:102FD00008BD00BF480700200120704770B500F50C
:102FE000AC750446284616F02BFB08B9002070BDCE
:102FF0000120617817F0F8F90028F7D004F58A4627
:10300000703628464FF40072314616F03BFB0546F9
:1030100070B1034632460120617817F009FA60B9B1
:103020004FF0E023D3F8F03DDB07DFD500BEDDE74E
:103030006178012017F0EAF9D8E7284670BD00BF93
:1030400030B50025164C83B044F27472002120463E
:103050001AF05CF904F5B67101234FF40072009583
:1030600004F5A27016F0B8FA4FF4804204F55B71D3
:103070000123009504F5AC7016F0AEFA04F5804318
:10308000012083F8705714F095F903460120C4E934
:10309000545314F08FF9C4E9590503B030BD00BF93
:1030A000E41C002010B5134C4FF4A27200212046FE
:1030B0001AF02CF904F5A27016F0E4FB04F5AC70DC
:1030C00016F0E0FB002204F12403C4F80320C4F846
:1030D0000720C4F80B20C4F80F2004F5AA7103F8E8
:1030E000112C23F8132B8B42F9D1034B83F8702753
:1030F00010BD00BFE41C0020E45C0020012901D0C9
:1031000001207047F8B5204E938814463278DBB220
:103110009A4225D163780546062B1CD00B2B1FD174
:10312000638806F5804706F5A27087F8703716F0B9
:10313000A9FB06F5AC7016F0A5FB144B2BB1A088CB
:1031400097F87017C0B2AFF300802146284617F0F9
:10315000E5F90120F8BD42F2016362889A4201D08C
:103160000020F8BD0A4B23B12146FFF71BFF0028C2
:10317000EFD1E3882146122B28BF12232846054AA7
:1031800017F0E6F9E5E700BFE41C002000000000AE
:10319000A52F00004C07002070B500F5A27504466D
:1031A000284616F05DFAB0F5007F00D270BD012010
:1031B000A17817F019F90028F8D0284616F050FA2F
:1031C000B0F5007F0AD304F58642A1784FF400736E
:1031D000BDE870400120703217F02AB9A1780120B3
:1031E000BDE8704017F012B92DE9F0434B7983B078
:1031F000012B04D00025284603B0BDE8F0838B796D
:10320000012BF7D1CB79002BF4D10D7807464C195F
:10321000617824290BD1954202D9EBE7AA42E9D380
:1032200023781C4461782B4424299DB2F6D00429CC
:10323000E0D16379012BDDD1A379032BDAD1E379D6
:10324000002BD7D1DFF8548198F8011098F802309C
:1032500039B14FF0E023D3F8F03DDB07CAD500BE0B
:10326000C8E7002BF5D1A17888F8001026782179DD
:103270003544ADB2264441B3AA4228BF994608D28C
:1032800081E0337849451D441E44ADB21DD9AA42A0
:1032900079D37378052BF4D131463846019217F073
:1032A00081F8019A0028D4D0B378D90914BF88F8DE
:1032B000013088F8023009F101035FFA83F93378AD
:1032C00021791D441E44ADB2DBE77178242908D171
:1032D000AA424AD333781E4471782B4424299DB2E4
:1032E000F6D0042941D1AA423FD3A478B378A342AF
:1032F0003BD1317837790D4431444878ADB2242838
:1033000007D044E00B7819444E782B44242E9DB20C
:103310002FD1AA42F6D2002F3ED0AA4225D30E4684
:10332000002101E0AA422BD3052805D133780131D1
:103330001D44ADB21E44C9B23378B9421D441E4487
:103340007078ADB2EED324280BD1954202D90CE0AF
:10335000AA420AD333781E4470782B4424289DB2A5
:10336000F6D0042801D19542C0D90C48FFF714FFCC
:1033700041E730460E46002FF3D0AA42D0D2F0E704
:103380002428EED1F1E771782429AAD1EDE70FB115
:10339000AA42C4D20E46E4E70E46D6E7E41C00205B
:1033A00070B5204C1D46A27894F801C08A420AD01C
:1033B0008C4518D04FF0E023D3F8F03DDB0700D563
:1033C00000BE002070BD9AB2174904F5A27016F035
:1033D000ABF9164B13B10020FDF77EFD1148FFF746
:1033E000DBFE012070BD06462046FFF7F7FD0028F2
:1033F000F7D104F5AC7016F023F90028F1D1002DB7
:10340000EFD0C5F30805002DEBD13046617816F0FA
:10341000EBFF0028E5D02B462A463046617817F0AE
:1034200007F8DEE7E41C002054600020D90E0000FD
:103430002DE9F04F44F27474894604FB00F19BB00F
:103440000990BE489B4643189E7801920391002E36
:1034500000F03C81002A00F0C88303F58E437033EE
:10346000049301F5AC73C31800265D46079320E072
:10347000BCF1400F00F04E8100F24081BCF1200F02
:1034800000F0778200F2DD81012201998BF80020A3
:10349000B14240F31681BCF1100F00F08F81012280
:1034A0000023A74C324496B22370019B9E4280F0C9
:1034B0000881049B1B78012B00F00C810023DFF8AE
:1034C00084B28BF8003059F8263005B11BBA03F0EE
:1034D000F00CBCF1900FCBF80430D8B200F01A8198
:1034E000C6D9BCF1C00F09D000F21781BCF1A00F02
:1034F00000F01081BCF1B00F40F0168103273A466E
:1035000001998BF80020891BB942C0F2DA80374458
:10351000711CDFF834E209EB870709EB810151F8F0
:10352000044B05B124BAB9424EF8044FF7D1BCF1AF
:10353000300F00F00F0040F00B814FF0000CC3F390
:10354000072303F0F0027E4C102A03F00F0384F8E7
:1035500000C000F03582302A00F02882002A40F0B6
:103560008D81F02744F2747C4FF0010A09998DF89F
:10357000287000EBC00700EB47070CFB0177DFF872
:10358000CC8107F1200CA8F104010F4428F80C208D
:103590004FEAC00E87F813A0002B00F012834FF003
:1035A000090C2CFA02FC01220CF0010C00210F2A5C
:1035B0000BD88F1C5BFA87F797F8048002F1680735
:1035C0006F44013207F8408CD2B20131CFB29F4232
:1035D000EDD3BCF1000F02D00F2A40F2BF81039B54
:1035E0000EEB000800EB48089844544B0AA9984495
:1035F00098F825300A4411F801CB08EB03078A42FA
:1036000003F1010387F814C003F00F03F3D188F826
:10361000253003990EEB000200EB42020A444749B1
:103620000A4492F824209A4280F090819A1AD1B2EA
:103630000022039B0EEB000700EB47071F443F4BA4
:1036400090461F44030143F0040CCDF820C084468B
:103650000593CDF818E004EB82030229C3F8048037
:1036600040F22681531CDBB204EB8303184697F823
:10367000242003F1030E0291B918097D013200F8EC
:10368000011F864502F00F02F6D1029987F8242027
:103690000339C9B2BAF1000F00F04481002940F0AB
:1036A0004E81059A42F0070C83F800C0227801325F
:1036B000D2B22270002A40F0D780019B9E42FFF4D4
:1036C000F8AE03981D4B1844FFF788FC30461BB03A
:1036D000BDE8F08FDDF81CB0584615F0C1FF019B26
:1036E000C0F38F069E4228BF1E46002D7BD1B2003C
:1036F0004946079892B216F017F8D6E6BCF1600F6B
:1037000000F0978013D9BCF1700F00F09280BCF1EB
:10371000800F09D102273A46F2E6BCF1E00F09D04A
:1037200000F0D002D02A05D00136B6B2BDE6BCF119
:10373000500FF9D104273A46E2E600BFE41C00200E
:10374000BC1C0020D01C0020D41C0020E81C002041
:10375000BCF1400F7FF4A4AE9BF808109BF809A0C1
:103760000291029CC3F3033C8901ACF102074FEACA
:10377000540EC3F3032841EA9A040C2F3FF690AE8F
:103780000FF2040A5AF827F0013A0000013A00004B
:10379000A1340000A1340000A1340000A1340000D5
:1037A0009F3B0000973A0000C93A0000D53A00005C
:1037B000F13A00005D3B0000773B0000C84C00F090
:1037C0000F002270C3F30722F13AC3F307210E2A38
:1037D00064D8DFE802F05B5F5B3D3D3D633D3D3D0E
:1037E0003D3D3D3D3D00002E3FF463AE102EB24600
:1037F000344628BF4FF0100A002704E0102CA246E0
:1038000028BF4FF0100A4FEA8A0809EB87014246A9
:103810000AA8A4EB0A0419F02CFE574458461FFAD4
:1038200088F20AA9A4B215F07FFFBFB2002CE5D13F
:103830003BE601238BF80030019BB3423FF72FAEEC
:103840003FE7BCF1300F7FF46FAF02273A4657E6EF
:10385000000140F005022271C3F30742C3F307637E
:103860006171A271E37101229BF800300798334423
:103870009C4992009EB215F057FF16E6002B00F00F
:10388000A381E24662464FEAC00E8FE6000140F097
:103890000202E0E7000140F00302DCE700222270B0
:1038A000C3F30742C3F307636171A271E371FCE5DF
:1038B000DDF818E0BAF1000F3FF4FCAE0132D2B2ED
:1038C00004EB820217460EEB0C030CEB4300039B48
:1038D0001844854B184490F8243000EB030C9CF8F6
:1038E00014C001330129B84603F00F0307F801CFD4
:1038F00001D00121F1E780F82430C2F101034344F3
:10390000DBB2012B059B0CBF43F0050C43F0060C0A
:1039100082F800C022780132D2B22270002A3FF42D
:10392000CCAEA1E7089A1A7022780132D2B2227086
:1039300000293FF4BFAE032A7FF68DAE94E7089AC4
:103940001A7022780132D2B22270F4E7C2F110026A
:10395000134413F0FF017FF46BAEA6E5531C114630
:10396000DAB201F168030DEB0301F72301F8403CE3
:1039700035E60127019A8BF80070B2427FF7A1AEBD
:103980000022C3F3033141EA001161F30702C3F3DC
:10399000072161F30F22C3F30741514C61F3174232
:1039A0001B0E63F31F62277062605CE7002B00F060
:1039B0001E8162464FF0010C4FEAC00EE246F5E56B
:1039C000F02144F27477099A8DF8281000EBC001B9
:1039D00000EB410107FB0211DFF8108101F1200724
:1039E000A8F1040211444FF0010228F807C04FEA81
:1039F000C00ECA74002B00F0E180E2460122CEE541
:103A00000027BCF1020F4FEAD41148F0B00C4FEA86
:103A1000001204F07F083846314C14BF4FF0620E9C
:103A20004FF0640EE1734FF0060142F00B0262F3B7
:103A3000070014BF4FF0630A4FF0650A6CF30F20C4
:103A400062F3070722732274A173C3F306424FF097
:103A50002601C3F306636EF3174063F31F6004236C
:103A60006CF30F276AF3174762F31F6784F813801C
:103A700084F80DC084F811C0A1746760A060079835
:103A8000237015F0EDFD2278B0EB820FBFF412AE7B
:103A90000023237015E6BEF1010F38BF4FF0010E71
:103AA000010141F0090168F06F00002261F3070293
:103AB000C3F3064360F30F22094C63F317426EF31E
:103AC0001F6262600123DAE7010141F00A0168F038
:103AD0005F00EAE7010141F00B0168F04F00E4E705
:103AE000BC1C0020C01C0020E41C0020E81C00209E
:103AF000DB014FEA001058D54FF0000C20219BF855
:103B00000B303E4C03F07F03E37240F00B03237154
:103B1000237248F0B00384F806C0A1726371637227
:103B20000B2103234FF00A0C4FF0090E9BF80A20DB
:103B300004F10C0A02F07F02E271221D40F00C0039
:103B40008AF8000068F03F0002F80E00029800F0CA
:103B50007F07002002F80C70505490E70022274C99
:103B6000030143F00D0368F02F012371617184F8A4
:103B700006E0E271A6E70023020142F00E0268F0BF
:103B80001F0062F3070304F07F0860F30F23E109CD
:103B900068F31743194C61F31F63636092E70101F7
:103BA00041F0080168F07F007FE70123144A0321F8
:103BB0004FF0020C92469E46141FBFE79A46012220
:103BC0000DE551460222CCE644F274729A460999F8
:103BD00000EBC00300EB430302FB0133094A4FEA49
:103BE000C00E134493F8253013E5019E69E50122C8
:103BF000194692464FEAC00EB3E600BFBC1C002037
:103C0000C01C0020E41C00200346012201481A7059
:103C1000704700BFC830020044F27472044B02FBCC
:103C20000033587818B19878003818BF01207047D1
:103C3000E41C002044F2747208B5044B02FB00300F
:103C400015F0FEFCC0F38F0008BD00BF281E002049
:103C500044F2747208B5044B02FB003015F000FD0D
:103C6000C0F38F0008BD00BF3C1E00200123FFF7FA
:103C7000DFBB00BF30B583B00190A8B3A1B39AB346
:103C80004FF0000C9DF8043082F800C0180903F0D2
:103C90000F030F2B00F0A680023B0C2B24D8DFE88B
:103CA00003F025253A195A78070707070707070081
:103CB0004FF0000C012340F0200010719DF80540EA
:103CC000BDF8060081F800C05471D0801370012047
:103CD00003B030BD9DF905409DF80530002CC0F2C1
:103CE000B88040F0300010710020F1E7002301217E
:103CF0009DF805C040F010009DF8064060F30703F2
:103D000011706CF30F239DF8071064F3174361F3F0
:103D10001F635360DBE70B78002B00F08F802321BB
:103D200001235171022140F03000107102F10B0C9F
:103D300002F8051B032B03F1080169448CBF002125
:103D400011F8041C03F1010002F8011F98BFC3B26F
:103D50006245EFD1BBE740F0300010710B78002BCB
:103D600063D14FF0010E53710025022301209DF80D
:103D7000054002F10B0C0D7002F8053B864594BF1F
:103D80000023234602F8013F88BF02209445F5D165
:103D90009DE740F0300010710B78002B3DD19DF86D
:103DA0000530F02BA0D19DF80730F72B9CD10120D6
:103DB000022350710025022002F10B040D7002F85D
:103DC000050B022B03F1080169448CBF002111F897
:103DD000041C03F1010002F8011F98BFC3B2944212
:103DE000EFD174E79DF905109DF805306145BFF6E8
:103DF0007BAFF62B0ED903F10801C9B207293FF6B4
:103E000073AF0024012140F0100010715371D48071
:103E100011705CE7F32BF4D866E79DF80730F72BB9
:103E20007FF462AF32200123C3E79DF80630F72B01
:103E30007FF45AAF31234FF0020E94E79DF805301E
:103E4000F02B7FF451AF12250124557102230C7021
:103E500068E7F72BD5D140F0300010710B78002BBC
:103E60003FF442AF00233024022054710B701070D5
:103E7000D38093602BE700BF2DE9F04F44F27474B8
:103E800004FB00F8DFF8F8A099460AEB08039C78D9
:103E900089B0002C70D0164644F270729C5C0D46BE
:103EA000002C4DD1002E62D008F5A277B3465744BE
:103EB00004E0A6EB040BBBF1000F59DD02223846EB
:103EC00001A915F00FFC022852D19DF804C00CF096
:103ED0000F0CACF1040CBCF1030F02D8BBF1010FC5
:103EE00046D00422384602A915F0CCFB04283FD165
:103EF00002980028DDD09DF8081003AA08EB1111E4
:103F000003315144FFF7B6FE0028D2D09DF80C30A3
:103F1000002BCED003EB040C03AA1FFA8CF000E0B8
:103F20001C46631C52F8041F9BB2B9F1000F00D06D
:103F300009BA834245F82410F2D11FFA8CF4B8E78D
:103F4000AEB108F5A277002457440D1F05E0039A8F
:103F50009CB2A64245F8042F09D00422384603A992
:103F600015F090FB042804F10103F0D026463446F6
:103F70000AEB0800FFF710F9204609B0BDE8F08F02
:103F8000E41C00200123FFF777BF00BF08B5FCF752
:103F9000CBF908BD08B5FCF7C7F908BD08B5FCF7B3
:103FA000C3F908BD08B5FCF7BFF908BD08B5FCF7B3
:103FB000BBF908BD08B5FCF7B7F908BD08B5FCF7B3
:103FC000B3F908BD08B5FCF7AFF908BD08B5FCF7B3
:103FD000ABF908BD08B5FCF7A7F908BD08B5FCF7B3
:103FE000A3F908BD08B5FCF79FF908BD08B5FCF7B3
:103FF0009BF908BD08B5FCF797F908BD08B5FCF7B3
:1040000093F908BD08B5FCF78FF908BD08B5FCF7B2
:104010008BF908BD08B5FCF787F908BD08B5FCF7B2
:1040200083F908BD08B5FCF77FF908BD08B5FCF7B2
:104030007BF908BD08B5FCF777F908BD08B5FCF7B2
:1040400073F908BD08B5FCF76FF908BD08B5FCF7B2
:104050006BF908BD08B5FCF767F908BD08B5FCF7B2
:1040600063F908BD08B5FCF75FF908BD08B5FCF7B2
:104070005BF908BD08B5FCF757F908BD08B5FCF7B2
:1040800053F908BD08B5FCF74FF908BD08B5FCF7B2
:104090004BF908BD08B5FCF747F908BD08B5FCF7B2
:1040A00043F908BD08B501F0F9FF08BD08B501F0F6
:1040B000F9FF08BD08B501F0F9FF08BD08B501F02A
:1040C000F9FF08BD08B501F0F9FF08BD08B501F01A
:1040D000F9FF08BD08B501F0F9FF08BD08B501F00A
:1040E000F9FF08BD08B501F0F9FF08BD08B501F0FA
:1040F000F9FF08BD08B5FCF717F908BD08B5FCF7CE
:1041000013F908BD08B5FCF70FF908BD08B5FCF7B1
:104110000BF908BD08B5FCF707F908BD08B5FCF7B1
:1041200003F908BD08B5FCF7FFF808BD08B5FCF7B2
:10413000FBF808BD08B5FCF7F7F808BD08B5FCF7B3
:10414000F3F808BD08B5FCF7EFF808BD08B5FCF7B3
:10415000EBF808BD08B5FCF7E7F808BD08B5FCF7B3
:10416000E3F808BD08B5FCF7DFF808BD08B5FCF7B3
:10417000DBF808BD08B5FCF7D7F808BD08B5FCF7B3
:10418000D3F808BD08B5FCF7CFF808BD08B5FCF7B3
:10419000CBF808BD08B5FCF7C7F808BD08B5FCF7B3
:1041A000C3F808BD08B5FCF7BFF808BD08B5FCF7B3
:1041B000BBF808BD08B5FCF7B7F808BD08B5FCF7B3
:1041C000B3F808BD08B5FCF7AFF808BD08B5FCF7B3
:1041D000ABF808BD08B5FCF7A7F808BD08B5FCF7B3
:1041E000A3F808BD08B5FCF79FF808BD08B5FCF7B3
:1041F0009BF808BD08B5FCF797F808BD08B5FCF7B3
:1042000093F808BD08B5FCF78FF808BD08B5FCF7B2
:104210008BF808BD08B5FCF787F808BD08B5FCF7B2
:1042200083F808BD08B5FCF77FF808BD08B5FCF7B2
:104230007BF808BD08B5FCF777F808BD08B5FCF7B2
:1042400073F808BD08B5FCF76FF808BD08B5FCF7B2
:104250006BF808BD08B5FCF767F808BD08B5FCF7B2
:1042600063F808BD08B5FCF75FF808BD08B5FCF7B2
:104270005BF808BD08B5FCF757F808BD08B5FCF7B2
:1042800053F808BD08B5FCF74FF808BD08B5FCF7B2
:104290004BF808BD08B5FCF747F808BD08B5FCF7B2
:1042A00043F808BD08B5FCF73FF808BD08B5FCF7B2
:1042B0003BF808BD08B5FCF737F808BD08B5FCF7B2
:1042C00033F808BD08B5FCF72FF808BD08B5FCF7B2
:1042D0002BF808BD08B5FCF727F808BD08B5FCF7B2
:1042E00023F808BD08B5FCF71FF808BD08B5FCF7B2
:1042F0001BF808BD08B5FCF717F808BD08B5FCF7B2
:1043000013F808BD08B5FCF70FF808BD08B5FCF7B1
:104310000BF808BD08B5FCF707F808BD08B5FCF7B1
:1043200003F808BD08B5FBF7FFFF08BD08B5FBF7AC
:10433000FBFF08BD08B5FBF7F7FF08BD08B5FBF7A5
:10434000F3FF08BD08B5FBF7EFFF08BD08B5FBF7A5
:10435000EBFF08BD08B5FBF7E7FF08BD08B5FBF7A5
:10436000E3FF08BD08B5FBF7DFFF08BD08B5FBF7A5
:10437000DBFF08BD08B5FBF7D7FF08BD08B5FBF7A5
:10438000D3FF08BD08B5FBF7CFFF08BD08B5FBF7A5
:10439000CBFF08BD08B5FBF7C7FF08BD08B5FBF7A5
:1043A000C3FF08BD08B5FBF7BFFF08BD08B5FBF7A5
:1043B000BBFF08BD08B5FBF7B7FF08BD08B5FBF7A5
:1043C000B3FF08BD08B5FBF7AFFF08BD08B5FBF7A5
:1043D000ABFF08BD08B5FBF7A7FF08BD08B501F0A6
:1043E000B9FB08BD08B5FBF79FFF08BD08B5FBF793
:1043F0009BFF08BD08B5FBF797FF08BD08B5FBF7A5
:1044000093FF08BD08B5FBF78FFF08BD08B5FBF7A4
:104410008BFF08BD08B5FBF787FF08BD08B5FBF7A4
:1044200083FF08BD08B5FBF77FFF08BD08B5FBF7A4
:104430007BFF08BD08B5FBF777FF08BD08B5FBF7A4
:1044400073FF08BD08B5FBF76FFF08BD08B5FBF7A4
:104450006BFF08BD08B5FBF767FF08BD08B5FBF7A4
:1044600063FF08BD704700BF4FF08042002038B5A1
:104470002D4B2E4CD3F888102D4D41F47001C3F80C
:104480008810D3F8881041F00F01C3F88810D3F8D2
:104490008C1041F4406141F00301C3F88C10C2F864
:1044A000440ED2F8001421F40031C2F800149C60CC
:1044B0003C24D2F824181F4B21F00101C2F8241823
:1044C000996A02F58A2221F4402141F4002199627F
:1044D000D96A21F4402141F40021D962D2F80011B7
:1044E00041F48051C2F80011D2F8441121F4803116
:1044F000C2F84411C2F84441D2F8441141F4803169
:10450000C2F844119A6A0C4922F0030242F00202F6
:104510009A62DA6A22F0030242F00202DA62A860CA
:104520008860FFF79FFF38BD00ED00E0000000004D
:1045300000400240006002400050024010B543F2CB
:10454000180000F0DFF8064801F0D0FDBDE810408B
:1045500001224FF4E1310420024B02F0B5B800BF54
:104560000F000100001BB7004FF080624FF0804346
:1045700030B5274D8DB0274CC3F8282243F2FE30CA
:1045800000F0C0F8AB8901A92046ADF8043001F075
:104590002FFE2B8A02A92046ADF8083001F0CAFD93
:1045A0001D4A03A99368204623F00F0343F0030339
:1045B0009360AB8A0024ADF80C3001F0A9FD1748D8
:1045C00000F060F810A1D1E9000101223223144D5E
:1045D000CDE9040104A8CDE90623CDE908440A95F4
:1045E00000F01EFA204600F081F846F2FE3000F09E
:1045F00089F80121202000F0B5F80A4B1D600DB0AC
:1046000030BD00BFAFF30080B035000208000000ED
:10461000E83002000050044000300440006CDC022E
:1046200080D1F00860070020FFF79EBF30B44FF044
:1046300080444FF480454FF4C8524FF490500F4BD4
:10464000C4F820525C6C0E492140596430BCA3F878
:10465000B420A3F8B820A3F8BC20A3F8D020A3F876
:10466000D420A3F89020A3F89420A3F89820A3F8CE
:104670009C20A3F8A000A3F8A4007047007011408C
:104680000F1FCFFF174B984229D003F1B76303F5F3
:104690005843984221D10122134BC3F80823D3F881
:1046A000002322F40002C3F80023D3F8002342F0D1
:1046B0001002C3F80023D3F8002342F02002C3F80D
:1046C0000023D3F8002342F00102C3F80023D3F8FB
:1046D0000023D201FBD50020704701207047002243
:1046E000DAE700BF006CDC0200400440044AD2F864
:1046F000003523F440330343C2F80035704700BF50
:104700000040044030F0004318D083B210B42BBBFB
:104710000121000C83B240F2FE3C1A0BC3F30B03E1
:10472000013A6345D2B20DD09B0003F18043C3F838
:104730006022013903D15DF8044B70477047000CCB
:10474000E8D1F8E7064C636962F31B636361120604
:104750002369534013F0706FFAD1EAE70221DAE7D8
:10476000004004404FF0C043800000F18040C0F89A
:10477000003321B94FF08043C0F80033704701394E
:10478000C0F80013704700BF144AD2F80435C3F3D1
:104790004163012B1AD0022B08D0ABB9D2F800012B
:1047A00010F0807011D00E4B18687047D2F80004DA
:1047B00010F0807009D00B4BD3F8200110F00100ED
:1047C00003D0094B1868704700207047D2F80033B7
:1047D000064813F0100F08BF002070470040044047
:1047E000680700200090054064070020006CDC0290
:1047F00008B52DED048BFFF7C7FF344A0146D2F808
:10480000003513F0807002D1BDEC048B08BDD2F8E6
:1048100004351B0307D4D2F80C35DBB2012B38BFAB
:104820000123B1FBF3F1294BD3F80425D00222D5A3
:10483000B7EE009A07EE901A244AF8EE678AD2F88B
:1048400028351B0526D4D2F810359BB207EE903AD6
:10485000B8EEE78A18EE100A17F0C8FF084318BF31
:1048600068EE888AC8EE897ABDEC048BFCEEE77AA4
:1048700017EE900A08BDD3F80425D3F81435D203F7
:1048800003F01F0358BF5B00EBB107EE903AB8EEA0
:10489000E79ACFE7D2F82835D2F82415DB01D2F811
:1048A0002425DBB222F07E4243EA516308EE103A3F
:1048B00007EE902AB8EEC88AF8EEE77A9FED047A00
:1048C000A7EE878AC6E7B0EE009AB3E7004004403F
:1048D00000000033144AD2F80436C3F34163012BBD
:1048E0001AD0022B08D0ABB9D2F8000110F08070BA
:1048F00011D00E4B18687047D2F8000410F0807089
:1049000009D00B4BD3F8200110F0010003D0094B64
:104910001868704700207047D2F80033064813F03B
:10492000100F08BF002070470040044068070020B7
:104930000090054064070020006CDC0208B52DEDF6
:10494000048BFFF7C7FF344A0146D2F8003613F054
:10495000807002D1BDEC048B08BDD2F804361B0375
:1049600007D4D2F80C36DBB2012B38BF0123B1FBE0
:10497000F3F1294BD3F80426D00222D5B7EE009AE2
:1049800007EE901A244AF8EE678AD2F828361B05FB
:1049900026D4D2F810369BB207EE903AB8EEE78AEA
:1049A00018EE100A17F022FF084318BF68EE888A35
:1049B000C8EE897ABDEC048BFCEEE77A17EE900A1C
:1049C00008BDD3F80426D3F81436D20303F01F032E
:1049D00058BF5B00EBB107EE903AB8EEE79ACFE72D
:1049E000D2F82836D2F82416DB01D2F82426DBB21E
:1049F00022F07E4243EA516308EE103A07EE902A15
:104A0000B8EEC88AF8EEE77A9FED047AA7EE878AB7
:104A1000C6E7B0EE009AB3E7004004400000003360
:104A200010B504462B492C4AD1F8003843F0010355
:104A3000C1F80038D1F8003523F00303C1F8003580
:104A40000368C1F80435436843F00040C1F80C35F1
:104A5000C1F80C05A36843F00040C1F81435C1F853
:104A60001405E36843F00040C1F81035C1F81005A3
:104A70002369C1F824356369C1F828358A60FFF7D6
:104A800083FED1F804351A0307D4D1F80C35DBB214
:104A9000012B38BF0123B0FBF3F0104B0D4AA3FBF1
:104AA0000013DB0903F59673C3F31003C2F818353E
:104AB000D2F8003543F00303C2F80035D2F80035D0
:104AC000DB01FBD5A469FFF793FE844214BF0320EA
:104AD000002010BD0040044001005A5AD34D62101E
:104AE000214B1B69C3F30363013B052B39D8DFE876
:104AF00003F0050E29172703FFF720BF1A4BD3F841
:104B0000000110F080702DD0184B18687047164BBC
:104B10001748D3F8003213F0200F08BF0020704769
:104B2000114BD3F8000410F080701BD003F5A833AC
:104B3000D3F8200110F0040014D00E4B1868704711
:104B4000FFF756BE084BD3F8000310F0010009D060
:104B5000D3F80823084B12F0010F084818BF184675
:104B600070470020704700BF0040044068070020E5
:104B7000001BB7006407002000449508006CDC02AD
:104B800008B5FFF7ADFF4FF08043D3F88033DBB2B9
:104B90000133B0FBF3F008BD70B44FF000450224C0
:104BA000284A294B29489563C2F80441C2F8A40059
:104BB000B3FBF1F201FB123393B992B20F3A192A07
:104BC0000ED8DFE802F012300D0D0D330D100D364A
:104BD000390D0D0D0D2D0D0D0D0D0D0D0D0D0D3C8A
:104BE000002070BC70474FF440034FF480364025DE
:104BF0004FF080440020134AD2F8A01021F0E07159
:104C00000B43C2F8A030C2F8A860C2F8A450946365
:104C10001060D2F8A030002BFBDA70BC0120704786
:104C20004FF0C073E1E74FF48003DEE74FF4000379
:104C3000DBE74FF08073D8E74FF0A073D5E74FF074
:104C4000E073D2E700A0104000389C1C0010200048
:104C50000649074BD1F8402142F00202C1F8402139
:104C600000BF013BFCD10120704700BF00B01040E5
:104C7000801A06002DE9F04100248B784E78A3427B
:104C800014BF4FF041434FF0014302EB420C01EBE4
:104C90008C0CBCF80880764206F000761E43DCF8E7
:104CA00004704346BCF80AE001E098450ED05D1C54
:104CB00007EB0311ABB29E4598BF0023CD688C6013
:104CC0004C60CE60E900ACF80830EED541F2281314
:104CD00007EB0E1700EBC210C750BDE8F08100BF14
:104CE000202210B50021044618F010FB40F20112FA
:104CF00001232282A37410BD8B682DE9F04F002B95
:104D00000CBF0123022383B00193002A00F0B3807B
:104D10004FF0000802F1200E814642468C461EF8F4
:104D20001F1C032940F2A7805EE9073041F21416E8
:104D300009EBC81423F00305A55120F0030004F586
:104D40008955286041F22C15481E605103EB011172
:104D50004FEAC81A1A605A609A60DA6010338B42C0
:104D6000F8D1DCF80C30BCF8006013F0400F14BF31
:104D70004FF082434FF0807346F30000DCF8187068
:104D800000F0007006F001061843002F6DD0DCF82B
:104D90001C30002B69D01EF8205C032D6BD900233A
:104DA00041F21C11CA4400935EE9043423F0030B62
:104DB0004AF801B041F2281124F003044AF80140F6
:104DC00041F230116C1E4AF8014041F2081447F6D6
:104DD000F8715AF8044024F4FF4B5EF8044C2BF0B1
:104DE000780B01EA440444EA0B0441F2081B002159
:104DF0004AF80B4037BB5EF808BCF6B14C00A4B2D1
:104E00005BF824A00BEB8404C3F800A064689C60EA
:104E100001318CB2A542D86003F11003EAD80199A0
:104E200008F1010399424FF001080EF1200E3FF600
:104E300076AF002003B0BDE8F08F5BF821401C6026
:104E40009E60E5E7DCF81CA05446B24606462046C4
:104E500040B101318CB2A542DE6003F11003DED90E
:104E60000028F6D130465646C5E71EF8205C40F0D3
:104E70000040032D93D8012003B0BDE8F08F00BFA0
:104E800010B47AB100F58053D3F80841012A44F0F8
:104E90000104C3F8084105D9D3F8882142F0010282
:104EA000C3F8882179B100F58053D3F80421012992
:104EB00042F00102C3F8042105D9D3F8842142F05D
:104EC0000102C3F8842103685DF8044B43F0030337
:104ED000036070478BB28BB141F2827C40F6450291
:104EE00011EA0C0F02EA010211D0CAB143F44043A7
:104EF00000F58052C2F83431C2F8B431090C05D043
:104F0000D0F8B4300B43C0F8B43070477047002A73
:104F1000EED043F4004300F58052C2F83431EBE7A1
:104F200043F4804300F58052C2F83431E4E700BF17
:104F30002DE9F0474FF080440425C4F828520E7C38
:104F4000C4F80851D4F8085100F5805C25F0040538
:104F5000C4F80851D4F8C05566F38205C4F8C055AA
:104F6000DCF8004044F00104CCF80040DCF80040DC
:104F700014F00104FAD18E6841F2081EEEB1756892
:104F80002F0407F47C1705F4803500EBC41C0CF5E6
:104F90008058C8F80051D8F8045125F47C153D43D9
:104FA000C8F804515CF80E5025F47C153D434CF8CC
:104FB0000E5034B90124002EE1D14FF4803735462C
:104FC000E3E70C88DFF81491DFF81481DFF814E1CF
:104FD00004F0020ABAF1000F3D4FDFF80CC13D4D5D
:104FE00012BF4F46C4467546C0F800CDC0F8405DBC
:104FF000C0F8307D46B3B57A96F80BC06D014FEA24
:105000008C0C05F060050CF0040C45EA0C05C0F8AA
:10501000005CB58BC0F8305CD0F8405D45F0080509
:10502000C0F8405D3569C0F8707DC0F8185D357B0B
:1050300005F00705C0F83C5D7569C0F8585D757BE3
:1050400005F00705C0F87C5D2AB115689288C0F8A4
:105050000023C0F80453650005F02005C4F3800266
:105060002A43650805F010052A438260220705D50A
:1050700003258A8AC0F8905012040267164AA2FBE0
:1050800003239B0C013BC3F30B03C0F8DC308D7C86
:105090004B7C6A039B0302F4005203F480431343E6
:1050A000220402F480022405134304F00064234325
:1050B0000DB943F080630522BDE8F047C96843F4A9
:1050C0000843036041F00101C0F8A020FFF702BFD0
:1050D000080070000300070083DE1B4328007000F7
:1050E00009000700010007000B000700FFFFFFFF9A
:1050F0002DE9F04F0E462DED028B924600216C22D9
:10510000804683B030461C4618F000F9BAF80030EB
:10511000D90744BF01237370DAF80830002B00F080
:105120009380012302223370002706F1480335469D
:10513000CDF804A09FED468BB246B9469B46164675
:1051400020344FF0000354F8102C07EB47016A603D
:1051500014F8202C0AEB81016A8154F8042CEA60CF
:1051600054F81C2CEA6114F81F2CEA848B8441F259
:10517000341308EBC71101F58050C95801F0400104
:1051800049EA010907F13401890158F8013054F85E
:10519000141CAA8754F8082C69634BF8042F9A074B
:1051A00022D5D0F80421D0F80011D8F82001C2F39C
:1051B0000542CB03C0F3841048BFD20007300092F1
:1051C00017F062FAB0EE480AF0EE680A41EC110BF3
:1051D00019F02AF851EC100B17F0D0FA009A0632A9
:1051E000A0EB8200CBF808007A1C96424FF0010732
:1051F00004F1200405F10C05A3D8B9F100095646C5
:1052000018BF4FF00109144BDDF804A0B8EB0308F8
:1052100018BF4FF0010886F80290DAE90623C6E9C4
:1052200019230E9A0D4BF2650F9A32660C4A1A60DA
:105230000C4B43F828604FF400620B4B1A6103B02B
:10524000BDEC028BBDE8F08F01226DE7AFF300806B
:1052500000000000000000400000104058640020E2
:10526000915800005C64002000E100E0114B99427D
:1052700007D9114B994209D24FF44071C0F800127E
:1052800070474FF40071C0F8001270470B4B994201
:1052900009D90B4B99420AD90A4B99428CBF00217C
:1052A00001218902EFE70021C0F8001270474FF496
:1052B0008071E8E7BF0E160200879303FFE0F50553
:1052C0007FD1F0087FB2E60E8446D0F8000249058F
:1052D00001F07871120400F4706002F4F8120143D6
:1052E000114341F00401CCF80012CCF80432DCF890
:1052F000003243F00103CCF80032DCF8000210F079
:105300000100FAD1704700BF8446D0F80002490579
:1053100001F07871120400F4706002F4F812014395
:10532000114341F00C01CCF80012DCF8002242F0ED
:105330000102CCF80022DCF8000210F00100FAD1E2
:10534000DCF804221A8070478B6E002B49D02DE9BF
:10535000F04F0E46834689464FF0000A0F7883B01F
:1053600001F14C08B9F80A0058B3002401971CE079
:105370006700BFB253F8271041B153465846326E0A
:10538000B56EA847737853B1D8F80030013753F899
:10539000271021B153465846B76E326EB847B9F858
:1053A0000A000134A3B298420AD97278D8F80030C2
:1053B000002ADDD153F824100029F2D02746DCE77B
:1053C000019FBAF1000F0CBF3B4600234FF0010ACA
:1053D00009F10C0908F10408002BC3D103B0BDE8A2
:1053E000F08F70472DE9F04F4B6E85B0002B5ED0EB
:1053F0008B6E0E46002B5AD04FF0000B01F14C097A
:10540000C846DA4689460B78CDE9010B0393B9F813
:105410000A30D9F80450002B32D000273C4616E061
:105420005246D6E918130198984730B3D8F800309F
:10543000A8605B445860EB68B9F80A200137BCB239
:1054400043F00043A242EB6005F1100518D97378D0
:10545000524601980BB16400A4B2D6E918139847DC
:105460004FEA840B48B1D8F800207378286042F8DE
:105470002400002BD4D1AB60DDE74FF47A630293B4
:10548000039A8AF00103002A08BF00234FF0010AA3
:1054900009F10C0908F10408002BB8D1DDE9018AF3
:1054A000BAF57A6F09D0504605B0BDE8F08F4FF4D9
:1054B0007A6A504605B0BDE8F08F40463146FFF7A6
:1054C00043FF504605B0BDE8F08F00BF2DE9F04F17
:1054D00003EB430501EB85052F896C680E4604EB51
:1054E00007119A46CB688BB0002B0290C0F2AD80BA
:1054F00093463B463A010CE06989994298BF0023E4
:105500009F4204EB031100F0A080C8680028C0F29D
:105510009C80C8680133C0009BB2EDD5CB6813F402
:10552000004340F05081C968C1F30E01002900F02A
:105530008C801F4604930AEB4A0306EB83010AF1B1
:10554000120306919900A94608912546059714462D
:10555000CDF80CA066E0E368049DC3F30E03591B6D
:1055600090B28142ABF8043040F3B58080464FF0F2
:10557000010A1B1A5B1B9BB20593DDE90202D6E907
:10558000181398470190002800F089807378002B49
:1055900060D0059B002B40F0AB80089BB9F8080059
:1055A000F3185968DBF8003051F83020079343F8BE
:1055B000372003EBC702019BA2F8048041F830308A
:1055C000B9F80820013701EBC2014868BFB2B178D1
:1055D000019B0029236018BF4FF04341A06008BF22
:1055E0004FF0034100206060E160B9F80A10013219
:1055F00092B2914298BF0022DDE902034FF0000C05
:1056000041F22814D9F8045000EBC31005EB011146
:10561000A9F808208BF808C00151BAF1000F40F03A
:105620009C8014012C44E368069A13F08053D268DE
:1056300091D196F801A01FFA82F8BAF1000F4FD16C
:10564000049B43449BB2049397E740F6A3700BB0CE
:10565000BDE8F08FB3780022002B14BF4FF0414C0F
:105660004FF0014C089BB9F80800F3185968DBF8B3
:10567000005051F8203005EBC70E45F83730019B3C
:10568000AEF80480013741F8203007952360BFB29F
:10569000A2606260B9F80820C4F80CC0A5E7DDF884
:1056A0000CA07D1EADB2ED005FB1DBF800105346DB
:1056B00049590298B46E326E083DA04715F1080FA3
:1056C000F3D1029852463146FFF7D4FA40F6A4705F
:1056D0000BB0BDE8F08F4FF0010A1FFA81F84CE7DC
:1056E0009A46049B03EB48039BB2CDE9043844E798
:1056F000DDE90202D6E918139847002842D07378F2
:10570000002BA7D0089BB9F808C0F3185A68DBF83B
:10571000005002EBCC0EDEF80430791C099352F8ED
:105720003C3089B245F83730099B05EBC70EAEF81F
:10573000048045F83130059B05EBC1018B80019B4E
:10574000023742F83C30B9F80810079502EBC10265
:105750005060B9F80820BFB239E7079B7A1E92B2B1
:1057600003EBC2018C88DDF80CA0042C15D9043C95
:105770008C800020BBF80430043BABF804300BB045
:10578000BDE8F08FDDF80480DDF80CA041465346FB
:105790000298B46E326EA04783E7A1F804C0029865
:1057A00053F83210B56E5346326EA847042CE0D041
:1057B000DBF80020BB1E9BB202EBC302938823449C
:1057C000043B9380D5E7CB680298C3F3C5435246A8
:1057D00031468BF82030FFF74DFA40F6A1700BB040
:1057E000BDE8F08F2DE9F04102EB420401EB8404A7
:1057F0001746A28C0D46E369618C92B2064682B0D0
:1058000003EB0113002A3DD13FE0DB68DB001CD530
:10581000628FA18F531C9BB2994298BF0023002036
:10582000616BD5F85C8002EB420201EBC20C63872E
:105830008CF80400B8F1000F07D0286E3B46CDE984
:1058400000C0012229463046C047B4F822C0E38C8C
:105850000CF1010C1FFA8CFC63459CBF00218C46A7
:10586000B4F824E0E3690EF1FF3E1FFA8EFEA4F8BF
:1058700024E0A28C88BF4FEA0C1192B2A4F822C097
:105880000B4412B1DA68002ABFDA02B0BDE8F08139
:105890002DE9F04100F58054A3680546DA070E466D
:1058A00082B014D5D4F860717B060ED548F240035F
:1058B000D1F85C80C4F86031B8F1000F05D0002346
:1058C0000A6ECDE900321A46C047F80728D4A3680B
:1058D000990716D5D4F8E0717A0610D548F240033E
:1058E000D6F85C80C4F8E031B8F1000F07D0002290
:1058F000336E31460193284601230092C047FB07CF
:1059000002D402B0BDE8F08148F201030122314621
:105910002846C4F8E03102B0BDE8F041FFF762BFAD
:1059200048F20103002231462846C4F86031FFF7EF
:1059300059FFCCE72DE9F04F91468BB00246D9E9EB
:1059400000681846B8F1000F00F0F68033464FF0BB
:10595000000E06EBC8059C8808339D42A644FAD188
:10596000BEF5804F80F0DE8001EB80035B6D13B1EC
:105970007345C0F0D78000EB400401EB8404A38C96
:10598000E48C9BB2E31AB8EB430F01944FEA400456
:1059900000F2CD80044401EB840BBBF83850BBF817
:1059A0003C30691C89B28B4298BF0021D9F80C7039
:1059B000DBF8343005EB450543F835704446ABF869
:1059C00038104FF0000A41460890CDF81CE00992CB
:1059D0003EE04FF00008C446C2F30D02012F01F172
:1059E000FF3142EA0C026DD9079F049C1D014EF85D
:1059F0000540039CC0F8048047EAC447059C013376
:105A00002743029C9BB242EAC4728260019A47F02B
:105A10000047934228BF0023C760ABF820304FF403
:105A200000634A4AC2F89030BFF34F8FBFF36F8FC5
:105A3000BBF8243001339BB2ABF824304FF4006341
:105A40001361002955D0BBF82630D9F804400193E2
:105A500099F8085099F8090005F00107BBF82030C3
:105A6000DBF81CE0069056F83A0006EBCA020297F3
:105A7000A142C5F38307049092880EEB03100397AD
:105A80004FEACA0829D002298CBF00240124A71E8E
:105A90002407FFB2059401299BD908F1080806EBF9
:105AA000080CBCF804C02A4CC2F30D0204EA0C4CEA
:105AB000012F56F808800AF1020AA1F1020142EA18
:105AC0000C0291D8069C2704079C07F44037274313
:105AD000AC078AD542F0804287E7022904D84FF00C
:105AE000405401270594D6E74FF000540027059451
:105AF000D3E7BBF82010DBF81C30DDE9080261B108
:105B000003EB011302EBC012002023F0030302F5A4
:105B1000895213600BB0BDE8F08FBBF8261003EB81
:105B20000113EFE740F6A7700BB0BDE8F08F40F629
:105B3000A5700BB0BDE8F08F03EB430301EB8303CB
:105B40009C8CDB8CC6460193440023E700E100E017
:105B50000000FF3F024A034B11681B6802481847C8
:105B60005C64002058640020000010402DE9F047DC
:105B7000002590460A680E464FF0040C41F6FF7966
:105B80002F46114604464FEA820E4FEA4800B0FB0A
:105B9000FEF30133C3F34F034B4528BF4B46012BA4
:105BA00038BF01230CFB03FAB8FBFAFA524534BFA5
:105BB000AAEB020AA2EB0A0A8A45964403D8514688
:105BC0001F465FFA8CF50CF1010CBCF1210FDED100
:105BD000674BA3FB0232520902EB42028A42C0F039
:105BE000B8800020634B53F8042B944202D001305C
:105BF0000A28F8D1012100F0FBF9002840F0A78025
:105C0000A3682A1F43F00203A360A368032A23F0BA
:105C10000203A360236905F1FF3598BF43F4003305
:105C200065F31C636FF30C033B432361236923F08B
:105C300000532361A369F27B317923F4E26323F0FB
:105C4000070312020B4302F4E0621A43B37B9B008A
:105C500003F0040313437279012A00F081800029C4
:105C60007BD1A3612369F27962F34D332361727AA8
:105C7000337A43EA0243E362A36A43F08803A362F0
:105C8000A36A43F44043A362737B327B1B0152013E
:105C9000616A02F0200203F010031343B27A0B434F
:105CA00063621AB1636A43F008036362F37A1BB15B
:105CB000636A43F001036362B2792F4B2F4D616930
:105CC000002A18BF1D4696F8263096F8272029434B
:105CD0005B425242B6F810C0778A02F480226161BA
:105CE00003F400231343A2691343A361C4F848C01B
:105CF000E764A16D337D327E0B4343EA4203327F7A
:105D000043EA820396F8202043EAC203A365727D2A
:105D1000F38A43EA82732366727E738B43EA82734B
:105D20006366727FF38B43EA8273A36696F8212041
:105D3000738C43EA8273E36696F8253096F8242044
:105D40001B0223651AB1236D43F00F032365BDE8E1
:105D5000F08740F22150BDE8F08743F0100380E760
:105D600011B123F400637CE743F4006379E700BFDB
:105D70001F85EB510C31020000C01FE000C01FC0A6
:105D800010B5242204460021043017F0BFFA4FF466
:105D9000E133236010BD00BF10B44469436CC26D91
:105DA0000A49806A9B00920003F03C0302F470529F
:105DB00021401343000C0B4300F0C300184320F0B4
:105DC000785020F47C505DF8044B704700C0FFC150
:105DD000002330B4C1F38302174C4264C3658B07C0
:105DE00004EA010407D0826A230422F4703203F427
:105DF00040331343836240F21A5C43690F4D03F052
:105E00007853234343614269436CC16D15409B0045
:105E1000826A890003F03C0301F470510B43120CB9
:105E20002B4302F0C3021343234218BF604630BC29
:105E300008BF0020704700BF3FC01FC000C0FFC1A7
:105E400042B10A4443691B02FCD511F8013B8A4266
:105E5000C361F7D143695B02FCD50020704700BFE6
:105E600070B58469250500F1878004F01204A4F15F
:105E70000204B4FA84F46409531E002A6FD001F1BD
:105E8000FF3E01EB030C3D49C36A13F0706F5ED116
:105E90004669436CC56D9B00826AAD0005F4705580
:105EA00003F03C030E402B43120C334302F0C302B9
:105EB0001A4313F4002302F4003602F4802550D173
:105EC000D2032AD4AEB9002DDED000234364C365CB
:105ED000436903F0785343F4802343614369426C80
:105EE0005B03C26D826A2FD440F21E5070BD002E3B
:105EF00028D000234364C365436903F0785343F417
:105F0000003343614369426CC26D826A9A0319D4BB
:105F1000002DDAD140F21F5070BD4364C365436960
:105F200003F0785343F4803343614369426CD903EF
:105F3000C26D826ADBD4002EDBD1002DC5D14FF4B7
:105F4000A46070BD002DC0D140F21A5070BDC3696D
:105F500084B103F07F030EF8013FF44594D1002093
:105F600070BD4FF40021FFF733FF0028ECD140F261
:105F70001D5070BDDBB2EEE701247DE700C0FFC11C
:105F8000184B70B553F820300446D3F8F45F15F081
:105F9000300F09D0144B00F11E0253F822301BB110
:105FA000124951F822109847AA070AD00E4B04F163
:105FB0000A0253F8223023B10C49204651F822102E
:105FC00098476B070CD5084B04F1140253F82230A4
:105FD00033B106492046BDE8704051F822101847F9
:105FE00070BD00BF703102000065002060640020B9
:105FF000012238B5264B0C4633F810300546D9B28D
:106000001B0AFA2B02FA01F236D0FB2B13D04FF009
:106010008041883341F823201E4B53F8250000F0BF
:1060200065F81D4B53F82530B4B1032C0ED9072C5D
:1060300012D0032038BD4FF080438021D3F83C0EAE
:106040000243C3F83C2EC3F82C12E5E7D3F8F82F2F
:10605000E11CCA40D207ECD5D3F8F82F110707D5B9
:10606000D3F8F82F02F00702A24201D0012038BD78
:106070000020C3F8F84F38BD4FF080434021D3F8DB
:10608000380E0243C3F8382EC3F82C12C4E700BF01
:106090005C31020034310200703102000020FFF751
:1060A0006FBF00BF0120FFF76BBF00BF0220FFF7EB
:1060B00067BF00BF0320FFF763BF00BF0420FFF7E7
:1060C0005FBF00BF0520FFF75BBF00BF0620FFF7E3
:1060D00057BF00BF0720FFF753BF00BF0820FFF7DF
:1060E0004FBF00BF0920FFF74BBF00BF4FF0804CF0
:1060F0000121030C9A0080B28140503362444CF875
:10610000231002F58072136831EA0303FBD0704755
:106110000B784A7803F00303036452B1036C43F035
:1061200080430364036C002BFCDA036C23F0804390
:10613000036470470369DB0750D4D0F8003113F4CF
:10614000401F4ED010B4D0F800314A7813F07C5F75
:1061500034D1D0F800410B78C4F3810199421DD0AD
:10616000D0F8001111F4401F05D0D0F8001141F013
:106170000101C0F80011D0F80011C1F3810199426A
:106180000CD0D0F80011C90708D5D0F8001163F37E
:106190008301C0F800110369DB07FCD4B2B9D0F861
:1061A000003113F07C5F05D1D0F8003162F30003B9
:1061B000C0F8003100205DF8044B7047A2B1D0F860
:1061C00000410B78C4F381018B42C9D1012AEBD184
:1061D000D0F8003113F4401FE6D1EBE742F6A000FF
:1061E000704742F6A600704742F6A500E3E700BFFD
:1061F00002690346D0071ED491F801C00978BCF1AA
:10620000020F10D00020D3F800216CF30922C3F84C
:106210000021D3F8002161F38B22C3F800211A6911
:10622000D207FCD47047D3F8002112F4401FE9D103
:1062300042F6A600F3E742F6A0007047014B1B6947
:106240005B68184700FC0313014B1B699B6A1847E6
:1062500000FC0313014B1B695B6B184700FC031325
:1062600030B50C468BB005466846FFF789FDA27A2B
:10627000E37A003A18BF0122003B18BF01238DF8D2
:106280002720227A61688DF826308DF80420E37B80
:10629000627A00918DF807202BB1082B28BF0823C4
:1062A000013B8DF80830237C2BB1082B28BF082335
:1062B000013B8DF80930227B637B003A18BF012235
:1062C000003B18BF012340F201108DF80A208DF821
:1062D0000B30A27B084BADF80E00694653F8220044
:1062E0002268FFF743FC18B9A37B2B700BB030BDBD
:1062F00042F6AF700BB030BD9831020008B5064BC6
:10630000007853F82000FFF7ABFD42F6AF7300288A
:1063100014BF1846002008BD9831020008B5044B90
:10632000007853F82000FFF78BFD002008BD00BF68
:10633000983102002DE9F04F037891B0002B00F066
:10634000B581002704460E46B846CDE90177DFF84F
:10635000C0A2039710E09AF8102006932AB10122F8
:106360005046DAF8083006A9984708F101080134C8
:106370002378002B00F09980252BECD14FF00009F9
:10638000637809EB8902A3F13001092904F10100C6
:1063900003EB420203D80446A2F13009F0E72E2BAA
:1063A00074D0632B40F28680A3F16401C9B2142932
:1063B00000F297800120944A8840104240F0F38018
:1063C0000F2900F0B180C20740F18B8000233146D5
:1063D0008DF81C3051F8043B002B00F08F808B4F60
:1063E0000DF11D061846A7FB0323DB0803EB830210
:1063F000A0EB42023032092806F8012BF2D807AB95
:10640000F61A013E334401960293019B994540F3ED
:1064100081807F4D2027AB46019E04912B7C0697FF
:1064200023B101225846AB6806A9984701364E456C
:10643000F4DB019A09F1FF3304999B1A4A45A8BF7E
:1064400000230E4608F101089844029B002B53D00C
:10645000029B1A78002A4FD06D4D03F1FF3B2F4667
:1064600000E09B462B7C069223B101223846AB68A4
:1064700006A998475B4613F80129002AF1D1029B2F
:10648000CDF808B04344A3EB0B0835E0044610F800
:10649000013FA3F13002092A83D8044610F8013FD6
:1064A000A3F13002092AF1D97BE74746384611B0FB
:1064B000BDE8F08F452B14D9A3F146011D2910D852
:1064C000DFE801F09D0F0F0F0F0F0F0F0F0F0F0FD2
:1064D0000F0F0F0F0F0F9D0F0F0F0F0F0F0F0F0F3E
:1064E0009D2A4B4D06932B7C23B101222846AB6895
:1064F00006A9984708F10108023439E7302301263C
:106500008DF81D3007AB334401960293019B9945EA
:106510003FF77FAF0E469BE73D4D56F8042B2B7C93
:106520000692002BE1D1E5E756F8041B0029E3D0E1
:106530000846049116F0AAFF48450499019015DA1F
:1065400083462027324D05902B7C069723B10122EC
:10655000AB682F4806A998470BF1010BD945F3D139
:10656000DDE9041008EB0902A2EB00080B78002B10
:10657000C2D0274D8B462F46894600E093462A7CA1
:10658000069322B101223846AB6806A998479BF8CA
:1065900001300BF10102002BF0D1C9F1010141449E
:1065A00001EB0B08A8E7692B3FF410AF782B31D132
:1065B00000253146002351F8040B8DF81C300028CB
:1065C0006DD0002D14BF412661260DF11D050A3E38
:1065D00000F00F03092B94BF30339B19000905F815
:1065E000013B0028F4D107ABED1A013D01952B4486
:1065F0000293019B99453FF70CAF0E4628E7582BB5
:1066000008D10125D5E700BF24181200CDCCCCCC91
:10661000A0650020623B132B4DD8DFE803F00A4C45
:106620004C4C4C4C4C4C4C4C4C4C4C0A1B4C4C4C1D
:106630004C0A314651F8040B132B10D8DFE803F055
:106640002C0F0F0F0F0F0F0F0F0F0F0F0F29410FF1
:106650000F0F0F263146102351F8040B039300232C
:106660008DF81C3000283FF449AF039A0DF11D0648
:106670000546B0FBF2F002FB1053092B94BF3033F8
:106680003733AA4206F8013BF2D9B8E60A2303934E
:10669000E5E708230393E2E702230393DFE73023D0
:1066A00001258DF81D30019507ABA0E71F46384640
:1066B00011B0BDE8F08F019B99457FF7C6AE31461A
:1066C000A7E610230393CAE7012A01D001207047EF
:1066D00070B500240D4686B00C4E01930C4B8DF81E
:1066E000120001A93046039332740295ADF81040B0
:1066F0008DF813408DF81440FFF7B2FD2046054A8F
:10670000054BC6E9022306B070BD00BFA06500209E
:10671000000001011D630000FD6200000FB400B520
:10672000084B83B004A951F8040B1B7C019133B1D1
:10673000FFF700FE03B05DF804EB04B070474FF0C4
:10674000FF30F7E7A065002010B504460EF07CFD91
:10675000606818B10EF07EFB00236360BDE8104056
:106760000EF090BD70B504460E460EF06DFD6068EB
:1067700018B10EF06FFB0023636004F58033002234
:1067800003F50271C1E8AF2F03F50371C1E8AF2F24
:1067900083F8142215460EF07FFB606088B1324604
:1067A0000A490EF08BF940B96068224608490EF09C
:1067B00047FB0EF067FD012070BD60680EF04AFBDC
:1067C00065600EF05FFD002070BD00BFF432020076
:1067D000256C00002DE9F0431F46436883B0002B71
:1067E0005DD00546304C8846666891460EF02CFD1B
:1067F000636805F58034D4F84C229B1B0132C4F841
:106800004C22D4F8542236201A44C4F85422D4F826
:106810005822B9B2934288BFC4F858324FF420725C
:106820000AF0C4F8064698B33A464946406816F05E
:1068300020FED8F800201C4F12BAB8F8043001929C
:10684000686801AA3146D7F804800EF07FFA7B68A9
:10685000D4F85C22A3EB08031A44C4F85C22D4F8F1
:1068600060220546934288BFC4F8603250B9304672
:106870000AF040F80EF006FDB5FA85F0400903B0C5
:10688000BDE8F083D4F850320133C4F85032EEE75B
:10689000D4F850320133C4F850320EF0F3FC00202B
:1068A00003B0BDE8F08300BF001000E008B511F0B0
:1068B0009FFB012838BF012008BD00BF10B504466A
:1068C000064B03600EF0C0FC606818B10EF0C2FA0F
:1068D000002363600EF0D6FC204610BDC8310200D4
:1068E00010B50446084B03600EF0AEFC606818B1AA
:1068F0000EF0B0FA002363600EF0C4FC204603499A
:10690000F9F774FD204610BDC83102006402010091
:1069100070B500240646134B2146C0E900344FF4FD
:106920008132083016F0F2FC06F5803506F5813329
:10693000C3E9024420222146C5E98644C5E98844CA
:10694000C5F8104285F8144205F50A7016F0DEFC11
:106950003046C5E99244C5E99444C5E99644C5F872
:10696000604270BDC831020010B400F581330C33B1
:10697000D3E8AF4F0A68A24219D0C2F58133072B82
:1069800006D800230B6094B108305DF8044B7047C3
:1069900000F1080333F802C098184FF6FF729445CF
:1069A00002D05DF8044B704700220A601CB9002039
:1069B0005DF8044B70471846F3E700BF70B500F56B
:1069C000803494F814320E46154682B0FBB904F5B3
:1069D00002731B6801A90193FFF7C6FF08B3436860
:1069E000019A3360438830F8081BB380CB1C08320F
:1069F00023F003031344B3F5813F28BF0023012292
:106A00002960C4F8103284F8142202B070BDD4F8A2
:106A1000103204F50272C2E8AF3F002384F814324A
:106A2000D5E72860F1E700BF2DE9F0410D4600F5FC
:106A30008031984691F81432174682B06BBB00F54E
:106A4000813606F108031B6801A90193FFF78CFF4B
:106A5000044660B32146384631F8087B474528BFD5
:106A600047463A4616F005FD6368B4F800C02B604F
:106A700063880CF10301AB80019B21F00301083313
:106A80001944B1F5813F28BF002106F10803C3E88E
:106A9000AF1F384602B0BDE8F081D1F8103201F5E1
:106AA0000272C2E8AF3F002381F81432C7E70746FD
:106AB000384602B0BDE8F0812DE9F0470746544C56
:106AC00007F58038534D10462468D8F81822A5FBE6
:106AD000045401320E465049C8F818224D68D8F8BF
:106AE00048224FEA9449A5EB020E4FF0000CBEFB82
:106AF000F9FE4A4CC8F8485254F8041F714504D8AE
:106B00000CF1010CBCF1070FF6D107EB8C0C0CF566
:106B1000803CDCF828220132CCF828223289D8F8CF
:106B200020128A4288BFC8F82022B2F5806F04D9AB
:106B3000D8F824120131C8F82412B2F5806F28BFAA
:106B40004FF4806292460AF10304A4B224F00304D5
:106B500008F502720834D2E8AF2F07F5813909F140
:106B60000C010D68954210D3C5F58131A14234D393
:106B70008AB9A1420FD1D8F81C3230460133C8F887
:106B80001C32BDE8F04709F0B5BE521BA242F2D953
:106B9000B5F5813FEFD0083727F805A02F447B805B
:106BA000006806F09DF82C44786052460023304679
:106BB00007F108010AF028F9B4F5813F28BF002445
:106BC00009F10C03C3E8AF4F304609F093FE144BB4
:106BD0001B68D3B1BDE8F0471847A242CBD90729BB
:106BE0000ED87B810068A7F808A006F079F8524615
:106BF000F8600023304607F110010AF005F9DFE7DD
:106C00004FF6FF723D442A81EBE7BDE8F08700BFF5
:106C10006007002083DE1B43001000E0E431020027
:106C2000B465002011461A46BDF80030FFF744BF96
:106C300010B504460846D4F88424D4F88014914250
:106C40000FD0942202FB014101F50C7116F011FCEA
:106C50000120D4F88034034403F00303C4F88034E3
:106C600010BD002010BD00BF38B590F8913004462B
:106C700013B990F82E3273B1094D0EF0E5FA286879
:106C800003F010FE40B90EF0FDFAFF220023A4F835
:106C9000902084F82E3238BD286803F0CFFDF2E74B
:106CA000C408012030B50C46A1B0054680216846D5
:106CB00023460D4A16F09EF8002804DDC2B269464C
:106CC000284603F0FBFD094A8021684604F162036F
:106CD00016F090F8021E04DD69462846D2B203F091
:106CE000EDFD21B030BD00BF700F0200780F020033
:106CF0002DE9F04790F8917094B027B101273846FC
:106D000014B0BDE8F0871546DFF8B48000F104093F
:106D10008C2204460E464846294616F0AAFB0EF081
:106D200093FA98F80030002B3FD04FF0000A3F2232
:106D3000294604A816F004FB94F82E32DFF884806C
:106D40008DF84FA053BBD8F8000003F0ABFD28B975
:106D5000D8F8000004A904F00FFBC8B9164ACDF812
:106D600008900192009600232946144AD8F80000A2
:106D700004F08AFA002884F8900005DB012384F8E7
:106D800091300EF07FFAB9E7D8F8000003F056FD15
:106D90000EF078FA384614B0BDE8F087D8F8000055
:106DA00003F04CFD84F82EA2CDE704F0D5FE0123BC
:106DB00088F80030B9E700BFA56C0000800F020022
:106DC000B8650020C408012090F82D3203B970473F
:106DD00010B504460EF038FA94F82C0203F088FD42
:106DE0000EF050FAFF23A4F82C3210BD70B590F8C5
:106DF0002D32044684B07BB103682A4A5B69934212
:106E00004BD10EF021FA94F82C0203F071FD0EF034
:106E100039FAFF2384F82C3240F29712002104F152
:106E2000940016F073FA00231F4D84F82D320EF0F3
:106E30000BFA2B7863B31D4E94F89130306813B978
:106E400094F82E52BDB10022194804F50B71336835
:106E5000CDE9000402911046164903F061FDB0FA35
:106E600080F0400984F82D020EF00CFA94F82D52AF
:106E7000284604B070BD03F015FD0028E3D10E498B
:106E8000306804F079FA50B9012384F82E32DAE739
:106E900004F062FE01232B70CDE79847BCE70EF0AB
:106EA000F1F9E5E7C96D0000B8650020C4080120CC
:106EB0003D6F0000800F0200880F0200002382F85F
:106EC0009230002936D070B50D68A6B00DB926B045
:106ED00070BD942614461849324601A816F0C9FA26
:106EE000284605F0FDFEB4F89030211D6122019086
:106EF00003A8ADF8083016F023FA04F16601292240
:106F00000DF16E0016F01CFA2568D5F88404D5F84A
:106F10008034441C04F003049C42D8D006FB00508B
:106F2000324601A900F50C7016F0A3FAC5F88444A6
:106F300026B070BD704700BF283202002DE9F04F27
:106F40009846C5B0DB0705460E4614464E9F06D54B
:106F500040F29712002107F1940016F0D7F9B5F826
:106F600004310C2B65D0212B21D0012B76D1032CA1
:106F700000F3C58018F0020F16D097F828329BB1A5
:106F800097F8293283B197F82A32002B40F0ED8030
:106F900007F5916407F5DB6394F89250002D00F03B
:106FA000B48094349C42F7D145B0BDE8F08F052CF5
:106FB000E0DDB08805F090FEA7F82002003818BF89
:106FC0000120063C06F1060187F8280200F0FE8049
:106FD000002507F194091AE0A6421FDCFD2B284684
:106FE00006D87B194FF02E020135284683F89420ED
:106FF000C5F1FF02B242A8BF324692465946484404
:1070000016F037FAA41B55440BEB060106D00E7898
:10701000013C6B1E01F1010B002EDDD1002DD4BF10
:107020000022012200233D4485F8943087F829226C
:10703000A0E7002C9EDD3278002A9BD0A24299DA8C
:10704000612AA8BF6122711C144607F5CA7016F0A8
:1070500010FA00233A1982F894318BE7102B89D16A
:10706000002C87DD304610F8015B6A1CA41A06EB81
:10707000020B3FF57FAF07F5FB73DFF860A10193CB
:10708000032D17D902786E2A23D142786D2A20D198
:1070900090F80290B9F13D091BD1033D612DA8BFC5
:1070A0006125311D2A4607F5CA703D4416F0E1F905
:1070B00085F89491002C3FF45DAF584610F8015BC1
:1070C0005E466A1CA41A0BEB02033FF553AF9B46C6
:1070D000D6E7052DEED90522514616F01FF9814657
:1070E0000028E7D1053D292DA8BF292501982A466A
:1070F000B11D3D4416F0BDF985F8F691DAE7326826
:1071000087F82A32C7F8242234E70123B7F820226F
:1071100007F5CA7184F89230A4F8902027606122A4
:10712000201D16F00DF9292207F5FB7184F8655032
:1071300004F1660016F004F9FF2207F1940184F8C7
:107140008F5004A816F0FCF82346224A03A904A88D
:107150008DF80F5106F0D0FA00287FF425AF2246B3
:1071600003A904A8FFF7AAFE1EE794251A492A4698
:1071700004A816F07EF9D7F8240205F0B1FDB7F89F
:1071800020326122049007F5CA7106A8ADF81430C8
:1071900016F0D6F8292207F5FB710DF17A0016F0EA
:1071A000CFF8D7F88404D7F88034441C04F00304E3
:1071B0009C423FF4F9AE05FB00702A4604A900F595
:1071C0000C7016F056F9C7F88444EDE625462246C1
:1071D00028E700BFBD6E000028320200940F0200B5
:1071E00000201060704700BF2DE9F0470C6817467B
:1071F000220F032A0E46054684B048D0052A3FD107
:10720000C4F3036900F5804808EB4911C4F3C420B6
:10721000014491F88C10C4F30220C4F3035AC14016
:10722000BAF1020F4FEA142001F00101C4F3072460
:107230003ED022D80AF0010A002958D1052A40F090
:107240009680012308EB491808EBD40804F00704E2
:10725000A34098F88C20DBB2BAF1000F65D01A4336
:1072600088F88C20D5F8903073B13A463146D5F87D
:10727000980004B0BDE8F0471847BAF1030F21D0D9
:10728000D5F89030002BF0D104B0BDE8F087C4F3FE
:10729000036900F58048C4F3035A08EB0901BAF109
:1072A000020F4FEA142091F87C10C4F30724C0D1D8
:1072B0000029E5D1D8F890320133C8F8903204B0F3
:1072C000BDE8F0870029F5D0052AD5F8903049D1DE
:1072D000012108EB491808EBD40898F88C2004F039
:1072E0000704A14022EA010288F88C20BCE7052AA5
:1072F000D5F890304FEA09611CD1020292B20A43DC
:1073000042F0A04242F4441200920022CDE9012250
:10731000039223B104226946D5F898009847D8F81B
:107320008C320133C8F88C328BE722EA030288F8EA
:107330008C20A5E7002241F0405141F4401100911A
:107340000192BBB102226946D5F898009847D8F857
:107350008C325A1CD5F89030C8F88C22C84488F872
:107360007CA081E70022C84488F87C207CE7D5F81F
:107370009030F3E7D8F88C32C1440133C8F88C322E
:1073800089F87CA080E700BF2DE9F04F00F580452B
:10739000B5F874308346CB1A9AB21BB2002B89B071
:1073A00069DD4FF0000900F581470E460B374C466A
:1073B000BA4600F58053D3F8081800F580485218F3
:1073C00008F17B0838BFC3F808280297CDF8008081
:1073D0000396009A12F8013F0092002B40F095802E
:1073E00000275646B846CDF804A004E008F101088D
:1073F000B8F1200F32D016F8013F002BF6D04FEA3B
:10740000C80A00275FFA8AFA00E03378FB4049EAAD
:107410000A2242F0A04213F0010F42F4441210D0AD
:10742000DBF89030CDE905440794049223B104229F
:10743000DBF8980004A99847D5F88C320133C5F8D9
:107440008C3201370AF1010A082F5FFA8AFADCD17F
:1074500008F10108B8F1200F3470CCD1009B029ADA
:10746000DDF804A093420AF1200A09F18079B0D135
:10747000039EA5F874602E6F002E5CD00BF5C354EC
:107480000BF501520A342A3202E00834A24254D0E9
:10749000A379002BF9D02188B5F874309942F4D142
:1074A000B4F804800BF50157B4F802902C37B8F10A
:1074B000000F22D00026DFF8B8A006E0B04549D37F
:1074C0005846FFF791FEB04540D909EB060357F83F
:1074D000232007EB8301130F1AF803201644002A18
:1074E000ECD10BF58051D1F844282E6F571CB5F81C
:1074F000743002D00132C1F844280022013E013329
:10750000A2712E67A5F87430B6E749F04052DBF857
:10751000903042F44012CDE9042423B10222DBF87A
:10752000980004A99847D5F88C32009A013314705A
:10753000C5F88C3254E7A5F86C60DBF800000368EE
:10754000DB699847A86709B0BDE8F08F2E6FB5F8E2
:107550007430D2E70BF58051D1F848282E6F501CBB
:10756000B5F87430C9D00132C1F84828C5E700BF6A
:10757000BC32020000F5C35C0CF10A0C2DE9F04F9F
:1075800063460026834600F501548DB02A349A796B
:10759000DAB1002E00F0DB803588188803F108028C
:1075A000291A09B2002908DD944200F0FB80917984
:1075B0001E4649B105461346EFE703F10802A24211
:1075C00006D09379002BF6D113460833A342DED1BF
:1075D000002E00F0E4800BF5804331880393B3F86C
:1075E00074300BF58057D7F80828CB1A9BB29A183D
:1075F00003D2C7F80828002B59D04FF000090BF52B
:1076000081410BF580450B317B350694C8462C46ED
:107610000D46CDE904C6DFF8C8A10291079714F81A
:10762000012F002A40F099802E460027CDE9005412
:1076300002E00137202F2CD016F8012F002AF8D0B5
:10764000FD000024EDB200E032782B19DBB2E240FD
:1076500049EA032312F0010F43EA0A0311D0CDE9EE
:107660000838DBF89030CDE90A8823B10422DBF832
:10767000980008A99847039AD2F88C320133C2F8CF
:107680008C320134082CDFD10137202F86F800809E
:10769000D2D1029BDDE90054A34205F1200509F196
:1076A0008079BCD1DDE904C63188DDE90647039B5A
:1076B000BE469846A3F87410196F002965D0654638
:1076C00002E00835A54263D0AB79002BF9D02A88B7
:1076D000B8F874309A42F4D1B5F804A00BF501590A
:1076E0006F8809F12C09BAF1000F27D0CDE900C449
:1076F00000265446C246F04606E0B44254D35846EB
:10770000FFF772FDB4425FD9BA1959F82200334B22
:1077100009EB8201020F9A5C1644002AEDD1C6469D
:10772000DDE900C4DEF84428D046561CDAF87010B3
:10773000BAF8743002D00132CEF844280022013960
:107740000133AA71A8F87430C8F87010B5E71E4666
:107750000833A3427FF41BAF3AE749F04052DBF80D
:10776000903042F44012CDF82480089223B10222D6
:10777000DBF8980008A99847039B84F80080D3F8A9
:107780008C220132C3F88C224EE7039BA3F86C10C5
:10779000DBF800000368DB699847039B98670DB02E
:1077A000BDE8F08F1E4616E7C646DDE900C4DEF8E8
:1077B0004828D046501CDAF87010BAF87430BDD0A2
:1077C0000132CEF84828B9E7C646DDE900C4D04604
:1077D000DAF87010BAF87430B0E700BFBC320200BB
:1077E000000031502DE9F04F00F58048D8F8703096
:1077F000814689B033B14846FFF7BCFED8F87030F7
:10780000002BF8D1002209F5C35309F501511233B9
:10781000323103F8022C08338B42FAD14FF0000AC0
:10782000554609F581470B3709F58044DFF828B143
:107830000397C8F87020A8F86C2088F876207B346D
:1078400014F8012F002A71D13E460021CDE90147ED
:1078500002E0013120292CD016F8012F002AF8D09F
:10786000CF000024FFB2009100E032783B19E240E3
:10787000DBB24AEA032312F0010F43EA0B0210D0F5
:10788000D9F89030CDE905550795049223B104222B
:10789000D9F8980004A99847D8F88C320133C8F871
:1078A0008C320134082CE0D1009935700131202947
:1078B000D2D1039BDDE901479C4207F120070AF181
:1078C000807ABDD10122D9F8000000240368DB6969
:1078D00089F8E4219847C022C9F8E8012146C9F88F
:1078E000184189F81C41C9F8E041C9F81C42C9F89F
:1078F000204809F58F7015F009FD4B4689F80142C3
:1079000089F8194209F5C06283F835421833934269
:10791000FAD1002209F5036309F51B6903F8032C6A
:107920000C339945FAD109B0BDE8F08F4AF04052C6
:10793000D9F8906042F44012CDE9042526B1022224
:10794000D9F8980004A9B047D8F88C2225700132E4
:10795000C8F88C2278E700BF000031502DE9F043D1
:1079600000F5805595F8B43383B023B190F8A43076
:107970000446032B02D003B0BDE8F083D5E9E92328
:107980009A42F8D100680368DB699847D5F8AC33B0
:107990000646C31A002BEEDB04F59E571C374FF446
:1079A0008061384601F04EFF4FF000088146D4F860
:1079B0001C32434403F0010303EB430104EBC10118
:1079C00091F801222AB9B8F1000F17D14FF0010840
:1079D000EDE75A4202F01802B1F8EC3102F5F87204
:1079E00091F800122244CDE9002138464FF480621C
:1079F000494602F0DDF808B18144E4E74FF0000C9D
:107A0000B4F818314FF4806249463846CDE900CCCD
:107A100002F0CEF80028AED0214600EB090351F861
:107A2000AC0B3A4607683F69B8474FF48070D4F80A
:107A30001C32B4F8181103EB430204EBC202013309
:107A4000A2F8000203F00103A2F8EC11C4F81C3202
:107A5000D4F820384F1C03EB430204EBC20201337D
:107A6000A2F8340203F03F03A2F82012C4F8203831
:107A7000D5F8EC37A4F818715A1CD5F8B0231CBF00
:107A80000133C5F8EC37531C052BC5F8B0330AD8C1
:107A9000022B89BFFA230A2302F1FF3293403344B9
:107AA000C5F8AC3367E7002385F8B43363E700BF5C
:107AB0002DE9F04F00F58057D7F838388BB05E1CB1
:107AC0001CBF0133C7F838384B888A465ABA11466A
:107AD000ADF8062090F8E42104461FFA81F8DAB1E7
:107AE00063BBB44804F29D13001B04F2DD1101E0F6
:107AF000994236D013F8012F002AF9D030F813201C
:107B00004245F5D1D7F83C385A1C02D00133C7F8AA
:107B10003C380BB0BDE8F08F90F81C31002BE0D062
:107B200004F62403029304F6A41502E09D4200F03B
:107B300045835A7A0C33002AF8D0D2E700680368EC
:107B4000DB699847D4F8E831C31A812B40F3B2813E
:107B500094F81C31002BC4D094F8E431002BDFD012
:107B6000BFE704F6240304F6A41502930120D4F819
:107B7000E021BDF806C0111804EB420601F03F01F8
:107B80002244029BA6F81EC182F89E01C4F8E011AF
:107B90005A7A1AB11A88424500F0BD800C33AB42C4
:107BA000F6D120680368DB699847C7F8B8039AF8EC
:107BB0000190DAF808304FEA8902B3EB890FC0F080
:107BC000AD8004F5804696F87630B9F1000F00F0EC
:107BD000B080002B00F01F81B6F87430434500F0F0
:107BE0008383A8EB03031BB2002B40F35B81334676
:107BF00041F66A0B2E461D4604F5015E0EF12A0E73
:107C00000392CDF810E0296FDAF80430FF2900F272
:107C10006281B5F86C204A44B2F5006F00F35881D8
:107C200004EB0B029079002840F04D81AC461046E1
:107C300035466646BDF806C0039AA0F800C04FF06E
:107C4000010CB6F86CE0A0F80490A0F802E0B6F8D9
:107C50006CE080F806C0B9F1000F0BD00EF61A0CDC
:107C600004EB8C0C1A4453F8040B00BA9A424CF8FB
:107C7000040FF8D1CE444B1CA6F86CE0336729B949
:107C800020680368DB699847336FB067D7F810281E
:107C90009A4201D2C7F8103894F81C3173B3B4F883
:107CA0001A31A8EB03039BB25A1E12B2002A21DD3F
:107CB00020680368DB699847B4F81A61D7F804387C
:107CC0000136B6B2A8EB060292B2202A40F28B82AD
:107CD0009A42D7F8003888BFC7F80428D21801D2D2
:107CE000C7F8002894F81C3143B1B4F81A31A8EB56
:107CF00003039BB21BB2002B7FF70BAF01220023C3
:107D0000BDF8061084F81C21A4F81A1184F8E43197
:107D10000BB0BDE8F08F00225A7242E7D7F8443822
:107D20005C1C3FF4F6AE0133C7F844380BB0BDE835
:107D3000F08FD7F84018481C1CBF0131C7F8401815
:107D4000002B40F0A480012386F876304346C446D9
:107D5000AE46A04638460133316FA6F8743000298C
:107D600000F0358208F5C35908F5015209F10A09F6
:107D70002A3204E009F10809914500F0908299F84F
:107D80000630002BF6D0B9F80040B6F874309C42AB
:107D9000F0D1B9F8044008F5015BB9F802500BF1D5
:107DA0002C0B7CB3CDE9039C4FF0000AF146024F47
:107DB00005900CE0E2FDFFFFBC3202005445C0F02C
:107DC000C8824046FFF710FA544540F2B8820AEBE9
:107DD00005015BF821200BEB8101120FBA5C924484
:107DE000002AEBD10598CE46D0F84428DDF810C023
:107DF000551CDDF80C90316FB6F8743002D00132AA
:107E0000C0F8442800220139013389F80620A6F879
:107E100074303167A3E7BDF80630DAF804E0A6F85D
:107E20007430012386F8763003954FF0000B4D46F1
:107E3000F146DFF874A459F82B104FEA8B0EC1F30A
:107E400003121AF8022009BA002A00F0448293446F
:107E5000AB4500F33582012A06910CD00121CE44B6
:107E60000DF1180C5EF8213001311BBA4CF8043FBB
:107E7000CBB29A42F6D8204606A95FFA8BFBFFF7F1
:107E8000B3F95D45D7D8039DB6F874305FE7B6F80F
:107E9000743098453FF45BAFA8EB03031BB2002B93
:107EA0003FF7A5AED7F80C38591C1CBF0133C7F8F3
:107EB0000C38F1E6D7F80C385D1C3FF42AAE0133DC
:107EC000C7F80C3825E60498083290427FF4AAAE31
:107ED000002900F0A1802046FFF74CFBB5F8741094
:107EE00041457FF490AE2B4635461E46DAF8043005
:107EF000B9F1000F30D003954FF0000B1D46DFF8AD
:107F0000A8A355F82B104FEA8B0EC1F303121AF8F1
:107F1000022009BA002A00F009829344CB4500F3FD
:107F2000FA81012A06910CD00121AE440DF1180C02
:107F30005EF8213001311BBA4CF8043FCBB29A42B3
:107F4000F6D8204606A95FFA8BFBFFF74DF9D94515
:107F5000D7D8039DB6F87410C446AE46A04638463E
:107F60000131A6F87410316F002900F0308108F556
:107F7000C35908F5015209F10A092A3204E009F14E
:107F800008094A4500F08B8199F80630002BF6D09D
:107F9000B9F80040B6F874309C42F0D1B9F804400A
:107FA00008F5015BB9F802500BF12C0B5CB3CDE97D
:107FB000039C4FF0000AF146BB4F059008E0544582
:107FC000C0F0F5814046FFF70FF9544540F20182B9
:107FD00005EB0A025BF822000BEB8201020FBA5C90
:107FE0009244002AEBD10598CE46D0F84428DDF81B
:107FF00010C0551CDDF80C90316FB6F8743002D00B
:108000000132C0F8442800220139013389F80620E2
:10801000A6F874303167A7E72A463546164692F827
:108020007620C2B3B6F87420A8EB020212B2002A7E
:1080300031DD04F5C3520A32CDF80C90914604F5B7
:10804000015B0BF12A0B4B4600209A79002A00F0C5
:108050000C81002800F01B81B0F800E0B3F800C0EC
:1080600003F10802AEEB0C0109B2002940F3F480E1
:108070005A4500F0128191791846002900F0F480E9
:10808000E6461346EAE741462046DDF80C90FFF746
:108090007BF9DAF80430B9F1000F2ED003954FF0D8
:1080A000000B1D46DFF800A255F82B104FEA8B0E8F
:1080B000C1F303121AF8022009BA002A00F0218144
:1080C0009344CB4500F31381012A06910CD0012182
:1080D000AE440DF1180C5EF8213001311BBA4CF89A
:1080E000043FCBB29A42F6D8204606A95FFA8BFB32
:1080F000FFF77AF8D945D7D8039DC446AE46A046C7
:108100003846B6F87430316F0133A6F87430002960
:108110005DD008F5C35908F5015209F10A092A3260
:1081200004E009F10809914500F0B98099F806309A
:10813000002BF6D0B9F80040B6F874309C42F0D16C
:10814000B9F8044008F5015BB9F802500BF12C0BAB
:108150005CB3CDE9039C4FF0000AF146524F059005
:1081600008E05445C0F011814046FFF73DF8544502
:1081700040F2018105EB0A025BF822000BEB820161
:10818000020FBA5C9244002AEBD10598CE46D0F893
:108190004428DDF810C0551CDDF80C90316FB6F89E
:1081A000743002D00132C0F8442800220139013372
:1081B00089F80620A6F874303167A8E7B4F81A31B8
:1081C000A8EB03031BB2002B3FF7D0AC9AE4444664
:1081D0007546E0460746A6F86C1020680368DB6920
:1081E0009847B06758E59A4288BFC7F804284645C3
:1081F0003FF478AD4FF480792C4BDDF808A0A3EB69
:10820000040C04F29D1E04F2DD11734601E08B4262
:108210000CD013F8012F002AF9D03CF81320B242F9
:10822000F5D10136B6B24645EFD15BE553465A7AF1
:1082300012B11A88B242F4D00C33AB42F7D1534694
:1082400002E00C339D4233D05A7A002AF9D11E80C5
:108250005860A3F80890E4E703F10802934508D0BA
:108260009379002B7FF40DAF134608335B457FF401
:10827000ECAE00283FF407AF0388A8EB03031BB262
:10828000002B7FF700AF2046FFF774F9DBE61846B6
:1082900008335B457FF4D9AEEBE71846ECE744467C
:1082A0007546E046074698E7BC320200E2FDFFFF54
:1082B000D7F800385A1C1CBF0133C7F80038B0E7A4
:1082C000D7F84838039D5A1C02D00133C7F8483804
:1082D000B6F874303BE5D7F84438039D591CF7D005
:1082E0000133C7F84438F3E7DAF804E09CE5D7F83F
:1082F0004838039D5A1C3FF400AF0133C7F8483893
:10830000FBE6D7F84438039D591C3FF4F6AE013321
:10831000C7F84438F1E6D7F84838039D5A1C02D014
:108320000133C7F84838B6F8741015E6D7F8443862
:10833000039D591CF7D00133C7F84438F3E7CE4604
:10834000DDF810C0DDF80C900598316FB6F8743088
:1083500058E50598CE46D0F84828DDF810C0541CE2
:10836000DDF80C90316FB6F874303FF44BAD01324C
:10837000C0F8482846E5CE46DDF810C0DDF80C9080
:108380000598316FB6F874300FE70598CE46D0F8EF
:108390004828DDF810C0541CDDF80C90316FB6F899
:1083A00074303FF402AF0132C0F84828FDE605986A
:1083B000CE46D0F84828DDF810C0541CDDF80C90EB
:1083C000316FB6F874303FF41EAE0132C0F8482861
:1083D00019E6CE46DDF810C0DDF80C900598316F37
:1083E000B6F874300FE600BF2DE9F0410B780E4669
:1083F0008F2B044617468AB03FD81A0628D4013B73
:10840000DAB2202A6FD8202B6DD8DFE813F0ED0206
:10841000B8026C006C006C006C006C006C006C00AE
:108420006C006C006C006C006C006C009E028202A0
:1084300049026C006C006C006C006C006C006C00FD
:108440006C006C006C006C006C006C001E020F0273
:10845000803B0F2B47D8DFE813F0A301F300BE00E9
:10846000AA00460046004600460046004600460078
:1084700046004600460046007B00F12B5CD0FF2BF7
:1084800000F06381F02B2ED100F58052D2F82C3809
:1084900004F59E55581C1CBF0133C2F82C388B784C
:1084A0001C354FF48061284684F8A53001F0CAF9E4
:1084B00006464FF480622846314601F06FFB2146A4
:1084C000331851F8AC0B2A4605682D69A8470021DE
:1084D000D4F8943084F8A4105BB3D4F898000AB0B0
:1084E000BDE8F041184704F59E5533681C354FF43C
:1084F00080612846029301F0A5F90021064601910A
:1085000002A901234FF4806228460091314601F010
:10851000DBFA331820682A46056839462D6904F5C8
:108520008054A847D4F8F0375A1C02D00133C4F85D
:10853000F0370AB0BDE8F08190F8A430052BF8D1EF
:108540000021D0F8943080F8A410002BC5D1F0E7BA
:1085500000F58055D5F8F43700685E1C1CBF013368
:10856000C5F8F4370368DB69984704F50361002216
:108570000B46C5F8B80304F51B6513F8030C0C3360
:10858000AB420244F9D1002AD3D0002301F8033CC6
:108590000C31A942FAD104F58046336F002BC8D0C4
:1085A0002046FEF7E7FF336F002BF9D1C1E700F556
:1085B0008055D5F8FC375F1C1CBF0133C5F8FC376C
:1085C000FFF710F920680368DB699847C5F8B8031E
:1085D0000AB0BDE8F08100F58055D5F8FC3704F508
:1085E0009E565A1C1CBF0133C5F8FC371C36FFF7DA
:1085F000F9F84FF48061304601F024F907464FF452
:1086000080623046394601F055FA21463B1851F850
:10861000AC0B324606683669B04720680368DB69F0
:10862000984794F8A430C5F8B803032B81D00321F0
:10863000D4F8943084F8A410002B7FF44EAF78E780
:1086400090F8A430032B40F0858000F58055D5F8D4
:10865000E837591C1CBF0133C5F8E8377378002B85
:1086600000F02E82B368012B40F22A827368B3F8BF
:10867000008098FA98F81FFA88F804F5804696F872
:108680007630002B00F02882B6F87430434504F6AB
:10869000240300F07B82002004F69811C91A03F12C
:1086A000180221F0030111440C3313F8032C42B1DA
:1086B00033F80C2CA8EB020212B2002AC8BF03F850
:1086C000030C0C338B42F0D196F87630002B3FF43C
:1086D00079AFB6F87430A8EB03031BB2002B7FF719
:1086E00071AF04F5C35604F501570A362A373346ED
:1086F00000209A79C2B1002800F0D181B0F800E0E2
:10870000198803F10802AEEB010C0FFA8CFCBCF1E6
:10871000000F40F3C681BA4200F0D0819079002862
:1087200040F0C8811846134608339F42E1D1002823
:1087300000F0CD810388A8EB03031BB2002B40F3AC
:10874000C6812046FEF716FFD1E790F8A430032B30
:1087500000F0A28104F58052D2F8283804F59E5525
:10876000591C18BF013305F11C0518BFC2F8283881
:108770004FF48061284601F065F8052306464FF462
:1087800080623146284601F081F92A46394633187D
:10879000206804682469A4460AB0BDE8F041604737
:1087A00090F8A430032BD5D100F58055D5F8E037EB
:1087B00000265F1C1CBF0133C5F8E037B1F802800A
:1087C000074698FA98F803461FFA88F805E001363C
:1087D000402E03F1180300F0828193F83522002A1D
:1087E000F5D0B3F820224245F1D104F59E551C3551
:1087F0004FF48061284601F025F8074606EB46064F
:1088000004EBC601B1F8203201F5097691F8341273
:108810004FF48062CDE900612846394601F0C8F97D
:1088200021463B182A4651F8AC0BB2E700F58055BB
:10883000D5F824385A1C1CBF0133C5F8243890F8E9
:10884000A430032B7FF475AEBCE600F58055D5F857
:1088500020383046591C1CBF0133C5F8203801F0C0
:108860003BFA04F59E561C3680464FF48061304634
:1088700000F0E8FF434680464FF4806230464146B0
:1088800001F0AEF808EB000320683246066839466E
:108890003669B04794F8A430032B7FF44AAE91E6D2
:1088A00090F8A830012B7FF444AE90F8A430012B4F
:1088B0007FF43FAED0F8A00000283FF43AAE8B68BA
:1088C0000F2B7FF636AE036802AF3A461B69496844
:1088D000984700283FF42DAE04F59E551C354FF403
:1088E0008061284600F0AEFF064604F1660331467B
:1088F00000934FF48062231D2846019700F0CEFFBD
:108900002146331851F8AC0B2A4604682469A04765
:108910000FE690F8A830012B7FF40BAE90F8A4304E
:10892000012B7FF406AE4FF6FF72B0F8A63004F5C7
:10893000805493421CBF0133A0F8A630006803683E
:10894000DB699847C4F8C003F3E590F8A830012B21
:108950007FF4EFAD90F8A430012B7FF4EAAD002551
:10896000084662222B4604F1B601009501F074F925
:108970002046FEF737FF206884F8E4517CE090F849
:10898000A850002D7FF4D5AD90F8A430022B7FF4D1
:10899000D0AD8B681F2B7FF6CCADD0F8A00048B1CE
:1089A00003684A6804F59E51DB680C31984700283B
:1089B00040F03C8104F58052D2F82838581C02D08F
:1089C0000133C2F8283804F59E551C354FF48061F8
:1089D000284600F037FF064643234FF480622846BE
:1089E000314601F053F86AE590F8A850002D7FF465
:1089F000A0AD90F8A430032B00F0A58013F0FD0F7C
:108A00007FF497AD00233A683046C4F8AC20BA88AA
:108A100004F1B601A4F8B0206222009301F01CF921
:108A2000D4F8A00004F1AC0728B103689B6898470C
:108A3000002840F0C18004F59E551C354FF480613C
:108A4000284600F0FFFE064604F166034FF48062FC
:108A5000284631460093231D00F06AFF3318206832
:108A60002A46056839462D69A8472046FEF7BAFE12
:108A70000023206884F8E4310368DB699847032108
:108A8000D4F8943004F58052C2F8B80384F8A410E6
:108A9000002B7FF422AD4CE5FFF70AF849E51846B4
:108AA00042E6BA423FF443AE9379002B3FF43BAE2B
:108AB000134625E618468E46134621E6184639E643
:108AC000B6F8028098FA98F81FFA88F8D5E541467A
:108AD0002046FEF759FC75E504F62403DBE5D5F8DE
:108AE000E4374FF48061581C1CBF0133C5F8E437EC
:108AF00004F59E551C35284600F0A4FE0646B4F841
:108B0000180104F5C06C97F835325BB1B7F8202234
:108B1000A2EB08031BB2811A002B09B202DD002967
:108B2000C8BF10461837BC45EDD101234FF4806211
:108B300031460090284600F07FFF214633182A4630
:108B400051F8AC0B25E63A68D0F8AC309A427FF485
:108B5000F0ACB0F8B020BB889A427FF4EAACD0F811
:108B6000A00000287ED003689B689847002879D031
:108B7000D4F8943084F8A450002B3FF443AF294636
:108B8000D4F89800984794F8A43037E704F50362C6
:108B900004F51B6003E00C3290423FF47CAD12F808
:108BA000031C0029F7D032F80C1C4145F3D108F121
:108BB00001081FFA88F86EE504F59E560C36102160
:108BC000304600F0E3FDA0B904F58052D2F8283811
:108BD0004FF480615D1C04F59E5518BF013305F10B
:108BE0001C0518BFC2F82838284600F02BFE432386
:108BF000C4E504F59E551C354FF48061284600F00D
:108C000021FE334606464FF480622846314600F086
:108C1000B1FE331820682A46056839462D69A847F1
:108C200020680368DB699847022129E704F59E560E
:108C30001C364FF48061304600F004FE074604F114
:108C40006603394600934FF48062231D304600F0DE
:108C50006FFE21463B1851F8AC0B32460668366968
:108C6000B04785E6002704F59E551C356222304644
:108C70003B4604F1B601009700F0EEFF4FF480612F
:108C8000284600F0DFFD064604F166034FF48062DB
:108C9000284631460093231D00F04AFE2146331832
:108CA00051F8AC0B2A4605682D69A8472046FEF707
:108CB00099FD206884F8E471036804F58054DB6949
:108CC0009847C4F8B80334E42DE9F041074644F26C
:108CD00094201E460C469046F7F786FB4146054613
:108CE0008C2240F8044B14F0C4FB96E807000024E3
:108CF0004FF47F4E4FF0010C05F1900383E807001D
:108D0000C5F8A4E085F8A8C021466222C5E9274439
:108D1000C5F8AC40A5F8B040A5F8B44005F1B600E0
:108D200014F0F4FA21468022C5F8184185F81C4158
:108D300005F58F7014F0EAFA2146402205F5CF7050
:108D400014F0E4FA21463022C5F8E04185F8E44108
:108D5000C5F8E84105F5F67014F0D8FA21464FF44D
:108D6000C062C5F81C4205F5087014F0CFFA214620
:108D70004FF4C072C5F8204805F6240005F580566A
:108D800014F0C4FA21464FF4206205F6A41014F042
:108D9000BDFA2146C6E9E944C6E9EB44C6E9EE441A
:108DA000C6E9F044C6E9F244C6E9F44486F8B4439F
:108DB000C6F8D8434FF4806206F5777014F0A6FA2F
:108DC0002146782206F2DC7014F0A0FA214686F8DB
:108DD0005448C6F8584886F85C48C6F86048C6F853
:108DE000644886F868484FF4006206F66A0014F09A
:108DF0008DFA05F5015005F5804621464FF40052E5
:108E00002C3014F083FA4FF400722146C6E91E4458
:108E1000C6E92044A6F86C403467A6F8744086F88A
:108E20007640C6F8884006F18C0014F06FFA384698
:108E3000C6E9A3443D60BDE8F08100BF10B504461B
:108E4000006818B144F29421F7F7D0FA204610BD1B
:108E500070B54FF0000C1446026805461068C2F861
:108E6000A030036882F8A8C09B68A2F8B410C2F8CA
:108E70009C400E46984734B12A6823683146204604
:108E80009B680432984700212B68D3F8942083F81C
:108E9000A41022B1BDE87040D3F89800104770BD0F
:108EA0002DE9F0430468054683B0002C49D00846FC
:108EB0004FF00108A4F8B42011460268C4F8AC20B1
:108EC00082882068C4F8A0300368A4F8B0209B68AA
:108ED00084F8A880984700222B681868A3F8A62079
:108EE0000368DB6998472C684FF4806104F59E564F
:108EF0001C368146304600F0A5FC074604F16603A7
:108F00004FF48062304639460093231D00F0A4FCE4
:108F100021463B1851F8AC0B3246066804F58054E4
:108F20003669B0472B68D3F89420C4F8C09383F80F
:108F3000A48032B14146D3F8980003B0BDE8F043B5
:108F4000104703B0BDE8F0832DE9F041046894F8C0
:108F5000A4300BB9BDE8F08104F58052D2F828386E
:108F600004F59E56591C18BF013306F11C0618BFA4
:108F7000C2F8283805464FF48061304600F062FCA4
:108F8000074600234FF480623946304600F07EFDEC
:108F900021463B1851F8AC0B324604682469A047BF
:108FA0002C68206804F580540368DB699847052124
:108FB0002B68D3F89420C4F8C40383F8A410002AC3
:108FC000C8D0BDE8F041D3F8980010472DE9F04F24
:108FD0000368ADF23C4D0546029018680024036812
:108FE000DFF8F4B6DB6998472B680546186803F587
:108FF0008053D3F8589883F85C48036809949E69B5
:10900000ADF828405E45079440F0BB814A464FF0DA
:109010000008A9464FF0040A1546DDF808B05C695F
:109020000EAA4FF4806309A9A047044607900028C0
:1090300000F0E68221460EA8DBF8007000F0DEFDAD
:1090400050B30023F022CDF820A0CDE90B230D93DF
:1090500007F580560CE0D6F834383846591C18BF4E
:10906000013309AA0BA918BFC6F83438FFF7BCF9B9
:1090700021460BAB08AA0EA800F0CEFD0028EAD1CD
:10908000089B9C4208D907F58057D7F84C28E31A6B
:109090009B1801D2C7F84C381DB108F101084545AD
:1090A00004D9DBF8003018680368B8E74D460122A0
:1090B000029B1C6804F5805383F85C2894F8A43064
:1090C000012B00F03381032B40F0B48004F5805372
:1090D00093F85498B9F1000F40F0968241F2DC38D1
:1090E000DDF808A004F5036604F51B670EE006F83A
:1090F000039C92F8763033B1B2F8743036F80C2C09
:109100009A4200F077820C36BE423FD016F8033CFC
:10911000002BF8D056F8083CEB1A132BF3DD16F8A9
:10912000043C04EB0800022B04F58042DFD84FF426
:10913000806100F087FB0446DAF8003021464FF4E6
:10914000806203EB080036F80C3C00F061FCDAF8B2
:1091500000102318086801EB08020468AC31246988
:10916000A047DAF800400C3604F58052D2F8DC371C
:10917000591C1CBF0133C2F8DC3716F8103C46F806
:10918000145C013306F8103CBE42BFD104F58043A5
:109190001A6F22B19B6FEB1A812B00F3668242F2A9
:1091A0000F7204F58056D6F8B833EB1A934205DDFA
:1091B000D6F8BC33EB1A934200F35D82D6F86028F0
:1091C000D6F8A433D6F8A813002A40F0EB81042285
:1091D000D6F8A433D6F8A81305950027154604F54C
:1091E0009E5B0BF11C0B8B421CD04FF480615846E8
:1091F00000F028FB4FF000088146D4F81C324344AD
:1092000003F0010303EB430204EBC20292F80112E4
:10921000002940F00781B8F1000F40F01B814FF0AA
:109220000108EAE7059D029C2068FEF797FB246889
:1092300094F8A4309A1E012A49D804F58056D6F82D
:10924000B833EB1A002B6DDDD6F85028934247F265
:109250002F5288BFC6F85038934263DDD6F83038B5
:10926000591C1CBF0133C6F83038D6F828384FF4E3
:1092700080615A1C1CBF0133C6F8283804F59E567D
:109280001C36304600F0DEFA074604234FF48062B5
:109290003946304600F0FAFB21463B1851F8AC0B3A
:1092A000324604682469A0470521029C236803F51F
:1092B0008052C2F8C453D3F8942083F8A410002A33
:1092C00030D0D3F898009047246894F8A430052B48
:1092D00028D104F58053D3F8C433EB1AB3F5FA6FF1
:1092E00020DB20680368DB689847029C236893F8BA
:1092F000A82032B91868B3F8B41003689B6898477F
:109300002368D3F89C0020B10368DB689847029B70
:109310001B680021D3F8942083F8A41012B1D3F86D
:10932000980090470DF23C4DBDE8F08F04F5805653
:10933000D6F8C033EB1AB3F57A7FF3DB04F59E570A
:109340001C374FF48061384600F07CFA804604F107
:1093500066034FF48062414600933846231D00F0B7
:109360007BFA214608EB000351F8AC0B3A4604683F
:109370002469A047029B1C68C6F8C05394F8A43027
:1093800058E707AA09A9B047002800F0A081039573
:10939000A0464D464FF0040A8146079C029B214699
:1093A00048461F6800F02AFC50B30023F022CDF895
:1093B0002CA0CDE90E23109307F580560CE0D6F8CB
:1093C000343809AA581C18BF013338460EA918BFF3
:1093D000C6F83438FFF708F8214648460EAB0BAA0A
:1093E00000F01AFC0028EAD10B9B9C4208D907F533
:1093F0008057E41AD7F84C38E41801D2C7F84C4823
:1094000025B108F10108454540F2F280029B1C6835
:10941000206803689B695B4540F0DC800023039D66
:1094200007934BE6584200F0180092F800C200F58E
:10943000F8702044B2F8EC314946CDE9000C4FF405
:109440008062584600F0B4FB20B18144B8F1000FAF
:109450003FF4E5AED6E9E92393423FF4E3AE4FF0A3
:10946000000A4FF00108CDE90375B4F8183158E04F
:10947000D6F8A433B4F81811013303F07F03C6F80B
:10948000A433D4F81C3297F8B42903EB430304EB5C
:10949000C300A0F8EC1180F800222946920000F5E4
:1094A000F870E14413F0E5FFD4F81C22D4F820084A
:1094B00097F8B479B4F818C100EB400002EB420110
:1094C000013204EBC00304EBC10102F0010281F898
:1094D000018203F50970C4F81C222946BA00A3F8DA
:1094E00020C283F8347213F0C4FFD4F82028B4F8F3
:1094F000183102EB4201013204EBC10102F03F02DC
:1095000081F835820133C4F82028D6E9E9219BB2DD
:109510008A42A4F818310AF1010A66D0BAF1200F84
:1095200063D002EB82029200A71897F8B4C902F642
:10953000A412A518CDE9005C4FF480624946584654
:1095400000F036FB8446002892D1DDE90375BAF1BC
:10955000000F3FF467AE214651F8AC0B5A46D0F8E5
:1095600000C04B46DCF81080C04720684FF001086F
:1095700003684744DB699847C6F86408206886F8A2
:1095800068880368DB6998470023FA30BD4286F893
:10959000B483C6F8B033C6F8AC033FF443AED6E9A3
:1095A000E93120E68B4213D096F8682882B1206812
:1095B0000368DB699847D6F86438D6F86028C31A80
:1095C0009342FFF630AED6E9E931002A3FF4FFAD11
:1095D000012201E607AA09A99847814600287FF4DD
:1095E000DCAEDDE902351C6868E5DDE90375B2E74C
:1095F000039D5CE52046FDF7BDFFDAF8004082E5FB
:10960000029B4D461C6859E5002241F2DC3683F886
:1096100054284FF48061A01900F014F90446029F09
:1096200021463B684FF48062981900F025FA3968AA
:10963000231808688A190468AC312469A04738687F
:10964000FEF7D0F83C6804F58053D3F8F827C3F848
:10965000B853501C1CBF0132C3F8F82794F8A4304B
:109660009A1E012A7FF65EAE31E62046FDF782FFA4
:10967000029B1C6893E541F2DC364FF48061A0192F
:1096800000F0E0F80446029F4FF480623B6803F567
:1096900080519819D1F8C8330133C1F8C833214635
:1096A00000F086F93968231808688A190468AC3113
:1096B0002469A0473C6804F58056D6F81C38C6F8E3
:1096C000BC53581C1CBF0133C6F81C3876E5029BFE
:1096D0001B681868036899E4E171000038B5044616
:1096E000006890F8A430032B23D1531E032B20D8FD
:1096F00000F5805CDCE9E95303F1010C0CF07F0C10
:10970000AC4516D003EB830300EB830585F8B42941
:1097100005F6A410920013F0ACFE0120226802F5B9
:109720008052D2F8A833034403F07F03C2F8A83371
:1097300038BD002038BD00BF38B504460D6878221A
:1097400005F5BE511C3105F5804513F092FED5E9B3
:10975000A3322046C4E90E3238BD00BF036893F837
:10976000A420032A08D103F58053D3E9E903013883
:10977000C01A00F07F00704700207047036893F81C
:10978000A4007047036893F8A500704791B170B4C6
:10979000094E01443368094D094C0138013905FB74
:1097A00003431A0C00F8012F8142F8D100203360E6
:1097B00070BC7047002070476C0700200D661900D0
:1097C0005FF36E3C2DE9F0470646184698460C4676
:1097D000174613F05BFE00F1040C2CF00305099B07
:1097E00004EB050A4FEA9C0C574583F800C002D2EF
:1097F0000020BDE8F087814634442A4600212046F7
:1098000013F084FD4146204609F1010213F031FEB8
:10981000089813F03BFE041D24F003040AEB040334
:109820009F428046E4D3564422460021304613F03E
:109830006DFD3046089908F1010213F01AFE28194F
:10984000BDE8F0870346032983BF024A04201A605B
:10985000002070474D49444970B50C46043191428F
:1098600084B002D9002004B070BD089E0546009661
:109870000DF10F060196FFF7A5FF0028F2D04FF07B
:10988000010C00229DF80F102B198608043005F8F2
:1098900004C05E709970DA7004B070BD2DE9F043B9
:1098A00001F1040C85B094450D9E04D80C4624317A
:1098B0009142964603D9002005B0BDE8F083D6F862
:1098C0000090D6F80480B768D6F80CE040F80C9009
:1098D0008444CCF80480CCF80870CCF80CE0D6F8BE
:1098E0001090D6F81480B769D6F81CE00C9ECCF81E
:1098F0001090CCF81480CCF81870CCF81CE00096CE
:109900000DF10F0601960546FFF75CFF0028D2D047
:10991000022700219DF80F6000F120022B19FA4068
:1099200024302F555A709E70D97005B0BDE8F08371
:1099300070B50C460431914284B002D9002004B0C5
:1099400070BD089E054600960DF10F060196FFF7C3
:1099500039FF0028F2D04FF0100C00229DF80F10B4
:109960002B198608043005F804C05E709970DA700F
:1099700004B070BD01F1140C944517D801F1040C2A
:10998000624528BF40F2124210B528BF42501C6801
:10999000D3F804E09968DB6800EB0C0240F80C4057
:1099A000C2F804E09160D360142010BD002070471D
:1099B000844601F1080090420FD800B501F1040E71
:1099C000724528BF4FF490721BBA28BF4CF8012093
:1099D0004CF80E3008205DF804FB0020704700BFF3
:1099E000844601F1080090420FD800B501F1040E41
:1099F000724528BF40F221121BBA28BF4CF8012043
:109A00004CF80E3008205DF804FB0020704700BFC2
:109A10008446081D82420CD310B580240CEB010251
:109A20004FEA132E2CF8014082F802E0D370042094
:109A300010BD0020704700BF30B501F1040E724523
:109A4000BDF80C4016D3844640F2811000252CF856
:109A500001000CEB0100083191428370C57009D8F8
:109A600008200CEB0E0324FA00F20CF80E205C70B8
:109A70005D8030BD002030BD0346081D824223BFFB
:109A8000822204205A500020704700BF8446081DDF
:109A900082420CD310B5F0244FF0000E0CEB010203
:109AA0002CF80140937082F803E0042010BD0020E0
:109AB000704700BF0346081D824223BF8322042053
:109AC0005A500020704700BF2DE9F041DDE90676CD
:109AD000002E4ED03478002C5AD0B6464FF0000CF1
:109AE00002E0BCF1C80F4ED01EF8014F65460CF1E4
:109AF000010C002CF5D10435C5F3870E0EF10204DC
:109B0000E4B20EF1010EA4005FFA8EFE0C44944202
:109B10002CD80C1DA24229D38F224FF000084254AA
:109B20003A464418A370CB1C84F801E000F8038087
:109B300007F1040E034417B314780132724503F899
:109B4000014FF8D1032D1CD00023073125F0030568
:109B500008449C4594BF0022F25C01339D4200F80A
:109B6000012FF6D105F10800BDE8F0810020BDE825
:109B7000F0814FF0010E08240325B446C6E73C46A9
:109B8000DBE70820F3E74FF0330ED024CB25BDE709
:109B9000A4464FF0010E08240325B7E70346081D2D
:109BA000824223BFF12204205A500020704700BF98
:109BB00030B5049C01F1040E0EEB840595421BD8D0
:109BC000042C19D872454FEA840C06D3FF22425464
:109BD0000144CB701B0A4C708B7054B1039B7044D2
:109BE00003EB0C0153F8042B12BA8B4240F8042B00
:109BF000F8D10CF1040030BD002030BD072906D992
:109C00000068044BC01AB0FA80F040097047002089
:109C1000704700BF4D49444930B41468251D8D423A
:109C200017D8055D04441D7065785D7094F802C016
:109C3000AD0083F802C0E4789D60DC7014680434E1
:109C4000254420448D42586003D80120156030BC63
:109C50007047002030BC70472DE9F0470478054676
:109C6000A4F10204B4FA84F464099846089E90F8BA
:109C700002A064012AB183688946A3421CD800234C
:109C80000B703EB1AB6804EB8A04A34204D80023F6
:109C900088F80030BDE8F087013E1B1B9E4228BFBC
:109CA0001E46696840463246214413F0E2FB002319
:109CB00008F80630BDE8F087571E1B1B9F4228BFDF
:109CC0001F4641683A464846214413F0D2FB002320
:109CD00009F80730D5E700BF8368032B83BF4368CB
:109CE000186800BA0020704706F004BE00B583B0C3
:109CF0000BF0DEFA0BF0A8FA264B1B6813B1264ACC
:109D000010689847254D264E0EE058B10BF0BAFA70
:109D1000224601A928460BF0F5F904460BF094FA07
:109D2000013411D10AF048FD0BF0CAFA0AF068FDBF
:109D3000431C0446E9D10BF0A5FA002201A92846EC
:109D40000BF0E0F90BF080FA019C7CB12378012B39
:109D500014D0022B0ED04BB9D4E902136068984797
:109D6000A0B92146062006F057FADDE730460BF091
:109D70005FFAD9E7D4E901309847D5E7D4E9013053
:109D800098472146052006F047FACDE7606806F0BF
:109D9000B1FDE6E7C8650020C4650020C06500206D
:109DA0009C0F0200F8B5104B07461B680E4615467F
:109DB0007BB1062006F002FA044690B10023C0E908
:109DC000026547600146237007480BF06DF920B922
:109DD000F8BD06480BF02CFAEBE72146062006F00A
:109DE0001BFA4FF0FF30F8BDC0650020BC0F020029
:109DF00091F84D3013F0180F02D0034AFFF7D2BF8D
:109E0000024AFFF7CFBF00BF194F0100ADF40000B9
:109E10000F4B70B51B6806460D4673B1052006F062
:109E2000CDF9044688B10123C0E9016501462370DC
:109E300007480BF039F920B970BD06480BF0F8F966
:109E4000ECE72146052006F0E7F94FF0FF3070BD42
:109E5000C0650020BC0F020030B505460C4683B03B
:109E600003F052FC114A124B4021124815601C604D
:109E70000BF0FEF870B910480BF074F990B9082493
:109E80004FF4806300220D4900940D480BF09CF9BB
:109E900003B030BD0B480BF0CBF907480BF062F96B
:109EA0000028ECD008480BF0C3F9E8E7C8650020AB
:109EB000C4650020C0650020BC650020ED9C00004A
:109EC00014100200CC0F0200F00F020001460148FE
:109ED000FFF79EBFE99C00008A7C837C00B513439A
:109EE000D1F80EC0837491F813E0D0F80E30C27C24
:109EF00043EA0C0342EA0E02C0F80E30C2740A7D37
:109F0000037D134303758B7883708B7A83720B8880
:109F100003800B7B03735DF804FB00BF00234FF04D
:109F2000100C1F4A12780A3250F82220C1E900337F
:109F3000C1E90433CB608B608B6181F80EC0136C78
:109F40009BB181F80FC0536CCBB181F810C043684E
:109F500023B94023CB7440230B7570474023012263
:109F6000CB7440234A740B757047536C8BB181F8E6
:109F700010C04368002BEED001234B74EBE743681D
:109F800023B1012240234A74CB7470474023CB7421
:109F90007047436813B101234B747047704700BF8B
:109FA0009866002070B50D4604462A46818982B025
:109FB000806801F06BFF4FF6FF729042A08128D0BD
:109FC00003460222A0680DF1060106F01DFF0228DB
:109FD00006461ED1A389BDF806000233A38102F014
:109FE0007BFE3246A5F80401A389A0680DF10601A5
:109FF00006F00AFF02280CD1A389BDF8060002333F
:10A00000A38102F069FE03460020A5F8063102B0E4
:10A0100070BD6FF00500FAE770B50D46418A82B059
:10A0200051BB044683681889A389984224D31388B6
:10A0300013B3013B138028464FF48A7213F066F97C
:10A0400029462046FFF7AEFF064610B1304602B063
:10A0500070BDB5F80631A06803F40042A5F80821E8
:10A060000422C3F30E01A389A5F806110DEB02012A
:10A0700006F0CAFE042804D06FF00506304602B090
:10A0800070BDA38901980433A38102F029FE022246
:10A09000C5F80C01A389A0680DEB020106F0B4FE1F
:10A0A0000228E9D1A389BDF802000233A38102F09E
:10A0B00013FEA389A5F81001A5F812310344A3816A
:10A0C000C4E700BF70B5B1F806310C46012B054658
:10A0D000C2B005D0FF2B03D00026304642B070BD81
:10A0E0000022294601A802F085F8C0B1002601220D
:10A0F000294601A802F07EF80028EED1204601A9E9
:10A1000001F0DEFE0028E8D0B4F80431212B1AD08B
:10A11000FF2B15D0102BE0D146F08006DDE720465E
:10A1200001A901F0CDFE0028E0D0B4F804610C2EA6
:10A130000CD0A6F1FF06B6FA86F676093601D6E708
:10A1400046F04006E8E746F04006C6E71026CEE7B0
:10A1500038B51E4B1B780A3350F8234094F8CA30A8
:10A1600094F8C950013384F8CA300BF02BF804EB93
:10A170008505C5F88C0094F8CA3094F8C9200E2BD8
:10A18000134B09D80132A3FB0213DB08C3EB031303
:10A19000D31A84F8C93038BD511CA3FB0103DB0876
:10A1A000C3EB0313CB1A42F20F7104EB820204EBF0
:10A1B0008300D2F88C20D0F88C0084F8C930121AB1
:10A1C0008A429CBF012284F8C82038BD98660020CE
:10A1D000898888882DE9F04F15461C46B2F806217B
:10A1E000B3F80631ADF5037D9A420ED00BD80123AA
:10A1F00000208C9A13700DF5037DBDE8F08FAE4200
:10A2000000F08C80F3D20223F2E7B5F80431B4F801
:10A2100004219342EAD1212B07460E4627D0B4F8F9
:10A220001031B5F810219A46934228BF9246BAF1F0
:10A23000000F70D04FF0000901E0CA4567D0B5F8B3
:10A2400012111FFA89F8414489B2B86806F0AAFED3
:10A25000B4F81231834608EB0301B06889B206F006
:10A26000A1FE834509F10109E7D0C0D9CBE74FF042
:10A270000009B5F812111FFA89F8414489B2B8688B
:10A2800006F090FEB4F81231824608EB0301B06884
:10A2900089B206F087FE824509F10109A6D1B9F11C
:10A2A000060FE6D1B5F812116A460631B86889B2D0
:10A2B00001F0ECFD4FF6FF75A84231D0B4F8121151
:10A2C000B068063189B241AA01F0E0FDA84227D06A
:10A2D000684601F0EDFD41A801F0EAFDBDF8046219
:10A2E000BDF800513446AE4228BF2C46002C86D023
:10A2F0006B4641AA1C4401E0A34280D013F8010B35
:10A3000012F8011B8842F7D07FF671AF7BE7B5F8F2
:10A310001021B4F810319A427FF468AF002367E748
:10A320006FF0050067E700BF2DE9F04FB0F80AA015
:10A3300098460B8BC9B0BAF1030FB1F80CB0ADF869
:10A340000A3048D806460C469146BAF1000F3FD075
:10A3500000250DF109070EE043462146204603AAD9
:10A360000097FFF737FF88B93A787389022A10D02F
:10A370000135AB4223DD36F8153020460DF10A02D7
:10A3800003A9A381FFF748FE0028E5D049B0BDE846
:10A39000F08FAB4203F1010708DB7A1B681C520007
:10A3A00006EB400006EB450112F096FF002026F870
:10A3B00015907781A4F80CB049B0BDE8F08F5546F0
:10A3C0005F1C26F8159000207781A4F80CB0F3E705
:10A3D00055460127EAE74FF0FF30D7E7826838B5E6
:10A3E000128983899A421CD3438A0446CBB10D4615
:10A3F000013B002143824FF48572284612F086FF0C
:10A4000029462046FFF7CEFD00B138BDB5F806312C
:10A4100003F40042C3F30E03A5F80821A5F80631A2
:10A4200038BD6FF0050038BDF0B5B1F804310D4608
:10A430000C2B0446C3B00FD0FF2B0DD001AE00276C
:10A44000184B30461B780A3354F8231001F0DCFD1A
:10A45000A8B1384643B0F0BD6368002BEED001AE22
:10A460003046211D01F068FD0028E8D1314628461C
:10A4700001F026FD071E18BF01277F00E0E73146E7
:10A48000284601F01DFD0028E3D06368002BE0D0D2
:10A49000B5F80431012B01D0FF2BDAD147F00107C9
:10A4A000D7E700BF9866002070B5C2B0044601A887
:10A4B0000E4601F0E7FD78B100250022214601A8F3
:10A4C00001F03AFEF8B10122214601A801F034FE64
:10A4D00040B3284642B070BD304601A901F0F0FCFF
:10A4E0000028E9D0B6F804510C2D2FD0A5F1FF05B6
:10A4F000B5FA85F500226D09214601A82D0101F06C
:10A500001BFE0028DFD1304601A901F0D9FC00284C
:10A51000D9D0B6F804310C2B01D0FF2BD3D145F0A4
:10A520002005D0E7304601A901F0CAFC0028D0D0B0
:10A53000B6F80431212B06D0FF2B09D0102BC8D13F
:10A5400045F08005C5E745F04005C2E71025B4E7B2
:10A5500045F04005F4E700BF2DE9F04FAF4B9346BF
:10A560001B78CA8A0A3350F823C0ADF54F7D002A04
:10A5700052D08A46CDE902C001F116080CF1480913
:10A5800003E0BAF81630002B46D04246504689A95F
:10A59000FFF742FD002840D189A801F089FCBDF8F1
:10A5A0002833FF2BEDD0BDF82A33FF2BE9D0012B48
:10A5B0009BF8114035D078230193029B0BF11305D2
:10A5C00003F1400454F8047BF7B1BDF82A33012BA2
:10A5D00001D0FF2B18D1384689A92E78FFF764FFE8
:10A5E000064016F0100341D176B1019A5108CC9A79
:10A5F0008A4209D9BDF828230C2A00F095807206FA
:10A600003BD4330600F1B9804C4505F10105D9D1A1
:10A61000BAF81630002BB8D100200DF54F7DBDE8FB
:10A62000F08F039889A9FFF7FFFE0440C3D0CC9BAD
:10A630003C2BC0D9BDF828330C2B00F0B780E007C5
:10A64000B9D5BDF83433042BB5D1039ABDF8361310
:10A65000DAF80800043206F0D5FC0028ABD19BF8EC
:10A66000113023F001038BF81130A4E741F294126A
:10A6700040F6CA0110230192B9E7BDF83663022201
:10A680003346DAF808000DF11A0106F0BDFB022886
:10A69000BAD10490BDF81A0002F01EFB049A0028FB
:10A6A000B2D1B31CDAF808009BB20DF11A0106F022
:10A6B000ABFB0228A8D10490BDF81A0002F00CFBF5
:10A6C000049A0028A0D1331DDAF808009BB20DF1DE
:10A6D0001A0106F099FB022896D1BDF81A0002F083
:10A6E000FBFAB7F88E3183428ED107ABB11D1A4603
:10A6F00089B2DAF808001F4601F0C8FB0299064645
:10A7000048A801F081FC4FF6FF739E423FF47CAFF6
:10A71000384648A901F0D4FB00283FF475AF2B78E8
:10A7200023F040032B706FE7049307AB1A46BDF884
:10A730003613DAF80800059301F0A8FB4FF6FF7214
:10A7400090423FF461AF049B002B54D1B1067FF5DA
:10A750005BAF3946012248A801F0EEFC00287FF4E7
:10A7600053AF059848A901F0ABFB00283FF44CAF6C
:10A770002B7823F020032B7046E7384602F040F890
:10A78000BDF83423B7F8003193427FF43DAF3A4629
:10A79000BDF83613DAF8080006F034FC00287FF420
:10A7A00033AF2B7803F07F032B702DE7BDF8361302
:10A7B00007AADAF8080001F069FB0299054648A8E3
:10A7C00001F022FC4FF6FF739D423FF4F4AE0028E7
:10A7D0007FF4F1AE48A907A801F072FB00283FF40E
:10A7E000EAAEA4077FF5E7AE9BF8113023F0020331
:10A7F0008BF81130DFE60022394648A801F09CFCB6
:10A800000028A3D1059848A901F05AFB00289DD043
:10A810002B7823F010032B7098E700BF9866002078
:10A82000024B1B780A3350F82300704798660020CB
:10A83000014B1868704700BF9466002070B504464D
:10A840000AF03EFDFCB1134E33780A3354F823501E
:10A85000EDB11148214609F08DFF286C08B105F0D3
:10A86000FBF9686C08B105F0F7F90C49204604F0D3
:10A8700035FD284605F0F0F90022337810460A33FA
:10A8800044F8232070BD06480AF0D2FCDBE76FF0E5
:10A89000050070BD9866002095AA0000DC32020019
:10A8A0001C100200044B1B780A3350F823000038B8
:10A8B00018BF0120704700BF9866002070B504469D
:10A8C0000D4616460AF0FCFC34B1324629462046B5
:10A8D000BDE8704001F05CBA04480AF0A9FC3246B9
:10A8E00029462046BDE8704001F052BA44100200EB
:10A8F000012810B5044602D907480AF099FC4FF424
:10A90000AA72064B02FB0433D3F8442112B1002291
:10A91000C3F8442110BD00BF741002009C660020E3
:10A920002DE9F04F0E4615461F46044683B018B178
:10A9300012F0ACFD3F2860D8304612F0A7FDFF288A
:10A940005BD80E9B002B58D0012D56D8DFF8B8A04D
:10A95000DAF8442142B1DAF898224FF0FF30002AA9
:10A9600041D003B0BDE8F08F40239046D146CDE9F9
:10A9700000324FF4AA7B00215A46484612F0C6FC2A
:10A980000C220BFB08A80C9BA8F84C51C8F84431CA
:10A990000D9B88F84E21C8F848313DB9304618491A
:10A9A00012F05DFD10B90122A8F85021009831463F
:10A9B000504401F037FA54B1204612F067FD3F28A9
:10A9C0000246214628BF3F22484612F052FD0E9B08
:10A9D000019C394648460B4A1C7002F067F900207A
:10A9E00003B0BDE8F08F4FF001084FF4CA730AF5C9
:10A9F000AA790093CDF80480BBE76FF00500B0E7BB
:10AA000098100200DC3202009C66002010B504465B
:10AA100088B00AF055FC5CB11C4B1B780A3354F823
:10AA200023302BB193F84920032A01D962680AB96F
:10AA300008B010BD00224FF0010C0320196C0392E6
:10AA40000592CDE90122CDE906228DF80EC08DF8E0
:10AA50001500049211B1F0228DF817205B6C13B130
:10AA6000F0238DF8183041F2E9428423084901A807
:10AA700002912146ADF80C208DF8063001F0E8FF78
:10AA8000204608B0BDE8104002F050B8986600209B
:10AA9000E00000FB30B5344B04461B7889B00A3324
:10AAA00050F8235095F84930022B20D9033B012B55
:10AAB0001BD895F848204AB904212C4B85F8C820AA
:10AAC0001B6885F849100BB1012198472046FFF714
:10AAD0009DFF95F848300133DBB2012B85F84830F3
:10AAE00039D94FF4A063A5F8483009B030BD4368A8
:10AAF000ABB995F84830022B0CD81BB195F8C8308B
:10AB0000012B2CD02246FA20194909B0BDE830406B
:10AB100009F018BE4FF44073A5F84830F2E701A9D8
:10AB2000FFF7FCF9002241F2E9431248ADF8042096
:10AB3000029008462146ADF80C3001F089FF00284C
:10AB4000D7D1022295F8483085F849200133DBB28D
:10AB500085F84830CFE722464FF47A70D4E7224692
:10AB600041F28830D0E700BF986600208866002058
:10AB700095AA0000E00000FB70B504460D460AF0FF
:10AB80009FFBC4B1104B1B780A3354F8236096B175
:10AB900021460E4809F0EEFD4FF4807296F8C83059
:10ABA000A6F84820012B224606D02846BDE8704072
:10ABB000064909F0C7BD70BD41F28830BDE870405C
:10ABC000024909F0BFBD00BF9866002095AA0000A9
:10ABD0002DE9F04F0546ADF2EC5D0C460DA9FFF7EF
:10ABE0009DF92422002114A812F090FB28220021B4
:10ABF0001DA812F08BFB284614AA0DA901F012FE25
:10AC0000002857D10C23064601460246ADF8803095
:10AC1000BDF8563063F30F0063F31F402190BDF879
:10AC2000580060F30F0660F31F46BDF85A002296E5
:10AC300060F30F0160F31F412391BDF85C1014987D
:10AC400061F30F0261F31F4224921F907BB36AA944
:10AC50001DA8FFF7C3FB48BBB4F80C80BDF880709B
:10AC6000BDF886600FE0204627A9FFF7B7FBE8B9DB
:10AC7000BDF8A231012B01D0FF2B17D16AA927A85B
:10AC800001F01EF900BB638A002BECD1238AA4F8E3
:10AC90000C806382238BADF880706383BDF88C30A9
:10ACA000ADF88660ADF88E30002ED0D11F9808B177
:10ACB00005F020FE0DF2EC5DBDE8F08F2046ADA959
:10ACC000FFF78CFB0028F1D1638A002BF6D13346C5
:10ACD00043B1ADA91DA8FFF781FB0028E6D1BDF85F
:10ACE0008630F5E7CDE90A330C93BDF88E301BB3FF
:10ACF0000DF18E020DF2D4411DA8BDF88090FFF732
:10AD00008BF90028D2D1BDF8AC32FF2B03D0BDF8AF
:10AD1000D8259A42E9D10DF2D4416AA801F0D0F8C1
:10AD20000028E2D04A460DF2D4431DA90AA8FFF735
:10AD3000FBFA0028D9D0B9E70023CDE9073304F1A5
:10AD40001A0A0993638BFBB152462046F0A9B4F866
:10AD50000C90FFF761F90028A8D1BDF8AC32FF2BA9
:10AD600003D0BDF8C4249A42ECD1F0A96AA801F03E
:10AD7000A7F80028E6D04A462146F0AB07A8FFF71F
:10AD8000D3FA0028DED091E7BDF82610BDF832C016
:10AD90000A46614528BF6246BDF88C30ADF88E305A
:10ADA000238B6383002A42D00DF1280B04F11A0390
:10ADB0000BEB4202059602951E461546CDE9031C93
:10ADC0000DF11C090DF11B0A1FE039F8023B324658
:10ADD0002046A381F0A9FFF71FF900287FF466AF92
:10ADE0002146CDF800A0F0AB0DF2D4421DA8FFF72C
:10ADF000F1F900287FF45AAF9AF80030022B3FF4A3
:10AE000055AF012B22D0AB450DD03BF8023B0DF1E5
:10AE10008E020DF2D4411DA8ADF88030FFF7FCF88A
:10AE20000028D2D042E7059E029DDDE9031C614562
:10AE30003FF42CAFFFF43AAF2846FFF789F92846D4
:10AE40004FF47A71FFF798FE1F9830E7029DF3E701
:10AE50002DE9F04FDFF8B4930F4699F8003006461D
:10AE60000A3351F823B0CFB09BF849309A1E012A1B
:10AE70006DD9043B012B5CD8002299F80030718A0F
:10AE80000A33CDE90222CDE90422CDE9062257F8A2
:10AE900023A0089200293AD009AC0AF14408CDF861
:10AEA00000B021463046FFF799FA002841D12046EC
:10AEB00000F0FEFFB4F808311BB14FF001038DF82C
:10AEC0001330B4F80631012B3BD0FF2B39D00020D2
:10AED0009DF819300AF13C0B18438DF819000DF15B
:10AEE0001B055BF8040F48B1B4F80621012A23D0F2
:10AEF000FF2A21D000202A7810432870D84505F178
:10AF00000105EED1738A002BCBD1DDF800B03146BC
:10AF1000384602AAFFF720FB58B9346A14B929E071
:10AF2000246A3CB32146384602AAFFF715FB0028E5
:10AF3000F6D04FB0BDE8F08F2146FFF7B5FAC0B2AA
:10AF4000D9E721463846FFF76FFAC0B2C0E7038A57
:10AF5000002BEED0838A002BEBD1038B002BE8D0A3
:10AF6000838B002BE5D101463846FFF731FE9BF875
:10AF700049307EE799F800300A3357F823A0738BE5
:10AF8000002B4BD009AC06F11A080AF14409CDF8A0
:10AF900004B002E0738B002B3ED04246214630467F
:10AFA000FFF73AF80028C4D1204600F081FFB4F83A
:10AFB0000431FF2BEED0B4F80651FF2DEAD0012D5D
:10AFC0009DF819B008D121463846FFF72DFA1BEA43
:10AFD000000F18BF8DF81550009626460AF13C0563
:10AFE0000DF11B0B55F8040F78B1B6F806319BF83C
:10AFF0000040012B01D0FF2B07D13146FFF754FA57
:10B0000004421CBF01238DF81530A9450BF1010B3B
:10B01000E8D13446009EBDE7DDF804B09DF8161077
:10B020009DF819309DF81B200B439DF81710134312
:10B030000B439DF81C109DF818000B4303433FF48D
:10B0400078AF41F2E9408423B4888DF80A30844215
:10B05000338A6DD0012B7FF46CAF114300228DF841
:10B060001220F2898DF81430ADF8082001F0300379
:10B070009DF8151073BB002964D19BF86C109DF8E6
:10B080001320002900F0AD80002A3ED1F288002A6A
:10B090003BD19DF81420002A37D19BF84D20002B7E
:10B0A00000F0A780002A7FF444AF02A90BF1500002
:10B0B000FEF712FF09F0CCFF64240146B1FBF4F562
:10B0C00005FB141138464D4A0BF14C03143101F0C5
:10B0D000D1FD2EE79DF81510002933D19BF86C1097
:10B0E0009DF81320002971D0002A4DD1F388002B40
:10B0F0004AD19DF81430002B46D111461A4601233F
:10B100000029CAD052B1002B3ED13368394602A87B
:10B110000393ADF8104001F09BFC0AE71BB302A9B2
:10B120000BF15000FEF7D8FE01238BF84C3000E7FE
:10B13000012083428DF81200CCD142EA010303F0D2
:10B14000300395E79DF813209BF86C30002A46D118
:10B150009BF84E00002848D1F388002BD5D19DF8EC
:10B160001430002BD1D141F2E943254A394602A8D7
:10B170000392ADF8103001F06BFC00287FF4D9AEDB
:10B18000384601F0D3FCD4E69BF86D30002B7FF4F9
:10B19000D0AE336802A9CBF87430B3880BF17000DD
:10B1A000ABF87830FEF798FE09F052FF01466425AF
:10B1B000144C3846A4FB0164640905FB1411124ABF
:10B1C0000BF16D03143101F055FDB2E6F388002B4D
:10B1D000DAD101239DF81400002891D093E7002BC9
:10B1E00093D1F0880028F5D08FE7002BEED00A46E7
:10B1F0007CE7002A7FF49DAEB5E700BF35CC0000A8
:10B20000E00000FB1F85EB51F9CA000098660020A2
:10B2100070B583680546D87B05F05AFA0146284682
:10B22000FFF716FE154B1C68AC4223D02CB1636AA5
:10B23000AB4205D01C46002CF9D1114809F0F8FFAB
:10B240006B6A63622C6A64B10E4E236AA0682B623B
:10B2500005F050FB2146304604F0BCFF2C6A002C60
:10B26000F3D1A86805F046FB2946BDE870400548C3
:10B2700004F0B0BF6A6A1A60E4E700BF8466002089
:10B28000AC100200CC3202002DE9F84F06460F4602
:10B2900090469946BDF828B00AF012F8002E5DD00D
:10B2A000324B1B780A3356F823A0BAF1000F59D05D
:10B2B000384612F0EBF83F2854D8404612F0E6F832
:10B2C0003F284FD8B9F1010F4CD8DAF840503DB1C2
:10B2D000DAF844301BB14FF0FF30BDE8F88F01259C
:10B2E0004FF4C871012004F0CDFE04460028F2D0CE
:10B2F000384612F0CBF83F280246394628BF3F2295
:10B3000004F5827012F0B5F8404612F0BFF83F28FD
:10B310000246414628BF3F2204F5A27012F0A9F868
:10B320000B9BA4F88C91C4F884310C9BA4F88EB1CB
:10B33000C4F8883105F110034AF8234009F088FE6B
:10B340000146FA220A4B3046A3FB01431B0902FBCC
:10B350001311FFF711FC68B2BDE8F88F054809F03A
:10B3600067FF9DE76FF00500B7E700BF9866002014
:10B37000D34D6210D8100200F8B505460E4609F00C
:10B380009FFF002D47D0304612F080F83F2842D86A
:10B39000244F3B780A3355F8233013B1224809F083
:10B3A00047FFCC21012004F06DFE0446B0B33B788A
:10B3B0000A3345F82300304612F068F83F28024669
:10B3C000314628BF3F22204612F053F841F2E943AC
:10B3D000164A284616496265A4F8583003F030FF33
:10B3E000064670B909F034FE0146FA22114B284690
:10B3F000A3FB01431B0902FB1311FFF7BDFB304602
:10B40000F8BD204604F028FC00223B7830460A3381
:10B4100045F82320F8BD6FF00506F0E74FF0FF3642
:10B42000EDE700BF9866002000110200E00000FB7D
:10B43000DC320200D34D6210224B1B780A3350F8E5
:10B440002330002B3CD070B515460A0706460C4643
:10B4500012D52B781BB914F47C7F22D170BD09F072
:10B46000F7FD0146FA22184B3046A3FB01C31B0926
:10B4700002FB1311FFF780FB6307ECD52B78002B41
:10B48000E9D009F0E5FD0146FA220F4B3046A3FB57
:10B4900001531B0902FB1311FFF76EFB14F47C7FB1
:10B4A000DCD009F0D5FD0146FA22074B3046A3FB5C
:10B4B0000143BDE870401B0902FB1311FFF75CBBA1
:10B4C000704700BF98660020D34D62102DE9F04F01
:10B4D000054641F2E9420846A44BADF24C4D1B78BB
:10B4E0000391A9880A33914250F823B023D16E8A80
:10B4F0002EB39F4FCDAC07F5AA7816E0D7F84431AC
:10B5000033B121463846FEF7DDFD002840F0658165
:10B51000D7F8983233B121464046FEF7D3FD0028D4
:10B5200040F05D8100266B8A4BB121462846FEF72C
:10B5300055FF0028E2D00DF24C4DBDE8F08F698B2D
:10B54000EA8A0A44E98B0A4492B2ADF81C20002A28
:10B5500000F0C9804FF00109CDAC3FE02146B6F8BC
:10B56000402106F1400011F0A7FE00285BD1D6F87B
:10B5700044312BB3B8F10C0F2BD14FF00308B4F8C2
:10B580001211A86849AA05F07BFC81460028D2D098
:10B59000B4F804310C2B00F0AE80212B00F0CB80EE
:10B5A000D6F848214168BDF824310092194420465C
:10B5B0004346B4F81021D6F84471B8474FF000095B
:10B5C0009BF849309A1E012A53D9043B012B40F2C3
:10B5D000D780BDF81C30002B00F08580214628461E
:10B5E00007AAFEF719FD0028A5D1204600F060FC4F
:10B5F000B4F80481B8F1FF0FEBD0B4F80631012B99
:10B60000E7D186B1B6F85031002BA7D1D6F8443136
:10B61000002BD5D0BDF81C80B8FA88F84FEA58182E
:10B6200049EA4808ABE7524BD3F8443133B12146DD
:10B630004F48FEF747FD002840F012814C4BD3F8ED
:10B640009862002EBCD021464A48FEF73BFD0646D4
:10B650000028B5D0474ED6F84431002BB0D0B6F80C
:10B660005031BDF81C20002B00F07681B4F8048125
:10B6700080E759468AA800F0C7FC804600285DD0C4
:10B68000DBF840100BF1400849B101228AA84FF0C5
:10B69000000A00F051FD70B1BAF1000F99D158F8CD
:10B6A000041F002995D001228AA84FF0010A00F05A
:10B6B00043FD0028F0D104908AA9204600F000FC48
:10B6C0000028E9D0039C2046FEF742FD21462A4887
:10B6D00009F050F8294B1B682BB1049A20461146FB
:10B6E0000AF1010298470023EB826B83EB830DF292
:10B6F0004C4DBDE8F08F4FF0000AB4F81211A86865
:10B70000514489B20DF22E2200F0C0FB4FF6FF73B8
:10B71000984274D0B4F80431BDF82E23212B60D0A8
:10B720000DF22E21D6F8480143460090D6F8447118
:10B730002046B84742E74FF0060ADEE720468AA9CE
:10B7400000F0BEFB00289BD0039C2046FEF700FDC6
:10B750002146094809F00EF8084B1B68002BC2D09F
:10B760004246414620469847BDE700BF9866002004
:10B770009C660020F067002095AA000088660020E3
:10B78000594608A800F040FC00285BD00023049331
:10B790000BF144031F46A0460BF13C0A5AF8044F34
:10B7A00034B10122214608A800F0C6FC002838D098
:10B7B0005745F3D1049B4446002B3FF40AAF09F0F0
:10B7C00047FC0246FA21674B0398A3FB02431B097F
:10B7D00001FB1321FFF7D0F985E7634EA3E6634E23
:10B7E000A1E6D9F80430BDF82411063258580B44AC
:10B7F0008A909B8892B2ADF82C328AA992E7B4F86D
:10B800001021BDF82431D9F80410A2EB0A025344E8
:10B8100092B219440DF22E20ADF82E2311F029FE1C
:10B8200078E7404608A900F04BFB0028C0D0B8F8E4
:10B830000431212B1DD0102B29D05745BFD0012317
:10B840000493ABE7204608A900F03AFB00289DD0FE
:10B85000B4F804A1BAF1010F04D00123049397E7CF
:10B86000414EF8E6B4F81031042B24D0CDF810A0E6
:10B870008EE7B8F812310222A8680DF11E01049378
:10B8800005F0C2FA022822D00123049390E7204653
:10B8900000F0B6FFB8F81021B4F800319342CCD1D3
:10B8A0002246B8F81211A86805F0ACFB031E18BFB9
:10B8B000012304937CE7039AB4F81211A8680432B8
:10B8C00005F0A0FB031E18BF0123049360E7059059
:10B8D000BDF81E0001F000FA059A0028D4D1049B9F
:10B8E000A86802339BB20DF11E0105F08DFA022803
:10B8F000CAD10590BDF81E0001F0EEF9059A0028A6
:10B90000C2D1049BA86804339BB20DF11E0105F05F
:10B910007BFA0228B8D1BDF81E0001F0DDF9B4F8B9
:10B920008E318342B0D1049949AA063189B2A86800
:10B9300000F0ACFA594604468AA800F065FB4FF6C1
:10B94000FF739C42A0D08AA949A800F0B9FAB0FAC6
:10B9500080F35B0904932BE7B2FA82F2520949EAB9
:10B9600042080CE6D34D62109C660020F067002070
:10B970002DE9F04F7149724F09787E680A3156F807
:10B9800021108FB01446BDF86080002969D0994617
:10B990000C220023204601A905F036FA0B2860D9B5
:10B9A0009DF8065015F078055BD1294622220DF14D
:10B9B000160011F0ABFC0C23D9F800B0BDF8040060
:10B9C000ADF81C30ADF81480CDF810B0069401F03D
:10B9D00083F9ADF81E00BDF8080001F07DF92B4693
:10B9E000814669F30F0369F31F43BDF80A0008930A
:10B9F00001F072F92B4682466AF30F036AF31F4384
:10BA0000BDF80C00099301F067F92A46034663F379
:10BA10000F0263F31F42BDF80E000A9201F05CF9B9
:10BA2000484A7B6960F30F0560F31F4593420B950D
:10BA300008D001223B69ADF8162072685340B26805
:10BA400013420ED19DF906309DF80620002B70DBC5
:10BA5000B9F1000F0BD093073BD4314604A8FFF790
:10BA6000F7F9204604F046FF0FB0BDE8F08FBAF1B9
:10BA7000000FF2D0344B1D681DB9EEE76D6A002D42
:10BA8000EBD0AB884345F9D12B685B45F6D12F4805
:10BA900004F088FB84460028E3D0664604AF0DF12D
:10BAA000300E3C4610360FCC744507F1100746F8AF
:10BAB000100C46F80C1C46F8082C46F8043CF0D153
:10BAC00003CF306071602B6ACCF82030C5F820C0FD
:10BAD000CAE71E4804F066FB07460028C1D00546A9
:10BAE00004AE0DF1300C344610350FCC644506F130
:10BAF000100645F8100C45F80C1C45F8082C45F8C4
:10BB0000043CF0D103CE104B696028601A681F60B6
:10BB10007A6209F09DFA64240D4B3A46A3FB005368
:10BB20005B0904FB13000B4900F5C87008F00AFE1E
:10BB30009AE7314604A8FFF7C9FC92E7986600200F
:10BB4000E06D0020E00000FB84660020CC320200A3
:10BB50001F85EB5111B2000010B54FF42A7200217D
:10BB6000164811F0D3FB164804F0C8FA2E2009F04D
:10BB7000A5F9144C2060D8B1FF2341F2E9421249E3
:10BB8000437708F09BFF78B900221049206809F03C
:10BB900057F904F089FD02460D4B0E491A700E4804
:10BBA000BDE8104004F0AABD0C4809F041FBEBE7EA
:10BBB0000B4809F03DFB2068DEE700BF9C660020D3
:10BBC000CC32020094660020F432020071B9000009
:10BBD0009866002039B400008C66002038110200FD
:10BBE00020110200062B2DE9F84342D09846074663
:10BBF0008946164613E0FF2B3BDCB4542B46224605
:10BC00003846A6F800C105F0FFF8844225442BD140
:10BC1000B6F800311FFA85F92344A6F800314946E9
:10BC2000384605F0BFF900F0C00209F10105C02A4D
:10BC30000446ADB200F1010320D03F2819D8B6F870
:10BC4000002102F1010C10441FFA8CFCFF2806EBC6
:10BC50000C0113440DDC002CCDD1531CB454A6F8B8
:10BC600000312846BDE8F883B6F80031013BA6F85C
:10BC700000314FF6FF752846BDE8F8833B89AB429B
:10BC8000F7D92946384605F08DF9230203F47C5391
:10BC900003431AB20B2A99B2EBDD3B898B42E8D9F8
:10BCA00008F1010332463846FFF79CFF4FF6FF7359
:10BCB0009842DED009F102091FFA89F5D1E700BFE9
:10BCC0000B462DE9F04F0446C7B01D88002193466E
:10BCD00005A84FF48272029311F018FB0023294645
:10BCE000204605AAFFF77EFF4FF6FF7398423ED02D
:10BCF000029BBBF80071B3F800C05D46A0EB0C01DD
:10BD0000C9B287B34FF0000ABDF814915FFA87F803
:10BD1000A9EB0803DBB29B4654462B46CDF80CC07A
:10BD20000191A8EB0402D2B24A4512D80BEB0406EB
:10BD3000F6B205A9022A03EB0400314406F1020C15
:10BD400007D90093019B9C450DDA11F0B5FA009BD1
:10BD500098B12A78013452FA84F4E4B20132A7424D
:10BD6000A2461544DDD8384647B0BDE8F08FBBF891
:10BD70000071384647B0BDE8F08F57463846DDF8C9
:10BD80000CC0029B66441E8047B0BDE8F08F00BF28
:10BD90003F2A1FD838B504461546B0F800013AB915
:10BDA000FF281AD8431C2254A4F80031002038BDC3
:10BDB000531C0344FF2B10DC2254013080B2A4F842
:10BDC0000001204411F055FBB4F800312B44A4F8D5
:10BDD0000031EBE76FF0050070476FF0050038BDEC
:10BDE00038B5B1F800510446B0F8000175B16B1CCC
:10BDF0000344FF2B12DC2A46204411F03AFBB4F82E
:10BE0000003100201D44A4F8005138BDFF2805D89A
:10BE1000431C25540020A4F8003138BD6FF0050004
:10BE200038BD00BF70B50026B0F800C1054600F867
:10BE30000C600A78844400F580740CF10103D2B1DF
:10BE40009C420CD817E003F8012C9CF8002001322A
:10BE50008CF8002011F8012F6AB1A34212D02E2ACB
:10BE60009E4603F10103EED103F8016C11F8012F96
:10BE7000F446002AF1D19C4204D05B1B0020A5F8B7
:10BE8000003170BD6FF0050070BD00BF70B5144685
:10BE90000E4605464FF482720021204611F036FA14
:10BEA000224631462846BDE870400023FFF79ABE7F
:10BEB00001E0013318440378002BFAD1704700BF2A
:10BEC0000B46B0F80011B3F80021914201D00020D8
:10BED00070472DE9F0410478074602461E78ACB958
:10BEE000B44224D10120BDE8F0819A42F8D2A642A2
:10BEF0001AD122464146284600F0F4FE2A1908EBE2
:10BF0000040388B92C5DACB1B7F800111E7803F1B9
:10BF10000108551C7B18002EE7D10F44BA4234BFEC
:10BF200000200120BDE8F0810020BDE8F081B7F8D5
:10BF30000011F2E71E78D3E700285CD070B50E46FA
:10BF400082B0002954D04FF482720021044611F0CF
:10BF5000DDF9351D042115F8012D0DEB010000F070
:10BF6000DFFE01A811F092FA024601A92046D2B2E2
:10BF7000FFF70EFF0346A8BBB542EBD1B4F80011A2
:10BF8000F72932D84FF0070E1D4D4A1C92B228688F
:10BF9000B5F804C0AD79A61804F801E0A4F80021B2
:10BFA000A050A6F804C0B571B4F8001101EB0E0260
:10BFB00092B2FA2AA4F8002117D8042511480831B2
:10BFC000006889B2A554A4F800116050B4F80011BB
:10BFD0004A1992B2FF2AA4F8002106D80531A354C9
:10BFE000A4F80011184602B070BD6FF00503F9E720
:10BFF0006FF00F03F6E76FF00F031846704700BFAE
:10C000004C1102005411020038B50D464FF48272F3
:10C010000021044611F07AF97DB3284611F036FA72
:10C02000024629462046D2B2FFF7B2FE034608B1C7
:10C03000184638BDB4F80011F9291ED84FF0050E86
:10C040000F4D4A1C92B228682D7904EB020C04F8BB
:10C0500001E0A4F80021A0508CF80450B4F80011BD
:10C0600001EB0E0292B2FF2AA4F8002105D8063196
:10C07000A3541846A4F8001138BD6FF00503D7E7A4
:10C080005C1102002DE9F84304464FF4827200214E
:10C0900011F03CF9244B4FF0090903CB93F80080D1
:10C0A00023464FF0120C0727204D03F8019BAE8862
:10C0B000C4F8010095F806E02868596083F8088004
:10C0C0000422C4F80B001A492046A772A4F80F6096
:10C0D00084F811E0A4F800C1FFF75AFE034610B13E
:10C0E0001846BDE8F883B4F80011F92918D80527D7
:10C0F000104D4A1C92B228682D79A6186754A4F8EE
:10C100000021A0503571B4F80011CA1992B2FF2A6B
:10C11000A4F8002104D80631A354A4F80011DFE7E5
:10C120006FF00503DCE700BF64110200701102002C
:10C13000781102005C11020070B514460E464FF4EF
:10C1400082720021054611F0E1F864B106F58274AF
:10C15000204611F09BF9024621462846D2B2FFF74D
:10C1600017FE034660B906F5A274204611F08EF959
:10C17000024621462846D2B2FFF70AFE034608B11E
:10C18000184670BD194BB6F88C2153F82240204652
:10C1900011F07CF9024621462846D2B2FFF7F8FD9D
:10C1A00003460028ECD1B5F80011F9291BD84FF04F
:10C1B000050C0F4C4A1C92B220682479AE1805F881
:10C1C00001C0A5F80021A8503471B5F8001101EBA9
:10C1D0000C0292B2FF2AA5F8002104D80631AB5414
:10C1E000A5F80011CCE76FF00503C9E7E0320200C3
:10C1F0005C11020070B514460E464FF482720021A5
:10C20000054611F083F854B1304611F03FF902466B
:10C2100031462846D2B2FFF7BBFD034630B9284667
:10C2200006F14001FFF7DCFD034608B1184670BD7A
:10C23000194BB6F84C2153F82240204611F026F94C
:10C24000024621462846D2B2FFF7A2FD0346002847
:10C25000ECD1B5F80011F9291BD84FF0050C0F4CA3
:10C260004A1C92B220682479AE1805F801C0A5F8DE
:10C270000021A8503471B5F8001101EB0C0292B204
:10C28000FF2AA5F8002104D80631AB54A5F8001107
:10C29000CCE76FF00503C9E7E03202005C11020051
:10C2A0002DE9F04391F8027188460546B1F8006126
:10C2B00083B02FB1002E38D1002003B0BDE8F08349
:10C2C00000F10C0400F120090BE042460DF10601DB
:10C2D000FFF7F6FC864284BF0646BDF806704C4563
:10C2E0000BD034F8023FADF80630002BF7D02868A9
:10C2F0000028EAD1B8F80001ECE7BEB9002FDBD086
:10C3000047F4404000F0E8FC0222ADF80600AB889C
:10C3100028680DF1060104F0F9FD0028CDD1AB88A5
:10C320000233AB8003B0BDE8F083002741463246BC
:10C33000AB88286804F0EAFD0028BED105F10C03A3
:10C3400033F8022F42B101300A28F9D1AB881E44DC
:10C35000AE80002FD4D1AFE7AB8805EB4000C3819E
:10C36000F5E700BF08B5FEF75BFA002380F84D3013
:10C3700008BD00BF08B5FEF753FA002380F86C3003
:10C3800008BD00BFF0B5044600680F4616461D46BE
:10C3900083B0002839D0A388B7F800C102890CF116
:10C3A000040C13FA8CFC94453BDC39462046FFF71D
:10C3B00077FF08B103B0F0BD304600F08DFC0222DB
:10C3C000ADF80600A38820680DF1060104F09EFD7B
:10C3D0000028EFD1A388002D03F1020348F20100E9
:10C3E000A38008BF012000F077FC0222ADF8060010
:10C3F000A38820680DF1060104F088FD0028D9D13A
:10C40000A3880233A38003B0F0BD4FF4207240F242
:10C41000AA51362004F0CAFA206010B10C23A38080
:10C42000BAE74FF0FF30C5E72DE9F0430446006856
:10C4300085B00D461646DDF834800F9F002857D092
:10C44000A288B5F800C10CF10A0C1FFA8CFCB8F1F7
:10C45000000F03D00E998C441FFA8CFC27B1B7F85B
:10C4600000118C441FFA8CFC9444028994454DDCE5
:10C47000324629462046FFF785FF0C9800F030FC35
:10C4800004220390A388206803A904F03FFD60BB49
:10C49000A68806F106091FFA89F9A4F80490B8F1F4
:10C4A000000F0BD00E9B41469DB22A464B4620689A
:10C4B00004F02CFDC8B9A3881D44A58027B13946D6
:10C4C0002046FFF7EDFE80B9A088A0EB090080B2FE
:10C4D00000F002FC0546331D022220689BB20DF1DC
:10C4E0000A01ADF80A5004F011FD05B0BDE8F08373
:10C4F0004FF4207240F2AA513620019304F056FA0C
:10C50000019B206010B10C22A2809AE74FF0FF300F
:10C51000EBE700BF10B50446C2B001A8FFF774FDF9
:10C520000123FF22204601A9FFF72CFF42B010BDD6
:10C5300010B50446C2B0012201A8FFF7FDFD01239A
:10C54000FF22204601A9FFF71DFF42B010BD00BF2A
:10C55000134630B50D46ADF5077D19460022044659
:10C5600004A8FFF7E9FD45A8FFF78CFD2B7BD3B1AD
:10C57000E38873B10A220023204604AC0092CDE97F
:10C5800001330C2245A90394FFF74EFF0DF5077DFB
:10C5900030BD0C22204645A9FFF7F4FE0028F5D156
:10C5A0000123E380E6E741F29412E4E770B5064622
:10C5B000C6B010460D461446FEF732F9014605A8EE
:10C5C000FFF722FD2B7BDBB1F3887BB10A23043418
:10C5D00001940093AB7A0024042501223046CDE972
:10C5E000025405A9FFF720FF46B070BD0122304676
:10C5F00005A9FFF7C7FE0028F6D10123F380E5E780
:10C600007823E4E72DE9F04117460D46ADF5087DA6
:10C6100019460122044606A81E46FFF78DFD39463D
:10C6200047A8FFF7F1FC2B7B93B30127E3888DF834
:10C630001E7223B34FF00A08002000F04DFB0346A2
:10C640000020ADF8103000F047FBADF81200B6F84E
:10C650008E0100F041FB062647AB04AF0393CDF8F3
:10C660000080AB7AADF814002122204606A901977C
:10C670000296FFF7D9FE0DF5087DBDE8F081212275
:10C68000204606A9FFF77EFE0028F4D1E780D1E717
:10C690004FF07808D0E700BF70B514460E46ADF5F0
:10C6A000067D00222146054604A8FFF745FD01222C
:10C6B000214645A8FFF740FD337BD3B1EB8873B12A
:10C6C0000A22002345AC009228460C22CDE9013312
:10C6D00004A90394FFF7A8FE0DF5067D70BD0C229A
:10C6E000284604A9FFF74EFE0028F5D10123EB8070
:10C6F000E6E77822E5E700BF70B50546ADF5067DB3
:10C70000104614460E46FEF78BF8014604A8FFF7C4
:10C710007BFC211D45A8FFF70FFC337BDBB1EB88C9
:10C720007BB10A2204ACB37A039400240092284619
:10C730000C22CDE9014445A9FFF776FE0DF5067DF3
:10C7400070BD0C22284645A9FFF71CFE0028F5D134
:10C750000123EB80E5E77822E4E700BFA9B130B51B
:10C760000C460546C3B00A7801A8FFF743FD002335
:10C77000284694F84E2101A9FFF704FE18B90020BD
:10C78000EB880133EB8043B030BD0020704700BF21
:10C7900070B51446C6B0012205460E4605A82146CE
:10C7A000FFF7CAFC4FF482720021204610F0AEFD64
:10C7B000D4F884311BB12046D4F888119847337BD4
:10C7C000DBB1EB887BB10A230093B37A0194B4F810
:10C7D0000041102202940024284605A90394FFF783
:10C7E00023FE46B070BD1022284605A9FFF7CAFDFA
:10C7F0000028F6D10123EB80E5E77823E4E700BFCA
:10C8000010B504464FF48272002110F07FFDD4F879
:10C8100084312BB12046D4F88811BDE81040184768
:10C8200010BD00BF2DE9F04F85B015460C460746F8
:10C83000FDF7F6FFA16980462846FFF78FFF064601
:10C8400018B1304605B0BDE8F08F3846FDF7E8FF77
:10C85000A37B8246DB067AD40AF13C0B04F10F0974
:10C860000AF1440A5BF8041F19B199F80030D806A0
:10C870005AD4D34509F10109F4D1637C13F00109BD
:10C8800040F0AE809A0757D408F13C0304F1130B33
:10C8900004F11502CDE90026DA461E4603930297FD
:10C8A00056F8047F57B19AF80020D3065DD490065D
:10C8B0006AD4510677D4130600F18680009B0AF1F2
:10C8C000010A9A45ECD1DDE9016794F90230002BA9
:10C8D000C0F29180A2466B894B44DDF80C906B81CD
:10C8E00059F8044FBCB19BF80030980605D559069D
:10C8F00040F195801A0640F185809AF8112003F0E6
:10C90000600302F00500034305D0D30703D47B681E
:10C91000002B40F09280009B0BF1010B9B45DFD177
:10C92000304605B0BDE8F08F2846FFF701FEB8B9E4
:10C93000EB880133EB809CE73A4621462846FFF717
:10C94000DBFE68B909F101091FFA89F99CE7014684
:10C950002846FFF7DFFD18B9EB880133EB807BE752
:10C960000646304605B0BDE8F08F3A4621462846D7
:10C97000FFF7EEFD0028F3D19AF8002009F1010934
:10C9800090061FFA89F994D53A4621462846FFF7C2
:10C9900083FE0028E4D19AF8002009F1010951062C
:10C9A0001FFA89F987D53B46424621462846FFF7BC
:10C9B00029FE0028D4D19AF8002009F101091306B4
:10C9C0001FFA89F97FF57AAF3A4621462846FFF7E4
:10C9D000DFFE0028C4D109F101091FFA89F96DE7CA
:10C9E0003A4621462846FFF7E1FD0028B8D14FF02E
:10C9F0000109637C46E72B89A2464B442B81DDF875
:10CA00000C906DE7224651462846FFF7C1FE0028EC
:10CA1000A6D1AB890133AB819BF800306DE723468B
:10CA2000424651462846FFF7EDFD002898D1AB89D4
:10CA30000133AB819BF800305CE73A46514628460B
:10CA4000FFF7B4FD00288BD1AB890133AB8162E7DE
:10CA500070B505460E468EB02422002105A810F0C0
:10CA600055FC2946304605AAFFF7DCFE044600289F
:10CA70003AD1059B002B3BD0AB78BDF81A0002944D
:10CA8000CDE903448DF80A3000F026F9ADF80C002A
:10CA9000BDF81C0000F020F90346BDF81E00ADF8FB
:10CAA0000E3000F019F9ADF81000BDF8200000F0CC
:10CAB00013F903462888ADF8123000F00DF90C2266
:10CAC00002A9ADF80800059804F0E8F9BDF81810BF
:10CAD000059804F015F8FDF7ABFE2B890599009633
:10CAE0002A1D08F013F90446059808B103F002FF67
:10CAF00020460EB070BD00BF10B50446FDF790FE95
:10CB0000214604467030FFF7A3FF00B110BD84F842
:10CB10007200A4F88200C4F87A00C4F87E0084F899
:10CB2000840084F86D00A4F8700010BD38B5054687
:10CB3000FDF776FE90F84D30044663B3294627484A
:10CB400007F018FE2A464FF47A70244907F0FAFDE0
:10CB5000012294F84E3084F84D204BB329462048EA
:10CB600007F008FE2A46FA201D4907F0EBFD0122D6
:10CB700094F86C3084F84E2033B32946194807F0F6
:10CB8000F9FD2A4647F23050164907F0DBFD012334
:10CB900084F86C3038BD2A464FF47A700F4907F09C
:10CBA000D1FD012294F84E3084F84D20002BD5D1D0
:10CBB0002A46FA200A4907F0C5FD012294F86C3094
:10CBC00084F84E20002BD8D12A4647F23050054930
:10CBD00007F0B8FD012384F86C3038BD65C3000050
:10CBE000E9CB000075C3000038B50546FDF718FE17
:10CBF000002290F84C3080F84E2003B938BD04462E
:10CC000029465030FFF724FF03460028F6D184F868
:10CC10005230A4F86230C4F85A30C4F85E3084F858
:10CC2000643084F84C302846A4F85030BDE83840D1
:10CC3000FFF77CBF38B50546FDF7F2FD29460446EF
:10CC40005030FFF705FF00B138BD034684F852307D
:10CC5000A4F86230C4F85A30C4F85E3084F8643006
:10CC600084F84C302846A4F85030BDE83840FFF72F
:10CC70005DBF00BFF8B51C461B7806460F4615463B
:10CC80005BB10146104607F075FD3246294638462D
:10CC900007F058FD01232370F8BD024629463846A7
:10CCA00007F050FD01232370F8BD00BF002341F2BF
:10CCB000E94C00B589B01268079001A80393CDE94B
:10CCC00004330193ADF80CC002920693FFF7C0FE47
:10CCD00009B05DF804FB00BF40BA80B2704700BFE6
:10CCE00000BA70478446F0B500E0BCB11CF8014BB7
:10CCF00011F801EB44F020057445A2EB0C03A5F1FB
:10CD000061064EF0200703D0192E05D8BD4203D18D
:10CD1000C318EAD11846F0BD0120F0BD2046F0BD91
:10CD2000012930B5054631D94B1E002A00EB030E10
:10CD300026DB4FF00000E8542CD02846864526D943
:10CD400082EAE273154CA3EBE27301E086451ED044
:10CD500084FB03C24FEAE37CCCEBA20C0CEB8C020D
:10CD6000A3EB420330330EF8013D6346002BEDD1B7
:10CD70006A18A2EB0E027146BDE8304010F0ACBA62
:10CD80002D2400F8014B0024EC54D7E701D10023F7
:10CD90002B7030BD30232B8030BD00BF67666666C8
:10CDA0002DE9F04105468846224C234E04F1300718
:10CDB000236863B1227AAA4209D14FF48A7000FB3A
:10CDC00005604146626810309847002323600C34A8
:10CDD000BC42EDD14FF48A7303FB0563164E002469
:10CDE0003246D97BE3B2AB4204F1010402D0937A1C
:10CDF000022B15D0042C02F58A72F3D103290DD829
:10CE00000E4F57F8210008F025F84FF48A730022DE
:10CE100003FB0566F37BF47347F82320BDE8F0813C
:10CE2000D37B8B42E6D14FF48A73042203FB056364
:10CE3000DA73F3E74C6900207C690020D06D002094
:10CE40002DE9F04F4FF48A74DFF880A1834604FB8C
:10CE500000A4E37A87B0012B03D9584808F0E8F919
:10CE6000E37A574A52F8233043B94FF48A7404FBEB
:10CE70000BA494F81051002D00F098804FF48A74A0
:10CE800004FB0BF404F110075744384610F0FEFA87
:10CE9000014612314FF42072362089B203F086FD2C
:10CEA0008046002871D0002354442089CDE9033303
:10CEB0000593FFF711FF01238DF80E304FF48073B7
:10CEC0000C264FF6FE79ADF80C000C22404603A963
:10CED000ADF81030013F03F0E1FFCDF804B07A78EF
:10CEE00007F1010B2E2A58D05C46002504E0627839
:10CEF000DDB22E2A4CD004466B1C601C002AF6D1F1
:10CF00002A462746A4EB0B04A4B232444A4539DC36
:10CF10002A463146404604F067F806F1010C2246E5
:10CF20003544594640461FFA8CF303F0EFFFADB28B
:10CF30003A786E1CB6B2002AD1D131464046DDF8AF
:10CF400004B004F051F84FF001230293AB1C9BB2E4
:10CF50000422404602A903F0D9FF4FF48A7303FB71
:10CF60000BAA9AF810319AF80F00DBB935239AF81A
:10CF70000B20134901EB8202124951F8200041466F
:10CF800007F0E4FE404603F0B5FC07B0BDE8F08FC3
:10CF9000E41B2A460746A4B2B7E700225F461446C0
:10CFA0001546B2E741F2E943074AE5E72946584604
:10CFB000FFF7F6FEA57207B0BDE8F08F88110200FA
:10CFC00044690020D06D0020E83202007C69002016
:10CFD000042870B504464BD04FF48A733A4D03FBD6
:10CFE00004539B7A032B6AD8DFE803F00F102B025F
:10CFF0004FF48A7304FB03F3EA58002A40D14FF43C
:10D000008A73002203FB04539A7270BD2F4E08F0FE
:10D010001FF82D4B81B29A7A022A2DD003F58A731C
:10D020009E42F8D14FF48A7304FB03F3284E294A39
:10D030001D44083329812046D650BDE87040FFF7D3
:10D04000FFBE4FF48A7104FB01F16A18137B013BA8
:10D05000DBB21373002BD8D1537B0133DBB2042B2B
:10D06000537312D013732046BDE87040FFF7E8BE3B
:10D07000194808F0DDF8AFE71A898A42CED1C6E731
:10D08000013AEA50002ABAD0BFE7D37A63B9134B0A
:10D090005B684BB192F8103133B940F2011510487A
:10D0A000083145525373DEE700212046FFF778FE32
:10D0B0004FF48A73002203FB04539A7270BD09482F
:10D0C000BDE8704008F0B4B87C690020CC6D002049
:10D0D000020001007E690020A011020044690020C6
:10D0E0007F690020BC1102002DE9F04F144612891F
:10D0F0008BB00F2A05D8204603F0FCFB0BB0BDE82F
:10D10000F08F98460C220023204604A903F07CFEF1
:10D110000C280546EFD1B54FBDF81000FFF7DCFD38
:10D120003B469A7A0026022A07D00136042E03F5E0
:10D130008A73E0D09A7A022AF7D11A898242F4D10E
:10D14000BDF81400FFF7C8FD8246BDF81600FFF7D2
:10D15000C3FD9DF912308146002BCCDABAF1010FE4
:10D16000C9D14FF48A7303FB067393F810213AB9BF
:10D17000D97A9F4BD8F8002053F821309A42BAD17F
:10D180004FF48A7303FB06F30093103307EB030A93
:10D1900001964FF6FF7B2E465546DFF860823146FA
:10D1A000204603F011FF0028A5DB5E45A3D000F068
:10D1B000C002711CC02A8EB29DD020B305EB000ABC
:10D1C0003146204603F000FF031EDBB293DB15F867
:10D1D000012B06F1010C18F8020000F003000128F1
:10D1E00018F8030008BF203200F00300012808BF30
:10D1F00020339A427FF47FAF5E451FFA8CF63FF4EE
:10D200007AAF5545DCD13146204603F0DDFE0028DB
:10D2100005F10105FFF66FAFC1D135464FF6FF7836
:10D220004545019E3FF467AF05F1010B1FFA8BFBEB
:10D23000C3453FF460AF5B460422204602A903F0D9
:10D24000E3FD04287FF457AFBDF80A30B3F5807FC3
:10D250007FF451AFBDF80830B3F5807F7FF44BAF5A
:10D260004FF6FB739B453FF646AF9DF813305FFAD0
:10D2700086FB1B0770D10535ADB2B9F1000F5DD04B
:10D280002389AB420CD859E022899342BFF633AFD1
:10D290002946204603F098FE0028FFF62CAF15D053
:10D2A0002946204603F090FE05F1010A031E1FFAED
:10D2B0008AFA03F0C00253449DB2FFF61CAFBAF1E4
:10D2C000000F3FF418AFC02ADED1554645453FF464
:10D2D00012AF05F1010A1FFA8AFAC2453FF40BAFFB
:10D2E00053460A22204607A903F08EFD0A287FF440
:10D2F00002AF4FF6F5739A453FF6FDAEBDF81E300E
:10D300000B35B3F5807FBDF82400ADB204D1BDF874
:10D310001C30B3F5807F37D0FFF7DEFC2B18B3F558
:10D32000803FBFF6E8AEBDF82400FFF7D5FC09F159
:10D33000FF390544ADB21FFA89F99EE7204603F094
:10D34000D9FA00215846FFF72BFD4FF48A730022CB
:10D3500003FB06739A72D1E64FF48A7303FB0673DC
:10D36000DB7A002BEAD1224B5B68002BE6D04FF42E
:10D370008A7340F2013106FB03F31E4A0833584614
:10D38000D152FFF725FEB6E6B0F5806FC4D12B462B
:10D390000422204603A903F037FD04287FF4ABAE36
:10D3A00020464FF48A7406FB04F4039B3D196B601E
:10D3B00003F0A0FA0898FFF793FC0F4B0099834203
:10D3C00028BF03463B510323043158463944AB720E
:10D3D000FFF7E6FC3B59002B7FF490AEAB7A032BB2
:10D3E0007FF48CAE0022AA7288E600BF7C69002020
:10D3F0004469002080690020803A09009B340200C3
:10D40000704700BF012800D9704721B1054B0A6859
:10D4100043F820207047044A024B126843F820204A
:10D42000704700BF44690020F432020008B50020B4
:10D43000FFF7CEFD0120FFF7CBFD0220FFF7C8FD6F
:10D44000BDE808400320FFF7C3BD00BF002900F07E
:10D450002F812DE9F04F044685B0002800F0EF80C1
:10D460001F460378002B00F0EA8016468A4610F02B
:10D470000DF800F1FF3B14F80B302E2B18BF83463C
:10D48000BBF1FF0F00F2DB805146204602F0B2FAFA
:10D49000054618B1002005B0BDE8F08FDFF85492C2
:10D4A000C84618F8063C032B4AD00135042D08F570
:10D4B0008A78F6D1204686490FF055FFABF1060376
:10D4C000234498427AD0834B1B68002B00F0FA80EB
:10D4D00000230193002519F8063C022B44D00135A6
:10D4E000042D09F58A79F6D12B4600257A4AAE46F5
:10D4F00011469846794800788B7A5FFA85F9002BB7
:10D5000048D0032B05F1010509D191F80EC0A0EB1D
:10D510000C0C5FFA8CFCE6453CBFC846E646042D81
:10D5200001F58A71E8D14346032B06D84FF48A757A
:10D5300005FB0325A97A032943D04FF0FF30AAE762
:10D540005A4641462046FFF7CDFB0028ADD118F8DA
:10D550000B30002BA9D14FF48A725F4B02FB0533CD
:10D560005B68CAF8003095E75A4649462046FFF7FF
:10D57000B9FB0028B3D119F80B30002BAFD15848B4
:10D58000024611680C32002900F089800133042B17
:10D59000F7D1A4E74FF48A7303FB0525DFF840A118
:10D5A0004FF0000851460B680C3163B108F10108D7
:10D5B000B8F1040FF7D14FF0FF306CE7012301936E
:10D5C00088E79946EAE7A8730120A87208EB4800AB
:10D5D0004AF820600AEB800021465A4602934760D1
:10D5E0004FEA480380F8089005F1100003933D4C82
:10D5F0000FF03FFF029B21461E4605EB0B02137402
:10D6000051F8043BF3B10136042EF9D10423364A14
:10D6100017780137FFB2032F88BF002754F827106F
:10D62000781C013B61BB13F0FF03C7B2F3D1039A2F
:10D63000AB7242444AF822300423EB737DE76FF06B
:10D640000F0028E72E2007F039FC834600283CD045
:10D65000264F07F0FDFC82B2B2F5806FF9D3394650
:10D66000584607F02BFA10F1080FF2D018BB02460B
:10D670001F49584607F0E4FB1B4AF7B244F826B0AE
:10D680001770164A0199137848460133EF7385F8ED
:10D6900010111370FFF79CFC6FF00400FBE603EB26
:10D6A000430340F8236000EB83035F601D72F3E7E0
:10D6B0006FF00F007047584607F0CCFB002344F88A
:10D6C0002630A3E76FF00500E5E644F826B09DE7B5
:10D6D000DC110200446900207C690020CC6D002030
:10D6E0004C690020D06D0020CD6D0020F432020086
:10D6F000E9D000008C69002010B5002482B00094AD
:10D70000FFF7A4FE02B010BD08B503F039FD07F025
:10D7100057FD02F075FA02F00BFD02F0D9FD07F09B
:10D7200083F803F095FD01F095FCFFF769FEBDE875
:10D73000084006F0E1BF00BFF8B50446C56A07F02F
:10D74000BFFD94F84D30DB073FD585B32B790BB186
:10D750000020F8BD05F108061F4A3146204608F0B2
:10D76000F1FA4FF6A9632A889A4207D1012331467C
:10D7700020462A682B7108F003FBE9E7B4F84A3029
:10D780001648E76A1844FFF7ABFAFFF7A9FA7B7966
:10D79000134A184480B240F0294040F47E00904281
:10D7A0000DD800F57E40FFF79BFA2860DEE71C21CC
:10D7B000012002F067FC054650B1E062C6E7094B64
:10D7C000984288BFA0F57E40EDE76FF00F00F8BDEE
:10D7D0004FF0FF30F8BD00BFE9D700000001FEA9FF
:10D7E000FF00FEA9FFFEFEA970B50129C56A82B03F
:10D7F00023D002290DD051B902264FF6FF740191B2
:10D800006A46294601AB2E71009402F063FD02B016
:10D8100070BD002604462E6007F052FD4FF6A96346
:10D820002E71A2889A42F2D1084B20461A46194618
:10D8300002B0BDE8704002F04DBD6B7901336B71F1
:10D8400002B0BDE87040FFF777BF00BFF4320200BE
:10D85000C36A0BB11A7902B97047012219461A71CD
:10D8600051F8082B08F08CBA704700BFC36A1BB18F
:10D8700041681A68914201D0002070471879A0F1E0
:10D880000200B0FA80F04009704700BFC06A20B1C2
:10D890000A6803689A4201D0002070470079A0F11D
:10D8A0000200B0FA80F04009704700BFF8B5071DCC
:10D8B000442F04460D4616460ED8330E621C2B55D7
:10D8C00092B2A31C310C0334A9549BB2A4B2320A05
:10D8D000EA542E55B8B2F8BD014807F0A9FCECE7B0
:10D8E000E41102002DE9F84300287AD00C46002903
:10D8F00077D0814616464FF49A714FF42072362045
:10D900001F4603F053F8804600286AD04389B3F5D8
:10D910009A7F60D3032E41D0A379002B66D0364B7B
:10D920001868D8F804504FF49A72002120602846F5
:10D930000FF0ECFC40F201132B8099F84C30AB70E7
:10D940002068FFF7CDF94FF4C873F340DB07686038
:10D950003DD4032E37D009F1450109F14B0405F1FF
:10D960001B0C11F801EFA1420CF801EFF9D16FF097
:10D970007D02632385F8ED2040F2351285F8EC3006
:10D9800085F8EF305321032385F8F260A5F8F020E5
:10D9900085F8EE1040463B80BDE8F8836379032BA1
:10D9A000BAD0D8F804504FF49A72002128460FF0EC
:10D9B000ADFC40F201132B8099F84C30AB7020681D
:10D9C000FFF78EF968606379043B012BC3D8D9F85F
:10D9D0000430EB60BFE7094807F02AFC032E9BD117
:10D9E000DCE74FF000084046BDE8F88307F030FB65
:10D9F000014B186095E700BFF86D0020201202006F
:10DA000038B5134C2378E3B9124D2B6813B1124883
:10DA100007F00EFC07F040FA2860B0B1427A0F49D7
:10DA200042F020024272442207F048F843220B4998
:10DA3000286807F0D7F900220949286807F000FA9A
:10DA4000237801332370002038BD4FF0FF3038BDFC
:10DA5000FC6D0020006E002060120200F432020013
:10DA600089E20000002800F08A80816A002900F025
:10DA70008680002210B58B6A82B05C1C4A8207D077
:10DA80001E33B3F5701F5FD23B2B67D801238B8207
:10DA9000CB6A5A1C1FD01E33B3F5701F40D34FF60C
:10DAA000FF730A6B4B81541CCB815ED01E32B2F5E2
:10DAB000701F02D23B2A5CD801238B810B8200238A
:10DAC0004B81CB79DB0718D491F91C300A7F002BEE
:10DAD00056DBFF2312E00A6B4B89541C2ED01E32FA
:10DAE000B2F5701F37D23B2A43D801229A428A816D
:10DAF0000A82E4D9CB79DB07E6D50B6A4A79009331
:10DB00004B6A0A2A019304D00A220023A1F80520B7
:10DB10000B816A4601AB1C3102F0DCFB02B010BD88
:10DB20003B2B92BF01231A4AA2FB03230A6B88BF37
:10DB3000C3F34F13541C4B81CB81D0D18A899A42B5
:10DB4000D8D8002AD6D0BAE74FF6FF738B82CB6ABB
:10DB50005A1CA0D1BFE74FF6FF72C7E7A2F1773298
:10DB6000A2FB0323C3F34F13F0E78A89002AC1D035
:10DB7000A5E7074CA4FB0242C2F34F12B6E7704779
:10DB8000BF2A4FF6FF7388BF6FF07F43B6E700BF31
:10DB900089888888002330B52B4D83B0EA78044605
:10DBA000C0E9083312B1294BDB6883622B79002B63
:10DBB00047D0264B1B696A79E36232B3234B5B691A
:10DBC00023630A69AB79E2614BBBE37903F0FE039F
:10DBD000E371EB79002B2ED12B7AA3B11B4C206A79
:10DBE000FFF77EF8034601A900200193FFF70AFC26
:10DBF0006B7A43B1606AFFF773F8034601A901200D
:10DC00000193FFF7FFFB03B030BDA36AC3EBC3036F
:10DC1000DB0823630A69AB79E261002BD5D00B4B9B
:10DC20009869FFF75DF8E379206243F00103E3713F
:10DC3000EB79002BD0D0054BD869FFF751F8606223
:10DC4000CAE7A36A5B08B6E7046E0020106E0020E6
:10DC50002DE9F84F064642B310460F4615460FF021
:10DC600015FC10B3C6F141039842044628BF1C4678
:10DC700098421DD8FF2C02D9254807F0D9FA5FFA3F
:10DC800084F906F1020808EB0903442B3BD80C2366
:10DC9000BB550136B6B207F806901FFA88F604F1B4
:10DCA000FF391CE001364E44B6B23046BDE8F88F6D
:10DCB000174806F1020807F0BBFA08EB0403442BEF
:10DCC0005FFA84F91FD80C23BB550136B6B207F8AA
:10DCD00006901FFA88F604F1FF39002CE5D005EB19
:10DCE000040BDFF83480344605E0631C5D4507F81B
:10DCF00004A09CB2D6D0432C15F801ABF5D9404610
:10DD000007F096FAF1E7034807F092FADBE700BF65
:10DD100088120200A4120200E81202002DE9F04F5E
:10DD2000856A07466B7985B0032B04D00322002354
:10DD3000A5F805202B810322294638460DF10E0354
:10DD4000FFF7D0FD0646002800F08780BDF80E40A2
:10DD5000436804F1040903F1F00804F1020A631CAA
:10DD6000B9F1440F1FFA8AFA1FFA83FB00F292807E
:10DD7000392308F80430022308F80B30022340222C
:10DD800008F80A30E31C9BB21FFA89F908F803204F
:10DD900009F10603442B00F292803223042208F892
:10DDA0000930631D9BB208F80320E869FEF798FF6D
:10DDB000063402464146A0B2FFF778FD00F1060A9C
:10DDC000BAF1440F044676D83723042208F8043009
:10DDD000631C0234DFF808B19BB2A4B208F8032038
:10DDE000432C1BF8019B1FFA8AFA0CD8631C9BB2C8
:10DDF000534508F80490ADF80E3008D01C46432C6B
:10DE00001BF8019BF2D9304807F012FAEEE74146C1
:10DE10003A6C5046FFF71CFFFF23411C89B243298F
:10DE2000024608F8003008D8C2F1430208EB0100AE
:10DE300092B200210FF06AFA4421F031304689B2E3
:10DE400002F05EFE214A432310683146204A0097C3
:10DE500006F05CFF304602F04DFDAB79FF2B14D08D
:10DE60000133DBB2092BAB710FD8C3EB431203EBC9
:10DE70008203DB00174A03F2F3139BB2A2FB0323D6
:10DE80005B092B8105B0BDE8F08F14232B8105B011
:10DE9000BDE8F08F104807F0CBF9392308F80430BB
:10DEA000022308F80B305344442B7FF667AF0B482E
:10DEB00007F0BEF962E7084807F0BAF984E70648B8
:10DEC00007F0B6F969E700BFE8120200006E002013
:10DED000F0320200D34D6210A4120200201302009F
:10DEE000EC32020000232DE9F04F866A87B0727988
:10DEF0008046062AF36103D006223381A6F8052066
:10DF00000122314640460DF11603FFF7EBFC814636
:10DF100000286ED0BDF81640456804F1040BA71C1C
:10DF2000631CBBF1440F05F1F005BFB21FFA83FA81
:10DF30007CD839232B55022305F80A30B8F844A0C1
:10DF400003344FEA1A23A4B2EB5505F804A01FFAD4
:10DF50008BF02946D8F84020FFF77AFE00F1060B37
:10DF6000BBF1440F074673D837230422EB55BC1C82
:10DF70007B1CDFF800A19BB2A4B2EA54432C1AF830
:10DF8000011B1FFA8BFB0BD8631C9BB25B45295509
:10DF9000ADF816300AD01C46432C1AF8011BF3D9F1
:10DFA0002D48039107F044F90399EDE7FF23F81D8D
:10DFB00080B2432805F80B3008D8C7F13C0292B272
:10DFC0000021284401320FF0A1F9442000F1F001B2
:10DFD00089B2484602F094FD204B21491868214A35
:10DFE000CDE900814323494606F0E2FD484602F0B0
:10DFF00081FCB379FF2B13D00133DAB2052AB27159
:10E000000ED84FF47A7300209340174903F2F313AC
:10E010009BB2A1FB03135B09338107B0BDE8F08F0E
:10E0200078230020338107B0BDE8F08F0F4807F058
:10E03000FFF839232B55022305F80A30FB18442B2F
:10E04000B8F844A07FF67CAF094807F0F1F877E70D
:10E05000064807F0EDF887E7E8120200006E00209E
:10E06000F4320200F0320200D34D6210A41202001A
:10E0700020130200EC320200002800F0F3802DE9AA
:10E08000F04F856A064685B0002D00F0C7806B7999
:10E09000012B04D001220023A5F805202B810322A7
:10E0A000294630460DF10E03FFF71CFC07460028F9
:10E0B00000F0A180BDF80E40436804F1040903F1AB
:10E0C000F00804F1020A631CB9F1440F1FFA83FB44
:10E0D0001FFA8AFA00F2A780392308F804300223D5
:10E0E00008F80B30B6F844B0E31C9BB21FFA89F96C
:10E0F0004FEA1B2208F80A2008F803B009F10603CA
:10E10000442B00F2AB803223042208F80930631D4F
:10E110009BB208F80320E869FEF7E2FD06340246E8
:10E120004146A0B2FFF7C2FB831D442B044600F218
:10E1300091803623042208F80430631C9BB208F84F
:10E140000320A869FEF7CCFD023402464146A0B286
:10E15000FFF7ACFB00F1060ABAF1440F044675D88C
:10E160003723042208F80430631C0234DFF814B1AA
:10E170009BB2A4B208F80320432C1BF8019B1FFAA2
:10E180008AFA0CD8631C9BB2534508F80490ADF88A
:10E190000E3008D01C46432C1BF8019BF2D93248A4
:10E1A00007F046F8EEE74146326C5046FFF750FD67
:10E1B000FF23411C89B24329024608F8003008D8E1
:10E1C000C2F1430208EB010092B200210FF09EF869
:10E1D0004421F031384689B202F092FC234B2449A5
:10E1E0001868244ACDE900614323394606F0E0FC73
:10E1F000384602F07FFBAB79FF2B12D00133DAB245
:10E20000052AAA710DD84FF47A7393401A4903F284
:10E21000F3139BB2A1FB03135B092B8105B0BDE88F
:10E22000F08F7823F9E7154807F002F8392308F84A
:10E230000430022308F80B305344442BB6F844B0A2
:10E240007FF652AF0E4806F0F3FF4DE70B4806F09D
:10E25000EFFF85E7094806F0EBFF6AE7074806F09D
:10E26000E7FF50E7704700BFE8120200006E002091
:10E27000F4320200F0320200D34D6210A412020008
:10E2800020130200EC320200AC4B2DE9F04F5F6826
:10E290001446BD6A52688BB0002D00F0A7802B7920
:10E2A000002B00F0A38063892B2B40F29F80137812
:10E2B000022B40F09B8097F84C1091B107F1450379
:10E2C00003EB010C07F14B0E02F11B0113F8016F78
:10E2D00011F8010F864240F089809C4501D09E458F
:10E2E000F4D15068FEF7FCFC2B6898427ED10026E2
:10E2F000DFF850B2CBF80460ABF808606389CBF864
:10E3000000602B2B72D9B4F808A0F022CDE9027579
:10E31000D1462746009201963946009C06E00968DE
:10E3200094B21FFA83F900295FD04B899C42A4EB79
:10E330000302A9EB0303F2D2A1454A6840F24981E6
:10E340003B46CA460F461946105DFF2800F0408143
:10E35000A61CB6B2B44200F2D7817B8904F1010C4D
:10E360009C4580F22D8115196D783B2844D8DFE853
:10E3700010F05D000E014300FF0043004300EB007E
:10E380004300430043004300430043004300430075
:10E390004300430043004300430043004300430065
:10E3A0004300430043004300430043004300430055
:10E3B0004300430043004300430043004300430045
:10E3C0004300430043004300430043004300430035
:10E3D0004300430043004300D700C600BA00AD002D
:10E3E0004300430043001B0160003C4620460BB045
:10E3F000BDE8F04F02F07EBA4FF6FD702C44844227
:10E4000000F38281AC19A4B29C42C0F0DE80E41A11
:10E41000AAEB0303A4B21FFA83FA544580F0748177
:10E420003F68002F00F070817A688DE71FFA8CF446
:10E43000EAE7042D40F068814FF6F9739C4200F240
:10E4400063814FF005090634A4B200203C4BCDE9AE
:10E45000052403EB8903CDF81CA01C46B2460990A5
:10E460000BEB0908049126E0042D2E4628BF042654
:10E4700053463846324609A902F0C6FC864240F0AF
:10E480004781042D40F24681AB0740F041814FF0B7
:10E490000103099808F8013CFEF722FC0AF1040286
:10E4A00092B2043D924544F8040BEDB209F1010922
:10E4B00000F22E81924618F8012B002AD4D0DDF804
:10E4C0001CA00499DDE905247B899DE7042D40F01B
:10E4D0001B814FF6F9739C4200F2168106344FF00F
:10E4E0000209A4B2B1E7012D40F00E814FF6FE7390
:10E4F0009C4500F009810334A946A4B2A5E7012D8B
:10E5000040F00281009BF02B40F0FE804FF6FE733E
:10E510009C4500F0F98003344FF00009A4B294E761
:10E52000042D40F0F1804FF6F9739C4200F2EC802C
:10E5300006344FF00309A4B287E700BFE06D002066
:10E54000106E0020046E0020A80740F0DD804FF61A
:10E55000FD702C44844200F3D780AC19A4B2002D86
:10E560003FF452AF082D28BF08254FF008096CE78B
:10E57000032D40F2C9804FF6FD732C449C4200F3FA
:10E58000C380AC194FF007090425A4B25DE7042D40
:10E5900040F0BA804FF6F9739C4200F2B580063421
:10E5A0004FF00609A4B250E7042D40F0AD804FF6BD
:10E5B000F9739C4200F2A8800634A946A4B244E74D
:10E5C0003D6815B36D682D78CFE65445FFF4BCAEB9
:10E5D0000F469BF8003063B100238BF80030874B67
:10E5E0001B68012B00F0A780022B06D0032B00F044
:10E5F000A080019B002B00F0AB80002301932C2313
:10E600004FF06C0900937B8986E63B287AD801A4F9
:10E6100054F820F02DE4000009E7000005E70000B1
:10E6200009E7000005E7000005E700000DE700002E
:10E6300005E7000005E7000005E7000005E700002A
:10E6400005E7000005E7000005E7000005E700001A
:10E6500005E7000005E7000005E7000005E700000A
:10E6600005E7000005E7000005E7000005E70000FA
:10E6700005E7000005E7000005E7000005E70000EA
:10E6800005E7000005E7000005E7000005E70000DA
:10E6900005E7000005E7000005E7000005E70000CA
:10E6A00005E7000005E7000005E7000005E70000BA
:10E6B00005E7000005E7000005E7000005E70000AA
:10E6C00005E7000005E7000005E7000005E700009A
:10E6D00005E7000005E7000005E7000005E700008A
:10E6E00009E7000009E7000009E7000009E700006A
:10E6F00005E7000005E7000005E7000009E7000066
:10E7000009E7000000257DE60C466FE634467BE60F
:10E71000049C6BE6DDF81CA00499DDE905240FD00C
:10E720009DF82400354B43F8290001200BF809001F
:10E73000CAE6012301936C234FF0EC09009362E7D2
:10E740000998CDE90421FEF7CBFADDE90421E9E7D8
:10E750009BF801303C46039D019E029F002B3FF435
:10E7600045AE264A61681379052B1CD0062B2AD0AA
:10E77000022B7FF43BAE6B79062B7FF437AE9BF810
:10E780000230BD6A002B3FF431AE90682E810091BB
:10E79000FEF7A6FA03460099AB610B693846EB61B8
:10E7A000FFF76AFC22E66B7903F0FD02012A03D031
:10E7B000043B012B3FF61AAEB86AFFF7EBF9384677
:10E7C000FFF750F912E66B79DA1E022A02D9012B03
:10E7D0007FF40CAEBB6A5A790C2A04D00C210022BB
:10E7E000A3F805101A81064B38461A46194601F05F
:10E7F00071FD3846FFF776FBF8E500BF106E00208C
:10E80000F432020038B5856A35B16B790446052BC0
:10E8100003D8022B0FD83BB938BD0A2B0BD00C2BD9
:10E8200002D9084806F004FD0023AB712046BDE87C
:10E830003840FFF757BB0023AB712046BDE8384096
:10E84000FFF76CBA801302002DE9F04F876A85B09C
:10E85000804606F035FD7B79052B04D00522002388
:10E86000A7F805203B810322394640460DF10E03EF
:10E87000FFF738F88146002800F0A080BDF80E5060
:10E8800046682C1D05F1020A6B1C442C06F1F006AB
:10E890001FFA8AFA1FFA83FB7AD8392373550223A9
:10E8A00006F80B30B8F844B0EB1C9BB2A4B24FEAA8
:10E8B0001B2206F80A2006F803B0A31D442B79D8C2
:10E8C0003723042233556B1DAC1DDFF80CA19BB21E
:10E8D000A4B20A35F254432C1FFA85FB1AF8015BE7
:10E8E0000BD8631C9BB25B453555ADF80E3008D094
:10E8F0001C46432C1AF8015BF3D9324806F098FC09
:10E90000EFE73146D8F840205846FFF7A1F9FF233A
:10E91000411C89B243290246335407D8C2F143024D
:10E92000701892B200210EF0F1FC4421F0314846FB
:10E9300089B202F0E5F8244A432310684946CDF82D
:10E94000008007F1180206F0E1F90446484601F09C
:10E95000D1FFBB79FF2B15D00133DBB2092BBB7183
:10E9600010D82046C3EB431203EB82031B01174A66
:10E9700003F2F3139BB2A2FB03235B093B8105B0B7
:10E98000BDE8F08F282320463B8105B0BDE8F08F1D
:10E990000F4806F04DFC39237355022306F80B305F
:10E9A0005344442BB8F844B07FF67EAF094806F0D4
:10E9B0003FFC79E7064806F03BFC81E74FF0FF3467
:10E9C000C7E700BFE8120200006E0020D34D6210BE
:10E9D000A412020020130200EC3202002DE9F041E3
:10E9E000846A84B0054606F06BFCECB16379DBB158
:10E9F0000023AA6AA169C4E90833C4E90633C4E95B
:10EA00000B330391A362C4F80E30C4F812302AB15C
:10EA100053790A2B19D0043B012B16D90023A4F8F3
:10EA200005302381237913B904B0BDE8F081374E56
:10EA30003578002D60D0013DEDB23570002D55D0F8
:10EA40000023237104B0BDE8F08100260722A4F85A
:10EA500005602681214628460DF10A03FEF742FF94
:10EA6000064600283BD0BDF80A80476808F1060337
:10EA7000442B07F1F00744D83623042207F8083066
:10EA800008F101039BB2FA540398FEF729F908F143
:10EA90000208024639461FFA88F0FEF707FFFF23F7
:10EAA0003B54431C9BB2432B024607D8C2F143029E
:10EAB000F818002192B20EF029FC442303F1F00172
:10EAC000304689B202F01CF8114A432310683146DF
:10EAD000009503AA06F01AF9304601F00BFF0D4B22
:10EAE00028461A46194601F0F5FB9BE7084E3068A8
:10EAF00006F0B0F93560A3E7074806F099FB3578D2
:10EB000099E7064806F094FBB6E700BFFC6D0020CD
:10EB1000006E0020F43202005C130200A412020016
:10EB2000F8B5044606F0CCFB002C4BD094F84D30E1
:10EB3000DA0747D5B4F84430A56AB3F5107F23D37C
:10EB4000002D37D02B7913BB3422002128460EF03C
:10EB5000DDFBFEF755FF0646B0B901232B7194F893
:10EB60004D305B0708D46B79022B03D00223288138
:10EB7000A5F805303046F8BD2046FFF7B3F9002868
:10EB8000F8D02046FFF72AFF4FF0FF36F2E70F4F8D
:10EB90003E7856B1013EF6B23E70002ED4D10C4FF5
:10EBA000386806F057F93E60CEE70A4806F040FBA9
:10EBB0003E78EFE7342001F0BFF905460028E3D0A6
:10EBC000A062C1E76FF00F06D4E700BFFC6D002024
:10EBD000006E00205C1302002DE9F04F7E4B85B0E3
:10EBE0001D68DDB1AC6AB4B16379A3B1A18A29B162
:10EBF000628A013292B29142628212D0228A1AB1A2
:10EC0000511E012A218213D0E28922B1511E012A0C
:10EC1000E18100F0AC802D68002DE3D105B0BDE8A6
:10EC2000F08F2846FFF7DAFE2846FFF779FFF2E774
:10EC30005A1ED2B2092AEED840F2192121FA02F264
:10EC4000D207E8D5042B04D004220023A4F8052021
:10EC500023810322214628460DF10E03FEF742FED2
:10EC60008046002865D0BDF80E7043683E1D07F150
:10EC7000010B07F1020A442E03F1F0091FFA8BFB86
:10EC80001FFA8AFA00F29480392309F80730022328
:10EC900009F80B30B5F844B0FB1C9BB2B6B24FEA92
:10ECA0001B2209F80A2009F803B0B31D442B7BD8B6
:10ECB0003723042209F806307B1DBE1D9BB20A379C
:10ECC000DFF830A109F80320B6B21FFA87FB432E04
:10ECD0001AF8017B62D809F806700136B6B25E45B3
:10ECE000ADF80E60F3D12A6C58464946FEF7B0FFE6
:10ECF000FF2309F80030431C9BB2432B024608D87F
:10ED0000C2F1430209EB0300002192B20EF0FEFAB9
:10ED10004423F03399B2404601F0F2FE2F4A4323D8
:10ED2000106841462E4A009505F0F0FF404601F07C
:10ED3000E1FDA379FF2B35D00133DBB2092BA371A1
:10ED400030D8C3EB431203EB8203DB00254A03F206
:10ED5000F3139BB2A2FB03235B09A28A618A23817E
:10ED6000531A012B7FF757AF5B10238253E7013B08
:10ED7000DBB2092B3FF64FAF40F2112222FA03F328
:10ED8000DB077FF548AF2846FFF75EFDA389628A5F
:10ED90009B1A012BC4BF5B10E3813CE7124806F0CD
:10EDA00047FA98E71423D8E7104806F041FA7FE7BE
:10EDB0000E4806F03DFA392309F80730022309F816
:10EDC0000B305344442BB5F844B07FF665AF084888
:10EDD00006F02EFA60E700BFC8080120006E002090
:10EDE000F0320200D34D6210E8120200A4120200B9
:10EDF00020130200EC320200264B10B51C6824B927
:10EE00002CE0013A1A81246844B3A36A002BFAD09B
:10EE10001A89012AF5D8F6D100215A791981013AC7
:10EE20000B2AF0D801A151F822F000BF75EE0000C6
:10EE300007EE000067EE000007EE000007EE00009E
:10EE40005FEE000007EE000007EE000007EE000096
:10EE500007EE000007EE00005FEE000010BD204648
:10EE6000FFF740F8CFE79B792046012B0FD9FFF73A
:10EE700039F8C8E79B792046052B02D8FFF7FCF844
:10EE8000C1E7FFF7ABFD2046FFF74AFEBBE7FEF701
:10EE900045FFB8E7C808012058B1806A48B14079F9
:10EEA0000A2805D0043801288CBF002001207047B3
:10EEB00001207047F8B5476B0D46FFB13C460A6824
:10EEC00001E0246824B163689342FAD12046F8BD7A
:10EED000072001F073F9044670B100232A68A3608B
:10EEE0006260184A237312682B6893421ED03B68F5
:10EEF000204623603C60F8BD0024E7E70646072073
:10EF000001F05CF904460028F6D09DB90D4B456030
:10EF10001B68856005732A689A4203D10023236029
:10EF20007463D3E7084806F083F9F7E7074806F06B
:10EF30007FF9DCE72B680773C0E90137014B1B68D9
:10EF4000E9E700BF3C6E002094130200C8130200E2
:10EF500038B5437A0446022B0D4604D0012B00D06D
:10EF600038BD438933B9022D07D8012363810123BA
:10EF7000637238BD8B42F3D9F5E706F069F8B0FB50
:10EF8000F5F303FB150060810028EED0EFE700BF2A
:10EF90002DE9F0412B4B88B01B6880460F46164682
:10EFA00008214FF420723620069301F0FFFC002860
:10EFB0003ED043890446072B456835D9D8F804303C
:10EFC000162E06937B684FF008016B6004BF012387
:10EFD0003B722E704FF0000628466E70AE70EE70D9
:10EFE00014BF194F043706F07DFE68800220042507
:10EFF00040F29441012301901448CDF80880009616
:10F0000004950791D0F8C0103A461944C0F8C010D2
:10F0100007A90391204606A900F08EFC204601F0C6
:10F0200069FC08B0BDE8F081094806F001F9C5E7C0
:10F03000064AD2F8D4300133C2F8D43008B0BDE863
:10F04000F08100BFF4320200386E0020D8080120A1
:10F050000C14020003490448044B054A08601A6076
:10F06000704700BF3C6E0020E0000001386E0020B9
:10F07000E000000210B50A490446FFF71BFF60B12B
:10F080000222037B427201330373636D1BB10122C1
:10F09000204603499847002010BD4FF0FF3010BDB7
:10F0A0003C6E0020436B1BB370B51C68FCB101269D
:10F0B000104D01E02468D4B1637A022B06D0012BF5
:10F0C000F8D16389013B9BB2042BF3D905F0C0FF53
:10F0D000A5FB003222F0030303EB9203C01A0128C0
:10F0E00038BF0120667260812468002CE4D170BDB5
:10F0F000704700BFCDCCCCCC406B30B10A6801E08A
:10F10000006810B143689342FAD170472DE9F0418D
:10F11000494D0E46D5F8C430418901330729C5F859
:10F12000C43022D9D0F8048004464046174606F081
:10F13000D9FD00284AD1706B60B30346396801E0FD
:10F140001B683BB35A688A42FAD198F80020112A0A
:10F1500029D0162A12D0D5F8D8300133C5F8D830C6
:10F160002046BDE8F04101F0C5BB01F0C3FBD5F876
:10F17000D0300133C5F8D030BDE8F081D5F8E820B3
:10F180000132C5F8E8205A7A012AE9D14FF4007219
:10F190009A60E5E7204601F0ADFBD5F8C8300133B1
:10F1A000C5F8C830E8E7254A1668D8F804208E422A
:10F1B00016D0002ACFD0D5F8E02018460132C5F885
:10F1C000E02098F80110FFF7C3FEC9E7204601F0E0
:10F1D00091FBD5F8CC300133C5F8CC30BDE8F081D7
:10F1E000C2B998F8013003BBD5F8DC300133C5F85B
:10F1F000DC300A2388F801300568002DB0D028469D
:10F2000098F80110FFF7A4FE2D68002DF7D1A7E7AD
:10F21000006820B143689A42FAD10346CBE7D5F89B
:10F22000C8300133C5F8C8309AE7D5F8E430013367
:10F23000C5F8E430E0E700BFD80801203C6E0020AC
:10F2400070B50E46054606F03BF8336803F0F00251
:10F25000E02A37D11E4A1268934233D095F84D30D8
:10F260009B062FD531462846FFF724FE044660B39F
:10F27000437A13BB037B2BB96B6D1BB10122314663
:10F280002846984713491622D1F8EC302846013316
:10F29000C1F8EC302146FFF77BFE05F0D9FE0122D4
:10F2A0000D4B6272A3FB002323F0030202EB9303D6
:10F2B000C01A012838BF01206081237B0020013360
:10F2C000237370BD6FF0050070BD4FF0FF3070BD4F
:10F2D0003C6E0020D8080120CDCCCCCCF8B50F4630
:10F2E000064605F0EDFF3D6805F0F003E02B2AD15E
:10F2F0001F4B1B689D4226D096F84D309B0622D5A9
:10F30000736B03B31C4601E02468E4B16268954264
:10F31000FAD1227B012A03D9013A22730020F8BDD9
:10F320001A461B689C4211D0002BF9D1237A93B95D
:10F33000736D1BB10022394630469847214607209D
:10F3400000F06AFFEAE76FF00500F8BD236813607C
:10F35000237A002BECD0074A2146D2F8F030304611
:10F360000133C2F8F0301722FFF712FEE0E700BFCA
:10F370003C6E0020D8080120174B2DE9F0411D6894
:10F3800045B30227154EDFF858806C6B14B91EE0A8
:10F390002468E4B16289531E9BB2002AF8D06381CD
:10F3A000002BF5D1637A012BF2D1626833689A425F
:10F3B000EED06772D8F8F430214601331622284681
:10F3C000C8F8F430FFF7E4FD2468002CE2D12D6882
:10F3D000002DDAD1BDE8F081C80801203C6E002084
:10F3E000D808012038B590F84D30044613F00100DC
:10F3F00011D0636883B10A4D686983420ED02146FB
:10F4000000F0DCFA50B9204605F11401FEF73EFA8F
:10F41000003818BF012038BD184638BD012038BD5E
:10F42000E06D002010B5044605F04AFF216801F0A8
:10F43000F003E02B2DD0194B1868A8B190F84D308F
:10F44000DC070ED55A070CD5426881EA020C42B19E
:10F4500082681CEA020F15D09B0702D4C368994248
:10F4600010D000680028E9D10D4B186858B190F809
:10F470004D3003F00503052B05D143681BB1C9B21C
:10F480007F2900D010BD074A0020D36F0133D36716
:10F4900010BD054B18680028CDD010BDC80801204C
:10F4A000C4080120D8080120406E00202DE9F84F43
:10F4B0000546B14C0F4605F003FF636ED5F8048096
:10F4C0000133636698F800301A09042A0DD02846E3
:10F4D00001F010FAD4F88820E36E01320133C4F849
:10F4E0008820E3660020BDE8F88F03F00F03B8F82A
:10F4F00002009E00FDF7F0FB2B898146834213D862
:10F500006B89B34204D32B894B4501D3132E13D8F7
:10F51000284601F0EFF9626FE36E013201330020FB
:10F520006267E366BDE8F88F0146284601F0E8FA15
:10F530006B89B342E7D2EBE73146404606F0D2FB97
:10F54000002840F0F080D8F81030D8F80C00DFF830
:10F550003892C9E9040303F0F003E02B12D197F8C5
:10F560004D309B0663D498F80930112B00F0AA8027
:10F57000002840F0E280E36E28460133E36601F0A4
:10F58000B9F9AFE73846FFF72DFFE0B999F8143025
:10F590007F2B10D0794BD3F800A0BAF1000F0AD01E
:10F5A000BA4503D05046FFF71DFF78B9DAF800A03E
:10F5B000BAF1000FF4D198F80930112B00F0C08097
:10F5C000D9F81000D4E7002FF5D0BA46D9F81000CA
:10F5D00000283CD1B8F8063023F0C003002B40F0DF
:10F5E0009680C9E900A7C9F8088098F80030394624
:10F5F00003F00F039B002846A9F80C3001F036FDFC
:10F600000128834654D03146284601F01DF998F868
:10F610000930013B102B29D8DFE803F06D6728285B
:10F620002862282828282828282828285D003846E5
:10F6300009F11401FFF760FD002800F08E80D9E980
:10F6400004034F4A9342C0D1002842D0BA463946FB
:10F6500000F0B4F9002853D1D9F8103003F0F003CA
:10F66000E02B4DD0BAF1000FB4D184E7BBF1020F0B
:10F670001BD05146D9F8140000F0A0F968B9D9F8A8
:10F68000143003F0F003E02B07D03146284601F098
:10F69000F7F80221284607F0D7F9D4F88020E36E66
:10F6A00001320133C4F88020E366284601F022F9D4
:10F6B0000023C9E90033C9E90433C9F80830A9F8BF
:10F6C0000C300FE708EB06035B88B3F5884F7FF437
:10F6D0004FAFBA467EE73946284605F0B1F8E7E76E
:10F6E0003946284603F0ECFAE2E739462846254A2F
:10F6F000FFF70CFDDCE73946284607F0C5F8D7E7E9
:10F70000284601F0F7F8E36E0133E366EAE628469F
:10F7100001F0F0F8D4F88420E36E01320133C4F82C
:10F720008420E366DEE6284601F0E4F8D4E91B32E3
:10F7300001320133C4E91B32D4E64FF0000A86E7F8
:10F7400008EB06035B88B3F5884F7FF439AFBA4600
:10F75000BAF1000F7FF43EAF0DE798F80930112B96
:10F760007FF42EAF08EB06035B88B3F5884F7FF478
:10F7700027AFBA462EE700BFD8080120C8080120ED
:10F78000E0000001F46D0020E06D00202DE9F04F55
:10F79000054685B099468A4617469DF838B09DF8CB
:10F7A0003C80BDF8484005F08BFDAB7B012B40F061
:10F7B0008780002F00F08A80002C00F08F80282C9A
:10F7C00000F2A680E61C26F00306B6B206F114038A
:10F7D0009BB231462846009300F0E6FF002840F037
:10F7E0008E8001902246119968680DF042FEB44265
:10F7F000019B7DD300246B681E4433F8022B9E428C
:10F800001444FAD11421284600F0CEFF002876D106
:10F810006B896E68132B64D986F8098086F8089086
:10F820003968009B48EA09284FEA2822080CC3F3EC
:10F83000870343F04003316142EA082210FA81F164
:10F84000337011FA82F24BEA0323224486F801B0A6
:10F850001C1244EA0324288912FA84F4FDF73CFAC6
:10F8600000220346DFF8CC807380B8F80000B27144
:10F87000F2711C44FDF730FAB8F80030B080013363
:10F88000A8F800300319BAF1000F2ED0DAF80020E2
:10F8900013FA82F303EB1243F2609AB202EB1343C2
:10F8A00003EB1343DB4373811E483A46036E29463C
:10F8B0000133036610984369984705B0BDE8F08F9F
:10F8C000194805F0B5FC002F7FF476AF6B89132B38
:10F8D00015D96B6803AF1B690393E5E71423009305
:10F8E00090E7124805F0A4FC96E7114A1268CFE7AA
:10F8F000686819462044321B0DF008FD7AE7094A72
:10F900006FF00100D2F888300133C2F88830D4E7B4
:10F91000044A6FF00500D2F888300133C2F888300D
:10F92000CBE700BFD808012048140200541402009D
:10F93000F4320200446E0020F0B59E46DDE9074730
:10F940009DF814509DF81860BDF824C01AB109B193
:10F950000B6803B9211D7346CDE9087CCDE9066427
:10F960000595BDE8F040FFF711BF00BF30B587B087
:10F970009DF828409DF82C500094002401950C9D82
:10F98000CDE903440295FFF701FF07B030BD00BF8A
:10F99000F0B587B09DF830509DF834600E9C1AB1D8
:10F9A00009B10F6807B9211DCDE901640024009554
:10F9B000CDE90344FFF7EAFE07B0F0BD421E033273
:10F9C000034615D891F84D0010F002000FD04A6898
:10F9D0009A420BD089685A400A4207D1C84323EAA9
:10F9E0000103181AB0FA80F04009704700207047F0
:10F9F000012070472DE9F0434D4D037885B0EA5C56
:10FA0000520739D5E9460E464F460DF10C08302B0A
:10FA100036D04FF00A0E0024013007E0BEF1080F87
:10FA20001CD004FB0E340378303C0130EA5C03F157
:10FA30000A0C12F0040F02F00301EFD1BEF1100F17
:10FA400010D112F0440F0DD0022914BF41226122BF
:10FA5000ACEB020C03784CEA0414E6E7A3F13001A6
:10FA60000729DED92E2B19D1474505D0037847F851
:10FA7000044BEA5C5207CAD4002005B0BDE8F0830D
:10FA8000437803F0DF02582A03D04FF0080E01300C
:10FA9000C1E783784FF0100E0230BCE70BB11307BB
:10FAA000EAD5A7EB09039B100133042B3BD801A235
:10FAB00052F823F079FA0000D9FA0000C9FA0000E0
:10FAC0000BFB0000E7FA0000B4F1807FD4D2009B6A
:10FAD000FF2BD1D844EA03641EB12046FDF700F99C
:10FAE00030600120C9E7FF2CC6D80099FF29C3D890
:10FAF000019BFF2BC0D8029AFF2ABDD81B0443EA02
:10FB0000016343EA02231C43E6E7B4F5803FB3D226
:10FB1000009AFF2AB0D8019BFF2BADD81B0443EA03
:10FB200002631C43D8E7034805F082FBD4E700BF1B
:10FB30009B340200841402002DE9F04F4FF00009BD
:10FB40008B46CA468E469446036885B0284F0DF111
:10FB50000C0802AE0393551C002218F8013BCDF8A7
:10FB60000480A7FB031411469846E40804EB8400C4
:10FB7000A3EB4000E3B201F11004013230306C44D9
:10FB8000B8F1090FD2B204F8080CEAD8DDF8048005
:10FB900009F1010308F801AC3AB3CC451ADD314450
:10FBA00001E09D4216D00C78B14218460EF8014B88
:10FBB00003F1010301F1FF31F3D1844500F10109A3
:10FBC00008DD2E22734603F8012B04AA904505D0C8
:10FBD0009E46C1E7002005B0BDE8F08F00235846DF
:10FBE0008EF8003005B0BDE8F08F4846E5E700BF6D
:10FBF000CDCCCCCC10220149FFF79EBF486E00202F
:10FC000010B500244FF4804001214FF040220C4BEE
:10FC100023F003031C710B4C186023600A4C0B4843
:10FC2000236003F580430360197109481A6005F0E9
:10FC300099FA00B910BD0748BDE8104005F0F8BAC0
:10FC40006B6E0020646E0020586E0020606E0020F5
:10FC50005C6E002090140200002800F0938083075F
:10FC60002DE9F041044640F08480554EA0F108058E
:10FC70003368AB4205D8534F00F10C033A689A42FF
:10FC800008D2514805F0D4FA05F0C6FABDE8F041B3
:10FC900005F0D2BA4D4805F083FA14F8043C002B65
:10FCA00000F08B8034F8083C3268B3F5804F34F8AC
:10FCB000061C09D8B1F5804F06D8A81A80B2884230
:10FCC0000ED0515A81420BD0414805F0B1FA3F485D
:10FCD00005F070FA05F0A0FABDE8F04105F0ACBA05
:10FCE000D7F800C0D118614502D049888142EBD1D4
:10FCF0000021DFF8F88004F8041CD8F80010A942AD
:10FD000088BFC8F8005095423DD3654541D232685E
:10FD100013449D4213D0197989B939688B420ED0AA
:10FD2000D8F800108B421B8808BFC8F80050B3F504
:10FD3000804F24F8083C02D01344A91A598034F8A3
:10FD4000061C53189D420FD0187968B9D8F80000E6
:10FD5000854208BFC8F8003034F8083CB3F5804F3E
:10FD600053521CBFD21851801848BDE8F04105F02D
:10FD700021BA184805F05CFA05F04EFABDE8F041EA
:10FD800005F05ABA7047144805F052FA3B689D4294
:10FD900002D3124805F04CFA14F8043C13B1104891
:10FDA00005F046FA34F8083CB3F5804FAFD90D485A
:10FDB00005F03EFA34F8083CA9E70B4885E700BF98
:10FDC000646E0020606E0020D01402005C6E002083
:10FDD00014150200AC140200481502006015020060
:10FDE0007C15020098150200EC140200586E0020E9
:10FDF0002DE9F843CC1C24F00304A4B20B2C0546D7
:10FE000057D9B4F5804F57D8A14255D8434F3B68D6
:10FE1000AB423ED8424A1268AA423AD935F8086C39
:10FE2000A5F10808A8EB03081FFA88F8083EA6EB1E
:10FE30000806B6B2A64261D329D03A4805F0B0F917
:10FE400035F8082C3B6803EB020999F804100029E7
:10FE500035D1B2F5804F5CD033490834086844444A
:10FE6000A4B21A19484508BF0A600021B9F8006019
:10FE7000A2F802801680117125F8084C1288B2F59C
:10FE8000804F01D01A445480264805F093F9284643
:10FE900013E0264805F0CCF93B68AB4203D8204A72
:10FEA0001268AA42BAD805F0B7F905F0C5F9284694
:10FEB00003E00C24A142A9D90020BDE8F88304F195
:10FEC000140189B2B142DFD808344444B2F5804FFE
:10FED000A4B217D019190A80002213480A710668C3
:10FEE000A1F8028025F8084C0A888E4288BF01607C
:10FEF000B2F5804F1CBF9B185C80C5E70C4805F02D
:10FF000097F9D9E70B4805F093F935F8082C3B68C9
:10FF1000E0E7084805F08CF93B689DE7646E002037
:10FF2000606E00205C6E0020586E0020C415020038
:10FF3000DC150200FC15020000286DD02DE9F04709
:10FF4000C51C25F00305ADB20B2D2BD9B5F5804F9F
:10FF500025D8A84223D8DFF824A1424E424805F014
:10FF60001FF9DAF800E03068C5F5804CAEEB00030D
:10FF70009AB2624513460FD26FF00709841898466B
:10FF80002779835A11461A4627B9A9EB010119446A
:10FF9000A94209D29C45F1D8334805F00BF900205D
:10FFA000BDE8F0870C25D4E705F11402914205F174
:10FFB00008052ED308EB05091FFA89F9B9F5804F1A
:10FFC00048D04FF0000C012100EB090282F804C078
:10FFD00020F80930A2F802802171A4F8009030F8CE
:10FFE0000930B3F5804F02D01844A0F80290A6451E
:10FFF000DFF88C801DD01C4805F0DCF8D8F8003004
:020000021000EC
:100000002544AB4211D3A30708D104F10800BDE891
:10001000F08701232371EAE700207047134805F0B9
:1000200007F9134805F004F9EFE7124805F000F965
:10003000E9E723463068D8F8001003E01B88034442
:100040001A7922B19942F9D1CAF80010D3E7CAF857
:100050000030D0E7084805F0EBF823883068DAF87C
:1000600000E0AEE7646E00205C6E002040160200E7
:100070007016020010160200FC150200586E0020D7
:10008000606E002038B501FB00F4B4F5803F0AD261
:10009000A0B2FFF751FF054618B1224600210DF02E
:1000A00035F9284638BD0025284638BD70B50446C8
:1000B00005F0B2F8E3681D68B5B12A6806461A6013
:1000C000AB070DD122683046D388118901339BB22A
:1000D0009942D38038BF138105F0AEF8284670BD31
:1000E000054805F0A5F8EDE72268136801331360B1
:1000F00005F0A2F8284670BD94160200002130B524
:10010000D0E90235C48829607CB103330A46B0F8CF
:1001100004E023F0030300E063460132A2421960C9
:1001200003EB0E0C1946F7D12B6003689C8030BDA1
:100130002DE9F04304244FF00009154DDFF860E08D
:10014000144E154B154F05F12C08033355F8042BAD
:1001500023F00303C7F800906CB10021B2F804C08B
:100160000A4600E003460132A242196003EB0C008C
:100170001946F7D13B60A845B4804EF8046F05D00E
:100180002A681668D488D2E90237DEE7BDE8F08332
:10019000F83202003C0801204C08012038080120F8
:1001A0002C0A012008B1FFF781BF10B504460248B0
:1001B00005F03EF8204610BDB81602000A2804D803
:1001C000034B53F82000FFF771BF0020704700BFBA
:1001D000F8320200C0B138B50C46A1B18B07054614
:1001E0000DD105F019F82968EA68CB88013BCB806E
:1001F000136823601460BDE8384005F01DB804485A
:1002000005F016F8EDE738BD024805F011B800BF5B
:10021000CC160200B81602000A2816D838B50C46CB
:1002200091B10C4B53F820508B070FD104F0F4FF21
:100230002968EA68CB88013BCB801368236014608F
:10024000BDE8384004F0F8BF38BD7047024804F0FC
:10025000EFFFEBE7F8320200CC1602006FF00B0064
:10026000704700BF70B50B681546426882B0934274
:1002700002D1002002B070BD04460E462A60284616
:1002800001A9019301F006FF284601A904F02AFE06
:10029000284601A900F05AFF294601AA204605F088
:1002A0006DFE94F84D20336802F005010529636066
:1002B00006D0E3690BB120469847012002B070BD1B
:1002C000002BF6D09306F4D52046FEF7EBFEF0E7C0
:1002D000704700BF2DE9F0410E4686B01C46174618
:1002E000054604F0EDFF404B002E08BF1E46002FD0
:1002F00008BF1F46002C08BF1C463368002B37D0B0
:1003000000239846D5E902213868904227D0A8609A
:100310000092226848F040048A42A4B2CDF810D07E
:1003200018D0A046EA6001AA01910592002B46D0A0
:1003300048F0A006B6B22D4B1C6844B12346646851
:10034000314628461B6803AA9847002CF6D106B010
:10035000BDE8F081DBB148F0C006B6B2EBE7226839
:100360008A42DFD1F3B1B8F1000FF0D09026E2E776
:100370003146284602AAFFF775FF804628B102AB36
:1003800003934FF010080123BCE70123BAE702AF43
:100390003A4631462846FFF765FFD8B944F49064E1
:1003A000A6B2C8E702AF3A4631462846FFF75AFFE1
:1003B000A8B9B8F1000F14D14FF48066BBE702AFC3
:1003C00048F020043A4631462846A4B2FFF74AFFD7
:1003D0000028E3D044F492640397A6B2ABE7444606
:1003E000F8E71024DAE700BFF4320200CC0801205D
:1003F0002DE9F84F06460C46154698460B9F04F02B
:100400005FFF002E00F09280002F00F08F80002010
:100410000A9B484973620C9B854214BF2A460A46D0
:100420003361DFF820B1804514BF43460B46844258
:1004300018BF2146404CC6E9010074619BF800409A
:10044000C6E90700C6E91500F060A6F8440086F882
:100450004D00B062F06230637063B063F06386F8A1
:1004600050403046FFF736FF3046B84782460028F6
:100470005CD1DFF8D48096F85030D8F80040FF2BDC
:10048000DFF8C8902D4F08BF86F850A01CB3002598
:1004900007E094F8503096F8502093420FD024682B
:1004A00004B3A6421AD00135FF2DF2DD384604F020
:1004B000BFFE94F8503096F850209342EFD10133AC
:1004C000DBB2D8F80040FF2B86F8503008BF86F822
:1004D00050A0002CDBD196F8502005E0484604F0EF
:1004E000A7FEE0E7D8F80040FE2A0CBF0023531C0B
:1004F00096F84D2018BFDBB28BF8003093063460BD
:10050000C8F800600ED40E4B1C6844B123466468E2
:100510000022012130461B689847002CF6D1304656
:10052000BDE8F88F3046FEF7A5FDECE70020BDE8FA
:10053000F88F00BFF43202005D02010000170200D4
:10054000CC080120C0080120C8080120EC160200D8
:1005500010B5044604F0B4FE014B1C6010BD00BF92
:10056000C408012030B5054685B004F0A9FE25B3C6
:1005700095F84D30DA0720D4EA6943F0010385F895
:100580004D300AB1284690470123104A8DF80430B7
:10059000146844B123466468082128461B6801AAF0
:1005A0009847002CF6D195F84D3003F00502052A46
:1005B00003D16A680AB19B0601D405B030BD284654
:1005C00005B0BDE83040FEF76DBD00BFCC0801208E
:1005D00030B5054685B004F073FE1DB195F84D3079
:1005E0005A0701D505B030BD43F0040385F84D30FE
:1005F0002846FEF707F92846FDF72AF995F84D3009
:1006000003F00502052A15D02B6A0BB1284698473E
:1006100001230D4A8DF804301468002CE2D02346E3
:100620006468042128461B6801AA9847002CF6D16B
:1006300005B030BD6A68002AE6D09B06E4D528469E
:10064000FEF730FDE0E700BFCC08012030B50546DD
:1006500085B004F035FE1DB195F84D305A0701D430
:1006600005B030BD23F0040385F84D302846FDF772
:10067000FBF8284605F09CFB2B6A0BB128469847EF
:100680000023084A8DF804301468002CE8D0234673
:100690006468042128461B6801AA9847002CF6D1FB
:1006A00005B030BDCC08012010B5074B1C78621C8A
:1006B0001A7004F005FE012C02D9044804F0B8FDBC
:1006C000201DC0B210BD00BFBF08012030170200BE
:1006D00010B5044604F0F4FD64B1074B186810B976
:1006E00007E0006828B190F850300133DBB2A34234
:1006F000F7D110BD204610BDC808012038B504460A
:100700000D4604F0DDFD34B155B1074B25601A6884
:100710001C60626038BD054804F08AFD002DF4D1EC
:10072000034804F085FDF0E7CC08012064170200BF
:100730008017020008B504F06FFD0022084B1A7004
:1007400004F07AFD074B186810B908E0C06830B1B2
:10075000436F002BFAD0BDE8084001F0C5BC08BDCE
:10076000D0080120880A012070B40024033061F30E
:100770000F04BDF810C020F0030061F31F440144D2
:100780006145039D0DD805B10544002602211A7369
:10079000012218465D609C601E605973DA8170BC4E
:1007A0007047002070BC704710B5F0B1B1F5803FC4
:1007B0000BD2C1B103898AB213449BB29A4204D8C6
:1007C00090F90CC0BCF1000F01DB012010BD4468A2
:1007D00000F1100C611A6145F7D3B0F80AC041600E
:1007E000624442810381002010BD024804F020FDD4
:1007F000EBE700BF9417020010B5F8B1B1F5803FE8
:100800001AD299B103898AB213449BB29A4213D87F
:1008100090F90CC04468BCF1000FA4EB010107DBA8
:10082000B0F80AC04160624442810381002010BDDB
:1008300000F1100C6145F3D2012010BD014804F015
:10084000F7FCF9E79417020010B588B1B1F5803FC5
:1008500011D259B143898AB293420CD344689B1A8E
:100860000C44018944608A1A43810281002010BD32
:10087000024804F0DDFC012010BD00BF9417020007
:10088000002910B517DB40B399B103898AB213442C
:100890009BB29A4224D890F90CC04468BCF1000F76
:1008A000A4EB01011EDBB0F80AC041606244428142
:1008B0000381002010BD80B1438949421FFA81FCA9
:1008C0009C450DD84268A3EB0C031144028941609A
:1008D000A2EB0C0243810281EBE7054804F0A8FC7F
:1008E000012010BD00F1100C6145DCD2F8E700BF1B
:1008F000941702002DE9F8430546002848D0002649
:10090000DFF8A080DFF8A09008E02B69002B35D03D
:10091000284698470136F6B2FCB1254604F07CFC27
:10092000AB7B0746E3B1013BDCB23846AC7304F065
:1009300083FC94B96A7B2C6892072B7BE5D403F087
:100940000F03022B15D0012B1DD073B92846013699
:10095000FFF782F9F6B2002CDFD13046BDE8F8830C
:10096000404604F065FCAB7BDDE7484604F060FCE4
:10097000D0E729460A20FFF74FFCCBE7074804F0F1
:1009800057FC2B69C4E729460920FFF745FCC1E75E
:10099000034804F04DFC2E46DFE700BFB817020005
:1009A00094170200A0170200DC1702002DE9F043A3
:1009B0000026B2F5C17F61F30F06894683B061F36B
:1009C0001F4646D015460CD822F04003012B9CB29E
:1009D0002ED0464804F02CFC0027384603B0BDE872
:1009E000F083B2F5207FF4D1C31C01F1030929F093
:1009F000030923F003034B449BB204464B4503F128
:100A0000100080B2E8D38145E6D8FFF795FA074693
:100A10000028E2D0002203193549133323F00303E1
:100A2000C0E90136C1600260384603B0BDE8F0831A
:100A30000920FFF7C3FB07460028CED000238660BD
:100A4000C0E900330573C4814373384603B0BDE881
:100A5000F083002180460F460C46264D09E03060A9
:100A6000A9EB03031FFA83F94FF00008B9F1000F57
:100A7000B3D00A200E46FFF7A1FB08F1030323F0D1
:100A80000303C3F5147301469BB288B14B4528BFDD
:100A90004B4600EB0802133222F00302C0E9004289
:100AA000A0F808904381C560002FD8D10746D7E74A
:100AB000019004F0B1FB01230F4D2C782B70E4B2B0
:100AC00004F0BAFB01992CB1002F85D03846FFF70E
:100AD00011FF81E70948F9F79BF90028F4D004F0E9
:100AE0009BFB0199297004F0A7FBEDE7F0170200CA
:100AF0008000010082000100D008012035070100BC
:100B000070B504460D46002835D02289AA421ED968
:100B100063899D420CD9A91A89B20A4422812468AA
:100B2000EB1A9DB27CB36389AB4201D22289F4E710
:100B30000026227B65F30F06120765F31F4607D0D8
:100B40002068A66008B1FFF7D5FE0023236070BDC2
:100B5000AB42F5D0637B9B07F2D4636820461B1B36
:100B6000E91889B2FFF744F948B1A042E8D0084833
:100B700004F05EFBE4E7074804F05AFBC5E70648CB
:100B800004F056FBF3E7054804F052FB6389FFDEEF
:100B9000581802000C1802003C1802002418020029
:100BA000034630B100201B68013080B2002BFAD11F
:100BB0007047704758B110B5044604F02DFBA37B75
:100BC0000133A37304F038FBA37B0BB110BD704756
:100BD0000248BDE8104004F02BBB00BF74180200AF
:100BE00038B338B50D46B1B18842044622D02368E7
:100BF00022898BB1228929890A4422811C461B68DB
:100C0000002BF7D1228963899A4208D122892B8946
:100C100025601A44228138BD63899342F7D0074882
:100C200004F006FB2368002BF0D0054804F000FB1D
:100C3000ECE77047034804F0FBFAD8E7A418020079
:100C4000D41802008818020010B50C46FFF7C8FF40
:100C500044B104F0E1FAA37B0133A37304F0ECFA8E
:100C6000A37B03B110BD0248BDE8104004F0E0BA18
:100C700074180200002900F0B8802DE9F84F1F46D3
:100C80000B898B4693421646C0F0AC80054600287F
:100C900000F0A8800289BB199A42C0F2A3804FF0ED
:100CA0000008DFF84CA1DFF84C916C89BBF80A30E2
:100CB000E41BA3EB08039C4228BF1C46B44228BF98
:100CC00034466868DBF804103844414422460CF08E
:100CD000D0FB6B892744361BBB42A044B6B235D348
:100CE000BBF80A3043452BD3984513D26A89974203
:100CF00011462FD0BBF8080098421CD02B898B429C
:100D000002D0002ED1D154E02B68002B48D1002E08
:100D1000CBD14EE0DBF800B0BBF1000F23D06A89E5
:100D2000974211462FD0BBF80A00BBF808304FF0AD
:100D300000089842E2D1DBF800308BBB1146DDE7BA
:100D4000484604F075FABBF80A30CDE7504604F087
:100D50006FFAC5E72D683DB3BBF808209A421CD056
:100D600000276989CAE7002E3CD16B899F4223D0B6
:100D70002A899A421DD12B68002B14BF6FF0050001
:100D80000020BDE8F88F2D68DDB1BBF80A30BBF854
:100D900008204FF000089A42E2D1DBF80070FFB162
:100DA0006FF00500BDE8F88FE6B9BBF808209A425D
:100DB0000ED00020BDE8F88F2D68002DF9D06B898A
:100DC000D6E77EB9BBF80A30BBF808209A42F0D1CA
:100DD000DBF80030002B14BF6FF005000020D0E7D7
:100DE00069898BE76FF00F00CBE76FF00F0070475A
:100DF000E4180200FC18020019B100230A89FFF769
:100E000039BF6FF00F0070472DE9F041054660B320
:100E10000F4671B3164682B34FF00008B5F80AC00A
:100E200007EB080053B16345A3EB0C0206D32D6812
:100E300093B2002DF2D14046BDE8F081ACEB030443
:100E4000A4B2B44228BF34466968361B224619440E
:100E50004444B6B20CF00DFB1FFA84F82D68002E46
:100E6000E9D00023002DD9D1E5E780464046BDE812
:100E7000F08188464046BDE8F0819046DBE700BF40
:100E800040B143898B42A1EB030303D8006899B2B8
:100E90000028F6D102B11180704700BF78B32DE968
:100EA000F047884641B3038905469342914620D3D3
:100EB000E2B116460027DFF850A06C896868B4429A
:100EC00028BF344608EB070122460CF0D2FA361B45
:100ED0002D68274405D0002DEFD1504604F0A8F925
:100EE000EBE7B94502D0074804F0A2F90020BDE8BD
:100EF000F0874FF0FF30FAE76FF00F00F7E76FF081
:100F00000F007047301902001819020078B32DE95C
:100F1000F04104460F4602E0246883B21CB36689A0
:100F20009E42A3EB0600F7D9218903EB0208414555
:100F300019DB60681844F31A9A420EDD9DB22A4606
:100F400039460CF096FAA8EB060292B242B120683C
:100F50007919BDE8F041FFF7A1BF39460CF089FAD5
:100F60000020BDE8F0814FF0FF30BDE8F0814FF088
:100F7000FF30704738B514460A462189FFF716FD41
:100F8000054628B1002321462289FFF773FE08B9E0
:100F9000284638BD024804F04BF9284638BD00BF4A
:100FA0004819020018B90EE0006891B250B14389A7
:100FB0009942A1EB0302F7D28B4202D94368585CF5
:100FC000704700207047704740B143898B42A1EBC6
:100FD000030306D8006899B20028F6D14FF0FF301D
:100FE00070474368585C704718B90AE0006899B2C6
:100FF00030B143898B42A1EB0303F7D943685A54BC
:101000007047704730B5044600891D46CB1898429A
:1010100003DA28E0246881B224B160898842A1EB18
:101020000000F7D9EDB1002002F1FF3E01EB000C0A
:1010300023461FFA8CFC24B90BE01B681FFA82FCC4
:101040003BB15A896245ACEB0202F6D95B6813F8F2
:101050000C301EF8012F01309A4280B202D1A84212
:10106000E4D1002030BD4FF6FF7030BD2DE9F84FC0
:101070008246324E31687069FEF7A0FC304BD3F8DF
:1010800000B0DAF804305C7ABBF1000F54D00746A8
:101090000020054605E0DBF80C305D46002B37D01C
:1010A0009B469BF81030A342F5D19BF80820DBF853
:1010B000001032B1736893F850300133DBB29A42BA
:1010C000E9D13FB30029E6D19BF81130DB0704D505
:1010D000DBF8042033699A42DDD1DBF81480B8F1E3
:1010E000000FD8D052465946164BDBF81800DAF8F4
:1010F0000490C047A0B9DAF804304B4502D012483A
:1011000004F096F8DBF80C3002205D46002BC7D1C6
:10111000BDE8F88F0029D7D073699942BBD1D3E7D6
:1011200045B10749DBF80C200B68EA60C1F800B054
:10113000CBF80C300120EBE75846E9E7E06D0020E2
:10114000D4080120F06D00205C190200A8B10268EB
:101150009AB191B10B6883B1084B1B686BB110B4A5
:1011600000E002681C68944204BF0A681A60DB68E9
:10117000002BF6D15DF8044B70477047D40801206E
:10118000704700BF10B50446F8B1237D042B05D08D
:10119000072B0DD0032B01D0002010BD204602F0FC
:1011A0006FFE48B905232046237502F0A7FFF3E739
:1011B000204602F065FE30B1431CEED1638B43F054
:1011C00008036383E8E70923EDE7024804F030F8F9
:1011D000DBE700BFA819020070B50646806F18B1A2
:1011E000FFF788FB0023B367746F64B12546686816
:1011F000246808B1FFF77EFB04202946FFF70CF8AE
:10120000002CF3D174674FF6FF73F46E33865CB134
:1012100025466868246808B1FFF76CFB042029465E
:10122000FEF7FAFF002CF3D1346F5CB125466868F5
:10123000246808B1FFF75EFB04202946FEF7ECFFA7
:10124000002CF3D10023C6E91B33A6F8683070BD2B
:1012500008B503F0FDFE6FEA80406FEA9040024B54
:1012600080B2188008BD00BF7407002010B5037D50
:101270000446012B05D02146BDE810400220FEF7B0
:10128000CBBF044803F0D4FF2146BDE81040022044
:10129000FEF7C2BFB419020038B50446F0B1228D82
:1012A000E36AB4F832C0616AD01ABCF5866F0844AC
:1012B00094BFA0EB0C05A0F58665002D01DB6285CF
:1012C00038BD5D1A0ED4B5F5803F03D2AAB2002016
:1012D000628538BD054803F0ABFFF7E7044803F02B
:1012E000A7FFDCE700221046628538BDEC1902003A
:1012F000C819020038B505460C4603F0E1FFE5B118
:101300002B7D012B1DD02B8D191989B2B1F5066FDC
:1013100014D88B4288BF4FF4066128462985FFF711
:10132000BBFFB0F5067F08D36B8B284643F0020362
:101330006B83BDE8384002F0E1BE38BD4FF4066172
:10134000EBE7024803F074FFDDE700BF081A020074
:101350002DE9F04FB04EB14F32683B780132013386
:10136000DFF8D89287B032603B70D9F80040002C8B
:1013700061D04FF0000A237D002B00F0FC80012B90
:1013800000F000810A2B00F004813A78A37F934299
:1013900000F00781237DA277022B94F8422000F011
:1013A000B8800B2A40F2C1804FF0010B062B00F0F1
:1013B000D680627A120740F1B080042B40F0C081E1
:1013C0003068216AD4F89450A0EB010E05F5242270
:1013D000934802F6B842A0FB02C2BEEB521F40F295
:1013E0009781656F0BF1010B4FF001085FFA8BFBE2
:1013F000002D00F07F813268B4F94030521A03EBBF
:101400004303B2EB430F80F0F680237D032B77D0AC
:10141000092B40D0BBF1000F40F06C81237F627F2D
:101420000133DBB29A42E568237740F2C080A246DE
:101430002C46002C9FD17B4F3C684CB30025DFF835
:101440000082237D0A2B00F0CA80404603F0F0FEA4
:101450003368226A9B1AF02B40F2C780237D012B50
:1014600000F2D4813B68002D00F0BB819C4200F06B
:10147000EA81D4F80C90C5F80C90237D012B00F084
:10148000BD8121464C460220FEF7C6FE002CD8D175
:1014900007B0BDE8F08F3368226A9B1AF02B34D96D
:1014A000D4F890502046FFF797FED9F80030BAF1F3
:1014B000000F00F073819C4200F08F81E368CAF84E
:1014C0000C30B8F1000F40F03F81D4E903B8237D20
:1014D000012B00F04B8121460220FEF79DFE0023E8
:1014E000514C23703DB16FF00C014046A847237862
:1014F000002B7FF43AAF5C46002C7FF43CAF9AE7B8
:101500003368226A9B1A282BCAD8BBF1000F85D0FA
:10151000C6E7052A09D94FF0010B656F002D00F0D1
:10152000F5804FF00008216A65E794F899B0BBF1A7
:10153000000F00F08780236F13B13C4803F078FE62
:10154000E36E002B00F05E8194F89A300B2B40F292
:101550001181237D4FF0010B062B7FF42AAF628BA4
:10156000D00600F1B780627A1107D6D4656F002DDE
:10157000D7D1A8464EE72E4803F05AFE237D012B13
:101580007FF400AF2B4803F053FE237D0A2B7FF43A
:10159000FCAE294803F04CFE3A78A37F93427FF4D7
:1015A000F9AEA246E468002C7FF4E5AE43E70023E1
:1015B000DFF87480D4F88C20237788F8003052B19B
:1015C00021462069904798F80030002B7FF4CDAE7B
:1015D00000287FF42CAF204602F090FD27E7336807
:1015E000226A9B1AF02B3FF63DAF2546E468002C9B
:1015F0007FF427AF4CE705942C4660682D6808B14E
:10160000FFF778F904202146FEF706FE002DF3D1FE
:10161000059C6567F9E600BF940A0120800A012055
:10162000D34D6210840A0120820A0120B41A0200FC
:10163000301A02005C1A0200881A0200880A01208F
:10164000781B020047F6FE70B4F9302091B2814257
:1016500002D801310AB22286B4F9401091423FF714
:10166000A5AE204602F036FC002840F0D680237D4F
:10167000022B14D094F8423047F6FF720C2B28BF8F
:101680000C237349B4F93C00C95CB4F93E3003EB58
:10169000E0038B409342A8BF1346A4F84030B4F84F
:1016A0004820B4F860300021934228BF1346628E70
:1016B0005B08A4F84820520092B2934238BF134608
:1016C0002046A4F84A302186A4F86A1002F0D2FE1F
:1016D000237D6BE63268216A521A282A7FF646AFCC
:1016E000656F0BF1010B4FF000085FFA8BFB002DCB
:1016F0007FF481AED4F89050002B3FF4D6AE0A2B85
:101700003FF4D3AE012B7FF4CDAECEE6A8467CE607
:1017100094F89B204F4901FB02554F4AA2FB052537
:10172000BEEB551F7FF622AF204602F0DBFE0028FD
:101730007FF4F3AE94F89B30013384F89B30ECE6F1
:10174000072B3FF43DAEE8E6238B626A216D0293DE
:10175000E38A20460193231D0093234602F066FC92
:10176000D4E903B8237D012B7FF4B5AE3B4803F0E9
:101770005FFDB0E694F89920394B134413F8012C1F
:1017800094F89830934212D20133DBB2934284F83A
:1017900098300CD24FF0000B237D07E69C4202D01C
:1017A000304803F045FDE368C9F8003089E6B4F835
:1017B0006050002D3BD1204602F0B2FE0028E9D156
:1017C0004FF0000B94F8993084F898B0062B9CBF2A
:1017D000013384F89930237DE8E5234803F028FDA0
:1017E0006CE69C4202D0214803F022FD237DD4F810
:1017F0000C90012BC7F800907FF443AE174803F01C
:1018000017FD3EE61A4803F013FD9DE60A2B3FF450
:1018100029AE2046FFF7E0FC24E6226F237D002A54
:101820007FF4C4ADE26E002A7FF422AFBEE5294604
:10183000204602F0BBF90028C2D1204602F05EFC2F
:101840000028BDD1A6E70B4803F0F2FC11E600BF6B
:10185000EC330200F8240100D34D6210B4190200E9
:10186000E43302004C1B0200201B0200D01B0200CC
:10187000E81A0200A81B020070B138B504462546DC
:101880006868246808B1FFF735F804202946FEF798
:10189000C3FC002CF3D138BD704700BF58B110B560
:1018A0000446406808B1FFF725F82146BDE810401E
:1018B0000420FEF7B1BC704738B5054688B1042056
:1018C000FEF77CFC044650B168682968AA68EB689A
:1018D000606060682160A260E360FFF76BF92046FA
:1018E00038BD024803F0A4FCE9E700BFF81B020082
:1018F00030B1037D012B03D90A2B01D0FFF76CBC5B
:10190000704700BF38B505460C46002945D0002D6C
:1019100048D02B68A34230D02BB1DA68A24234D031
:101920001346002BF9D10022237DE260ABB9638B13
:10193000DA073BD4E36E13B1234803F079FC236F3D
:1019400013B1224803F074FC636F13B1204803F015
:101950006FFC00232375E38238BD0A2BEAD0012BEC
:10196000F7D02046FFF738FC237D0A2BE2D0012B6D
:10197000DDD100232375E38238BD0022E3682B60AC
:10198000237DE260002BE8D1D1E7E268DA60002233
:10199000237DE260002BE0D1C9E70E4803F048FC4C
:1019A000002DB6D10C4803F043FCB2E743F002032C
:1019B0006383204602F0A2FB237D012BBAD10023D2
:1019C0002375E38238BD00BF501C0200681C020072
:1019D000841C0200141C0200301C02002DE9F04F90
:1019E000054687B00E4603F06BFC002D5ED02B7DC4
:1019F000012B00F083800A2B00F087802A6DD5F838
:101A000024B0D5F89070D5F81090B5F816800592EE
:101A1000002B43D1B8F1000F4BD14FF000084646E0
:101A20002C6F64B1A246DAF80400246808B1FEF70E
:101A300061FF04205146FEF7EFFB002CF2D1EC6E63
:101A400064B1A246DAF80400246808B1FEF752FF38
:101A500004205146FEF7E0FB002CF2D16C6F64B11C
:101A6000A246DAF80400246808B1FEF743FF042018
:101A70005146FEF7D1FB002CF2D14EBB2B7D012B42
:101A800035D029460220FEF7C7FB7FB16FF00C016D
:101A900048463B4607B0BDE8F04F18472946244862
:101AA000FFF730FF0122234B1A70B9E707B0BDE8FA
:101AB000F08F214A1368AB421DD033B1DA68AA42D5
:101AC00001D01346F9E7EA68DA600023EB60A4E787
:101AD000CDF804802B8B5A4602932B1D0093284689
:101AE0002B46059902F0A2FA2B7D012BC9D1134890
:101AF00003F09EFBC5E7EB681360E6E7104803F0D0
:101B000097FB2B7D0A2B7FF479AF29460D48FFF711
:101B1000F9FE2B7D012B06D02946022007B0BDE837
:101B2000F04FFEF779BB054803F082FBF4E700BFF6
:101B3000880A0120820A0120900A0120B4190200BB
:101B40009C1C0200840A01200121FFF747BF00BF4F
:101B500070B505460C46A0B14CB14FF6A966236896
:101B60002A6820469342E46802D0002CF7D170BD69
:101B70009BB2B342F9D00121FFF730FF002CEED128
:101B8000F5E7024803F054FBE6E700BFD01C020073
:101B90000F4B1968D1B14FF0000C024660460D4B57
:101BA00010B41C680B7D934205D10B6AE31A9C4567
:101BB0009CBF08469C46C9680029F3D118B15DF85E
:101BC000044BFFF70BBF5DF8044B7047704700BF35
:101BD000880A0120940A0120F8B5064603F070FB3C
:101BE0000220FEF7EBFA044618B39C22002120469F
:101BF0000BF08CFB4FF48660FF214FF006124C4B2C
:101C0000A4F86400A3624B4B4B481B684B4D007813
:101C1000E172C4F83E204A494A4A23624A4B66753B
:101C20002563A077A164C4F88420C4F894302046CA
:101C3000F8BD464F3D685DB12846438BED681A07F5
:101C4000F9D523F008034383FFF79CFA002DF3D165
:101C50003F4B1B688BB10021364A10681A6A821A02
:101C6000914298BF1C46DB6898BF1146002BF5D106
:101C70001CB101212046FFF7B1FE0220FEF79EFABB
:101C8000044630B1334BD3F860211368013B136035
:101C9000ABE70920FFF77CFF0220FEF78FFA04462E
:101CA00030B12C4BD3F860211368013B1360EDE792
:101CB0000820FFF76DFF0220FEF780FA044630B1DE
:101CC000244BD3F860211368013B1360EDE7330622
:101CD0002BD4EEB132463B68013AD2B2C3B11549BA
:101CE00000250F6805E0186A0A461C463D1ADB68A5
:101CF0004BB1597D8A42F6D8F9D1186AA7EB000C8E
:101D00006545F4D8F0E71CB101212046FFF766FED7
:101D10000220FEF753FA0446002888D00D4BD3F872
:101D200060211368013B1360CEE77F22D3E700BF39
:101D300060086008940A0120800A0120FFFF180251
:101D400001003004DD1E010000DD6D00880A012065
:101D5000840A0120D808012030B504460D4685B01C
:101D6000002800F09680237D1DB1042B17D0072B8F
:101D700015D0012B6ED0022B47D0002B5AD1E38A0D
:101D8000002B4CD04B4A1368A34200F08B80002BF1
:101D900000F08580DA68A2427FD01346F7E7A36F90
:101DA000002B43D0638BDB064AD5208BE28A211DB2
:101DB000CDE90120626A009123462046216D02F0A0
:101DC00035F9237D012B04D90A2B02D02046FFF7D9
:101DD00003FA394A1368A34239D033B1DA68A24210
:101DE00001D01346F9E7E268DA6000200121334BA5
:101DF000334A1B68E060A342117025D0237D012B7C
:101E00000DD1304803F014FA09E021462A48FFF7C3
:101E100079FD0121237D2A4A8B421170F1D02146A0
:101E20000220FEF7F9F9002005B030BD238DB3F58F
:101E3000066FB7D1204605B0BDE83040FFF7A2B924
:101E4000214803F0F5F9B0E701F044FDEBE7E36862
:101E50001360CAE700201D4901F10C0551F8043F49
:101E60001A6832B1D36F9C4208BFD067D268002A8B
:101E7000F8D18D42F2D121461548FFF743FD237D6D
:101E8000012B12D021460320FEF7C6F9002005B031
:101E900030BD104803F0CCF965E7E268DA60002352
:101EA000E360BCE7E3681360F9E70B4803F0C0F9AF
:101EB000E8E700BF900A0120880A0120980A012063
:101EC000820A0120B4190200241D0200D43302004A
:101ED0008C0A0120041D0200401D020001B310B550
:101EE0000846144682B042B11189FFF703FA204632
:101EF000FEF700FD002002B010BD002BFAD10191C9
:101F000003F0DEF90198037D012B03D0438B43F0EE
:101F100010034383012102B0BDE81040FFF71CBF4E
:101F20006FF00F00704700BF002830D0F8B50023D5
:101F3000856FD0F884606F7B0446836756B1014695
:101F40002A460069B04758B10D301DD06FF004002B
:101F5000A567F8BD2989FFF7CDF92846FEF7CAFC29
:101F6000BB060FD5238DD4F88450B3F5066F1CBF84
:101F70000133238535B1002321461A462069A8473D
:101F80000D3001D00020F8BD6FF00C00F8BD6FF0EF
:101F90000F0070472DE9F84300271C4DDFF87480CF
:101FA0002B781B4E01332B70D8F80040BCB1A37FB7
:101FB0002A78934215D0638BA277D9071AD41A07CF
:101FC00011D4A36FD4F80C9033B120463770FFF7CB
:101FD000ABFF3378002BE7D14C46002CE7D1BDE8AE
:101FE000F883E468E2E723F0080320466383FFF701
:101FF000C9F8E6E743F002036383204602F07EF867
:10200000638B23F003039BB26383D8E7800A01202C
:10201000820A0120880A012008B5FFF7BBFF064AA3
:1020200013780133DBB21370DB0700D408BDBDE8C1
:102030000840FFF78DB900BF810A012008B530B113
:10204000054B064A186812681044186008BD044819
:1020500003F0EEF8F4E700BF70070020940A0120B7
:102060005C1D020038B505460C466AB154B1B4F89F
:1020700044303BB1282B38BF2823283B9BB29D42DC
:1020800028BF1D46284638BD014803F0D1F8EDE7CA
:10209000781D020008B338B50368044603B938BD9B
:1020A0000D460E4B1968FFF753FD0D4B204619687E
:1020B000FFF74EFD002DF2D02B68002BEFD0094B1F
:1020C0001B68002BEBD019682268914204BF2A6874
:1020D0001A60DB68002BF6D138BD7047880A0120F2
:1020E000900A01208C0A012070B5446F6CB106463D
:1020F00025466868246808B1FEF7FCFB04202946E1
:10210000FEF78AF8002CF3D1746770BDF8B5054668
:102110000C4688B3EB689889FAF7DEFDC20725D430
:102120001B4E04E020462468FFF7B8FB0CB3E168BF
:102130002B8937684868B4F808C03B441A1AA2EBE8
:102140000C02002A0DDB8889FAF7C6FDC307E9D522
:10215000EB6801209F89FAF7BFFDEB6807439F8179
:10216000E0E7C31A002B0BDB2C60F8BD2046FFF71D
:1021700083FB00242C60F8BD064803F059F8C9E73A
:10218000C11B89B268682981FEF7BAFC2C60F8BDD2
:10219000AC0A0120A01D020010B50D4B04461B78AF
:1021A00013F0100000D110BD638BDB0606D4D4F809
:1021B00090301BB16FF00E01206998472146054809
:1021C000FFF7A0FB2046FFF751F8012010BD00BF2C
:1021D000A00A0120880A01202DE9F04F83B0019266
:1021E00000293AD006460C46DFF8A480DFF8A4A008
:1021F000254FE368D8F800505868FAF771FDE26897
:1022000081469089B4F808B0FAF766FD10F0030033
:1022100018BF0120A5EB0905A5EB0B052D1A002D14
:1022200029DBD4E90050FEF7BBFCB6F866308346E4
:1022300098421AD839882289A3EB0B030A44A6F8DE
:10224000663020463A80FFF729FBB6F8663043B186
:102250000DB12C46CDE7019B8BB1002003B0BDE84A
:10226000F08F002DF9D02C46C3E7504602F0E0FF76
:10227000B6F86630DEE7204603B0BDE8F08F0348CD
:1022800002F0D6FFE9E700BFA40A0120F01D02001A
:10229000A80A0120C81D02002DE9F84F037D04465D
:1022A000032B40F2C280A54BA54E1A783368D206A4
:1022B0005ED4A44F3988336859B9626A991A0029E3
:1022C00069DB218D013A0A44D31A002B63DBBDE898
:1022D000F88F207D626A0628F0D8A2EB0308B8F1D7
:1022E0000105A3EB020000F13B8100F1FF3C1CEB78
:1022F000010F00F13581DFF86492D9F80450002D08
:1023000000F057834FF6FE73984500F2FB81D9F831
:1023100004301FFA88F81A894245C0F0EC81B9F8F8
:102320000830A2EB0802A3EB0803A9F808306B8978
:1023300092B298450AD9002169812A812D68A8EBBB
:1023400003031FFA83F86B894345F5D341462846BA
:10235000FEF77AFA636AD9F80C2033605360238D54
:10236000002B40F001822046BDE8F84F01F09CBEF2
:10237000754DD4E9151EC81A0028B4F860C02A6843
:1023800013DB99420DD096451CD170490968C98963
:102390008C4517D20CE0638B43F002036383BDE8E6
:1023A000F88FAEEB02010029EDDA68490968C989A6
:1023B000B4F86200C4E915328842A4F8601038BF4E
:1023C000A4F86210606C811A002932DB5D4F3988F5
:1023D000002900F0A580606B00283FF47AAFA36B62
:1023E0009B1A002BBFF666AF594BB4F93C201D88F1
:1023F000C2F3CF0180B26B1A1B1A9BB21A4412B2FD
:1024000013F4004FA28702D0491B084483B2002175
:102410006163B4F93E10A1EBA1010B449BB203EB45
:10242000E202E387A4F8402044E74A4802F000FFB4
:1024300039E7C343D34200F11C81236D9B1A002B63
:10244000C0F21781638B5F0709D523F00403638310
:102450000023A4F86A30B4F84A30A4F848300023C6
:10246000B4F93C10A4F84230E38F626403EBE1035B
:10247000A4F84030237D032B1ED9101AB4F84A303B
:10248000B4F8482080B2934240F25F81638B13F42A
:10249000006F0CBF02210121638E13FB01F39BB27D
:1024A000834294BFD11811188BB29A4240F27982BC
:1024B0004FF6FF73A4F84830D4E91B212046FFF7FC
:1024C0008BFE0246E16E22672046FFF785FE002361
:1024D000226F2377B2FA82F35B095B42E0662386C0
:1024E000002800F013811C4B1988B4F864300B44A9
:1024F000A4F86430638B190540F1BE80002A00F017
:102500003582D3685868FAF7EBFBE36CC01A0028F1
:10251000C0F2B280638B0B4F23F400636383ACE0A3
:10252000F444A16DB4F860E07144614500F0B080FE
:10253000606B00287FF453AFBFE600BFA10A012003
:10254000AC0A0120A20A0120A80A0120BC0A01202D
:10255000940A0120101E0200A40A0120C00A0120D2
:102560000028C0F29080218DE9423FF5FCAE9342F5
:1025700000F0F880D4F87480B8F1000F00F01482F5
:10258000D8F80C0042689A4200F0C380991A0029DA
:10259000C0F25482D8F8005003F1FF3CA5B1E868BE
:1025A00042689A4200F0B880D8F80C104968ACEB49
:1025B0000101002903DBD11A012940F18380A846DB
:1025C000D8F80050002DEAD1D21A002ABFF6CBAEBF
:1025D0008089FAF781FBC1073FF5C5AEA948FFF72F
:1025E0006BF9C8F8000000283FF4BDAED8F80C30F5
:1025F000B8F808205B6831681A448A1A002AC0F2C9
:1026000087823A88636A9B1A228D13445B1A002BD7
:10261000BFF6A9AED8F80030DB689889FAF75CFB02
:10262000C207D8F8003000F17D82218D32685868E9
:10263000891A626A114489B21981FEF761FAD8F8E1
:1026400000301D89DB689889FAF746FB10F0030318
:1026500018BF012331682B449BB21944228D3B8063
:10266000636A134499423FF47EAE874802F0E0FD6E
:1026700079E6204601F018FD844F606B00283FF496
:1026800019AE2A68ABE6638B43F0020363836AE604
:10269000B4F930100029FFF64BAF90427FF448AFF9
:1026A00094F84310FF2900F0D4810131C9B2032905
:1026B00084F8431000F2CD817FF43AAF204601F058
:1026C00081FCDAE76F48FFF7F7F8074600283FF488
:1026D0004AAED8F80C3032685968B8F808300B4464
:1026E000D31A002BC0F2098229463846C8F8007078
:1026F000FFF70CFD37E6664802F09AFDD9F8043082
:102700001A890CE6634802F093FD00E6A4F868001D
:10271000E9E645464FF000085A482B8902899A425B
:102720007FF621AE2B68002B3FF41DAEFFF7C4F8F7
:1027300000283FF418AEB8F1000F00F0E781C8F8A8
:1027400000002946FFF7E2FC0DE6B4F86A100B180A
:102750009BB2994200F21A819A4240F21981A4F880
:102760006A30A9E6DFF81C91D9F80C30B9F80850A6
:102770009889FAF7B1FA10F0030018BF0120228DF2
:102780002B189BB29A423B80C0F02181636F002BD3
:102790004CD0D9F80C309889FAF79EFAC20742D487
:1027A000656F3A8831683DB995E128462D68FFF795
:1027B00075F8002D00F08D81E8683A88D6F800E0C1
:1027C0002B89D0F804C002EB0E016344CB1A002B16
:1027D000C0F24B818089FAF77FFAC307E5D5D9F8B3
:1027E0000C309889FAF778FA8007DED4D9F80C30E3
:1027F0000120B3F80C80FAF76FFAD9F80C3048EAE8
:102800000000988180B2B9F80880FAF765FA10F0F4
:10281000030318BF01239844A7F80080C5E70368A5
:102820006367FFF73BF8606F0028F8D13A8831689A
:102830001144238D61629342C0F0C3809B1A2385AB
:102840002046FEF729FDD9F804301A8922B1124A30
:1028500013600023C9F80430D9F80C309889FAF7CE
:102860003BFAC20704D50D4A137843F020031370D6
:10287000656F002D71D0DFF82890DFF81C80074FBE
:1028800042E000BFC00A01205C1E0200A20A012033
:102890004C1E02003C1E02009C0A0120A00A0120DE
:1028A000F01E0200EB68B5F808A09889FAF714FA50
:1028B00010F0030018BF0120238D50441B1A2385FC
:1028C0002046FEF7E9FC69680B893BB1D8F80000A7
:1028D00000283FD0FEF784F900236B60EB689889ED
:1028E000FAF7FAF9C30708D53B7843F020033B70A9
:1028F000237D042B04BF072323752B6828466367B9
:10290000FEF7CCFF656F45B3E968626A4B68934296
:1029100023D133608889B5F808A0FAF7DDF910F003
:10292000030018BF0120636AB5F808B09A44504408
:10293000EB6860629889B4F828A0FAF7CDF910F036
:10294000030018BF012058448245ABD2484602F02C
:102950006FFCA7E7C8F80010BEE7638BD8072CD53B
:1029600023F0010343F002036383B0E448B1C3687A
:102970005868FAF7B5F9E36CC31A002BFFF67CAE82
:10298000638B23F40063704F638376E64FF6FF7327
:102990009B1AA4F86A30638E13449BB29A423FF6A6
:1029A00087ADA4F8483087E56848FEF785FF606783
:1029B000D9E4674802F03CFCA4E443F001036383DC
:1029C00085E4644802F034FC238D3A8836E7D9F870
:1029D0000C309889FAF780F9C507D9F80C307CD407
:1029E0009889238DA9F80830FAF776F9B9F8081014
:1029F000800744BF01F1FF3189B2D9F8040048BF14
:102A0000A9F80810FEF77CF8D9F80C30B9F808508E
:102A10009889FAF761F910F0030318BF01233268AF
:102A20002B449BB2616A3B801344228D0A4493423B
:102A30003FF4ACAE484802F0FBFBA7E64348FEF784
:102A40003BFF00283FF48FAC41466067FFF75EFB19
:102A500089E4B4F84820638E13449BB29A4201D9AA
:102A60004FF6FF73A4F8483028E6ACEB0103002BC7
:102A700001DB6567DDE6D9F80C30ACEB0E0CA9F88C
:102A800008C09889FAF728F9810704D5B9F8083001
:102A9000013BA9F80830B9F80810D9F80400FEF78E
:102AA0002FF8D9F80C30B9F808809889FAF714F99A
:102AB00010F0030318BF012308EB030292B2EB6886
:102AC0003A805968336813448B42D2D0234802F0CD
:102AD000AFFB3A8831681144CBE79D892846FAF765
:102AE000FBF800F03E00FAF7F7F825F47C55D9F82A
:102AF0000C302843988180B273E7521A91B2D8F80B
:102B00000400A8F80810FDF7FBFFEDE5606718E684
:102B1000CB1A99B2A8F80810D8F80400FDF7F0FF16
:102B200031686EE5DB689D892846FAF7D5F800F034
:102B30003E00FAF7D1F8D8F8003025F47C55D96872
:102B400040EA05028A8170E5A20A0120C00A01203C
:102B50002C1E0200D01E02005C1E0200941E020009
:102B60002DE9F0410546002800F087804E4B18887B
:102B7000002835D0002319464C4A4D4F14684D4A61
:102B80004D4EB2F800E03B808C4688421FFA8CF82C
:102B900001F101027FD992B2C4B1C64516D8A2EBA9
:102BA0000E03013BDBB2E35C012B14D0022B19D0E6
:102BB000ABB10CB172454BD23F4B1B6813441B7D2C
:102BC000012B6ED90B4499B20123DDE733686344CE
:102BD0001B7D012BEAD111460CF1010CD5E73A809F
:102BE000BDE8F0818B1C9BB20CB172452BD2DFF893
:102BF000C8C0DCF800C06244127D042A4FD15A1CC0
:102C000082424CDACA1C043192B289B2002C38D00C
:102C10009E4522D8A3EB0E03DBB214F803C0964501
:102C20004FEA0C2C24D9244BD3F80080904498F818
:102C3000143043EA0C035A1EB2F5067F28BF4FF446
:102C400006736B86C0E7A2EB0E02D2B2A25CD4E799
:102C5000A2EB0E02D2B2A35CB2E7DFF85CC09645ED
:102C6000DCF800C0634493F814C04FEA0C2CDAD8A7
:102C7000A2EB0E02D2B2A35CDBE7104802F0D8FA56
:102C800074E7DFF834C0DCF80080434493F814C0E4
:102C90004FEA0C2CCAE7002BA2D03980A0E73B807A
:102CA0009EE7023139809BE7BA0A0120B40A01206D
:102CB000B00A0120B80A0120BC0A0120141F02003A
:102CC0002DE9F04F044687B002F0FAFA002C00F02C
:102CD000EE80794D6268D5F82C31784F0133C5F814
:102CE0002C3163893A60132B0FD8D5F83C3101336E
:102CF000C5F83C312046D5F834310133C5F83431BC
:102D000007B0BDE8F04FFDF7F5BDDFF8D491D9F875
:102D10000010D9F81400FCF751FEC0B9D9F81430EE
:102D200003F0F003E02B12D009F11403009309F132
:102D30001008434606212046228902F0D1FF0646AC
:102D400058B1D5F838310133C5F83831D2E7D5F864
:102D500048310133C5F84831CCE73B689889F9F729
:102D6000BBFF810A01F0FC011329BED923898B42E4
:102D7000BBD36289DFF86CA1DFF86CB1A1F1140359
:102D80009BB28A42CBF80060AAF8003080F09881AC
:102D90002368002B00F0BB8214212046FDF754FD70
:102DA0006689474BBAF800A01E80AAEB06039BB2C7
:102DB000314620460593FDF747FD2068059B428973
:102DC0009A4292D319464368CBF80030FDF73CFD98
:102DD000238962893344A3EB0A039BB22381002A2F
:102DE00040F09982226812899A4202D0354802F056
:102DF0001FFA3E683088F9F76FFF30803E687088B0
:102E0000F9F76AFF70803E687068F9F769FF2E4B2A
:102E100070603E681860B068F9F762FF2B4BB060D5
:102E20003E681860F089F9F757FF3B68F081988990
:102E3000F9F752FF264900F03F020A708107238903
:102E400000F03A815A1C234992B2934205910A80BC
:102E50003FF64BAF204B1E68002E00F0E2804FF093
:102E6000000ADFF888B01AE00A2B00F0D580012BA9
:102E700000F0CE80327A3AB1D9F8043093F850306D
:102E80000133DBB29A4204D13B68318B1A889142FC
:102E90002ED0F368B246002B00F0C3801E46337D6F
:102EA000002BE1D1584602F0C3F9337DDCE70B4833
:102EB00002F0BEF90DE700BFD8080120BC0A0120CE
:102EC000B80A0120641F0200AC0A0120A80A0120F0
:102ED000A10A0120A20A0120880A0120301F020055
:102EE000E06D0020BA0A0120B40A0120841F02000C
:102EF0005B88F28A9A42CCD17268D9F810309A4233
:102F0000C7D13268D9F814309A42C2D1F368B342BB
:102F100079D0BAF1000F00F0E983754ACAF80C3095
:102F200013681660F360B34200F022840023DFF8D8
:102F3000EC912289DFF8E8A1A9F808203A68DFF8C7
:102F4000E4B1C9F80C206B4AC9F80030CAF8003067
:102F50008BF800301380684BC9F804401B781907C0
:102F600003D5627B42F001026273B26F002A00F067
:102F7000C0813046FEF7D8FF0D3000F0BD81B36F41
:102F800023B1059B1B88002B40F0B6815A4B5B4C4C
:102F90001B7826605A0740F16281327D022A00F0D8
:102FA0003583574B1968736A8B4200F07184CA1AD3
:102FB000002A07DB328D5B1ADA4203D4738B43F0AD
:102FC000020373839BF800301A0740F1A981D6F8F9
:102FD00090301BB16FF00D0130699847444831467D
:102FE000FEF790FC3046FEF741F90025D9F80400C1
:102FF0002560CAF8005018B1FDF77CFCC9F80450F0
:1030000007B0BDE8F08F3F4802F012F9F36880E79F
:103010003D4802F00DF92DE73C4802F009F9337DF7
:1030200025E73B4B1E68002E50D0DFF8FCA002E0E5
:10303000F668002E4AD0337D0A2B02D0504602F0AB
:10304000F7F8327A3AB1D9F8043093F850300133B6
:10305000DBB29A42ECD13A68338B11888B42E7D1CC
:103060005288F08A9042E3D17168D9F810209142D9
:10307000DED13168D9F814209142D9D11E4A117895
:103080004A0717D4059A8F07158840F176831C4AA2
:10309000716A1268571A002F04DB378D891ACF42E4
:1030A00040F1CB8335B1738B304643F00203738319
:1030B00001F024F8204623E6164A05921380C9E65B
:1030C000154A20461380FDF7BFFB92E6DFF85CA0AF
:1030D000D7F800C0DAF80020002A00F06D8116460B
:1030E00000219346D9F80400D9F814E026E000BF87
:1030F000880A0120A40A0120A10A0120980A0120BF
:10310000AC0A012000200200D81F0200AC1F020000
:10311000840A0120A20A0120B80A0120C00A012065
:103120009C0A0120A00A0120582002008C0A0120DC
:10313000F3683146002B00F03F811E46327A2AB1F7
:1031400090F850300133DBB29A42F1D1F28ABCF8E8
:1031500002309A42ECD13368734501D0002BE7D19D
:103160005A46002900F06B82F368CAF80060CB6011
:10317000F260B54B1B785A079CD413F0100A40F04C
:1031800064829B0796D5707DFEF726FD8046002859
:1031900000F0B282D9E9043205460321D7F800C015
:1031A00045F8042B4360A94B9CF800209CF801C013
:1031B0001B6842EA0C22B6F816C00133A0F816C00C
:1031C000017502834362C362FEF738FF9F4B1A68A2
:1031D0009F4B013AC8F854203269C8F87C60C8F89F
:1031E0001020C8F85800C8F85000C8F84400C8F8C3
:1031F0005C001A68C3F80080737A03F00C0388F847
:103200000930337AC8F80C2088F8083001F050FAF9
:103210000122904B40461A70FFF7A2FC3B682846FB
:10322000DA89534662F30F0362F31F43C8F8603034
:10323000B8F83260FCF7F6F82A4601463046FEF749
:1032400011FF1221A8F83200404600F07DFD002851
:1032500040F06382404600F051FF204650E59D0754
:10326000728B04D5337D023B012B00F2E481D00642
:1032700002D4794B1B68336200253046A6F89A5079
:10328000FFF76EFC704B327D1B78990740F1B980D7
:10329000911E01293FF696AE032A00F0058203F045
:1032A0001202122A06D16D49726C096801328A42F3
:1032B00000F06A82DB067FF585AE059A3B681188CF
:1032C000624A188812680A446449096802905B8857
:1032D0003046CDE90083624B00F0A8FE96F84230FC
:1032E000052B3FF66FAE00233046338601F0D8F849
:1032F00068E65C4C26604DE6738D002B00F09781EC
:10330000D5F83431574C0133C5F834316DE65648A1
:1033100001F08EFF40E5554801F08AFF238961E501
:10332000534B1A885AB1D6F880302BB131463069E8
:1033300098470D303FF459AE00234D4A1380304674
:10334000FEF72AFF00287FF450AEDAF80030DBB138
:10335000B36F13B1474801F06BFF738BDAF80020AD
:1033600013F0100340F08581D6F88450002D00F052
:10337000A68131463069A84710F10D0F3FF435AEF4
:1033800010B1DAF80030B3679BF800309B0607D520
:10339000B36F002B00F074815A7B42F020025A7305
:1033A000002330462360FEF7F7FE00287FF41DAEB1
:1033B000304600F0A3FE18E6BCF80C00F9F78CFCD0
:1033C00040073FF577AE059B3E681A881F4BD9F83A
:1033D00004001B681A44214B1968D5F848310133A1
:1033E000C5F84831D5F834310133C5F83431338864
:1033F00002937388CDE90083194B00F035FE204617
:103400007EE4023A072A3FF6DDAD01A151F822F031
:10341000B532010059350100313401002735010072
:10342000F134010031340100AB3401007934010082
:103430003046FEF731FF9BF8003099067FF5C2ADAC
:1034400007233375BAE500BFA10A0120AC0A0120A9
:10345000880A0120820A0120940A0120A80A01207A
:10346000F46D0020980A0120481F0200581F020036
:10347000A40A0120F42002003046FEF70DFFAC4BF9
:103480001B78D9067FF59EADAA4B316D1A689BF863
:10349000003091427FF496ADF26E002A7FF492AD37
:1034A00043F010038BF800308CE53046FEF7F4FE55
:1034B0009F4B1B78D8067FF585AD9E4B326D1B6800
:1034C0009A427FF47FADF36E002B7FF47BAD3046E4
:1034D000FEF70EFA984B1B689E4200F08880002B86
:1034E00000F08880DA68964200F01E811346F6E705
:1034F0003046FEF7D1FE9BF800309D067FF562ADA9
:10350000738B304643F002037383FEF7F1F98A4B65
:103510001B689E426BD0002B6CD0DA68964200F09C
:1035200003811346F7E73046FEF7B6FE9BF80030FE
:1035300013F0200F7E4B00F0C8801A78738BD206F0
:1035400043F0020304D57B4A316D1268914242D0A8
:1035500073830823337535E5DD067FF533AD754B91
:103560001968736CDB43CB4200F1F280336D5B1A58
:10357000002BC0F2ED8004233375F36F002B7BD05A
:103580009B69002B00F07B8100223146306998470F
:103590000346002840F083813046FEF77DFE674AEF
:1035A00013880BB1013B138041F21C13718E4A004A
:1035B0009A42154638BF1D46B5EB810F4FEA810090
:1035C00040F2718183B2A6F848309BF8003098062B
:1035D0007FF5F8AC34E7F26E002AB9D17383304638
:1035E000FEF786F9544B1B689E4240F01D81F3683C
:1035F000514A13600A230121514A3375514B11700E
:103600001A681E60F26001F053F8DBE4494B326D3A
:103610001B689A427FF4D6AC9BF8003043F0080355
:103620008BF80030738B23F001037383CAE43046B8
:1036300000F03AFD64E642F002027283C2E4D5F87B
:1036400054310133C5F8543193E5059B1A883E4B3C
:103650001B681A44374B1968BCF800300293BCF859
:103660000230CDE90083394B00F0FEFC2046FFF725
:1036700047BB1046FDF73EF93046FEF765FAB4E465
:10368000338DD6F88450B3F5066F1CBF01333385F4
:10369000002D3FF485AE002331461A463069A84715
:1036A0000D307FF47DAEA0E4274B1A68736A013BAE
:1036B00093427FF487AC304600F048FC82E42B460E
:1036C00028463146FEF70AFC56E61B78DF067FF5F2
:1036D00079AC184B326D1B689A427FF473ACF36E71
:1036E000002B7FF46FAC062333756BE4D5F85421BF
:1036F0000132C5F8542116E4D5F840310133C5F83C
:103700004031B369002B3FF4D5AC01464FF0FF3296
:10371000306998472046FFF7F3BA40465146FEF716
:103720005DF92046FFF7ECBAF268DA6062E700BFA5
:10373000A10A0120A80A0120880A0120A40A012068
:10374000820A0120840A0120AC0A0120F46D0020C5
:10375000059A3B681088564A1268024418880290FD
:103760005B883046CDE90083524B00F05FFC29E4D2
:10377000514801F05DFDFFF7D9BBC9077FF592AC59
:103780004E4B1B6833628DE40421494B38681B683B
:1037900072645A1C7262F262C289013B62F30F05C5
:1037A00062F31F4535667518736528463175778E47
:1037B000FBF738FE2A4601463846FEF753FC41F235
:1037C0001C134100994202460D4638BF1D46B5EB19
:1037D000820F70864FEA800049D983B2A6F848303C
:1037E000B6F86630002B3ED0B6F86630356F013B38
:1037F000A6F8663095B32B6833672846FEF74EF877
:10380000336F43B3002386F842303386D6F88830CE
:10381000002B3FF4D3AB00223146306998470D307E
:103820007FF4CCABFFF7E1BB002B3FF4E3AEDA68EB
:1038300096423FF479AF1346F6E7CDE90103204BFA
:10384000CDF80080304619682A441A4B00F0EEFB90
:103850002046FFF755BA4FF0FF33D6E7F56E55B166
:103860002B68F366C9E7174801F0E2FCBCE7994210
:1038700088BF8BB2B2E7144801F0DAFCF0E71348D6
:1038800001F0D6FCF36F9B69002B7FF47DAEF3E66D
:10389000002A7FF4C1AE0E4801F0CAFCBCE60D332D
:1038A0003FF4A3ABE8E69A4288BF93B28BE600BF31
:1038B000AC0A0120F46D00202C200200940A0120A3
:1038C000A80A0120A8200200C0200200D420020083
:1038D00088200200024A137843F0100313707047E7
:1038E000A00A01202DE9F0470E469046994607466A
:1038F0009DF820A0002843D0002E46D00420FCF7DD
:103900005DFC4FEA8A05044605F0040500284DD009
:10391000002380F80AA032894660AA4203602AD3B5
:10392000521B304614212281FCF73EFF064680BB25
:103930006368F88AD3F804A0AD02C4F80CA0F9F7C4
:10394000CBF9AAF80000388BE768F9F7C5F9788059
:103950004846E768F9F7C4F905F5A045786048EAF4
:103960000500E568F9F7B8F9E368A88120469E7478
:10397000DE74BDE8F0870F4801F05AFC3289CFE7CA
:103980000D4801F055FC002EB8D10C4801F050FC58
:10399000B4E70B4A2046D2F850310133C2F8503117
:1039A000FDF77CFF00242046BDE8F0873046FCF799
:1039B000A1FFF7E75421020010210200302102008C
:1039C000D80801202DE9F04385B0DDF830800546A8
:1039D0000C4616461F46B8F1000F28D00097334614
:1039E000062120462289D4F8049002F079F9A9F83A
:1039F0001000D5B1EB7AAD7A0095062531460E4E12
:103A0000CDF808800195D6F828513A460135204670
:103A1000C6F82851FBF7BCFF034620461C46FCF7BE
:103A200069FF204605B0BDE8F083FF23E4E70348C3
:103A300001F0FEFBD2E700BFD80801206C21020094
:103A40002DE9F04714318146924622204FF420722E
:103A500089B21C46BDF820809DF82470BDF828600E
:103A6000FCF7A4FF054608B34389132B21D9204650
:103A70006C68F9F731F920804046F9F72DF9C4F860
:103A800004A060804846F9F72BF9034647F4A040AC
:103A9000A360F9F721F903463046A381F9F71CF931
:103AA0000023E08123746374A374E3742846BDE8A3
:103AB000F087024801F0BCFBD9E700BFA02102005B
:103AC00030B5044687B080B11025638D0293238BF7
:103AD0000093E38A606A0195FFF7B2FF18B1628D27
:103AE000636A1344E36207B030BD0448CDE90412B1
:103AF00001F09EFBDDE90412E6E700BFD0210200E1
:103B00002DE9F04104460D4690461F4682B0A9B10A
:103B10000CB1207A70B93846FBF784FC06468EB1AA
:103B20003B464246294620460096FFF74BFF02B02F
:103B3000BDE8F081FCF7CCFD0646F0E7044801F053
:103B400077FBE5E72846FCF7D5FE6FF00300EEE7CC
:103B5000F82102002DE9F04184B005460C461E46CE
:103B6000BDF82870BDF82C8092B1B6B12846F9F79F
:103B7000B7F846F2080514230246CDE90083002178
:103B80003B4620460295FFF75BFF04B0BDE8F0819D
:103B9000044801F04DFB002EE8D1034801F048FB3A
:103BA000E4E700BF24220200402202002DE9F04F8A
:103BB00006460C4683B0002800F09F80F56E002D6D
:103BC00000F0A880002C00F0AF80B5F80880A04578
:103BD0007DD9738EA3427ED395F80AA0A8EB040981
:103BE0004FEA8A0B1FFA89F90BF0040B0BEB090162
:103BF0004FF42072362089B2FCF7D8FE0746002821
:103C000000F08B8068682A89038979689B1A2344AD
:103C10004A469BB25944FDF7F7F8484571D1EB6825
:103C20009889F9F759F810F0080B18BF4FF0080BF6
:103C30005FFA80F9EB6814BF09F0370909F03F0912
:103C400019F0010F58681CBF4BF0010B09F0FE0979
:103C5000F9F746F8394623185A463046CDF800A001
:103C6000FFF740FE0746002857D06868FCF798FF2A
:103C70006A68B6F866301189A4EB0804A4B21B1A6E
:103C80002144104689B2A6F86630FCF739FF2B892B
:103C900048461C44EB682C819C89F9F71DF8EB68B9
:103CA000044368689C81FCF77BFFB6F866300344E8
:103CB0007868A6F86630FCF773FFB6F866301844EB
:103CC0002B68A6F866003B602F603B6893B100202C
:103CD00003B0BDE8F08F174801F0AAFAB5F80880E4
:103CE000B8F1000F7FF478AF134801F0A1FAB5F8EE
:103CF000088071E7A6F86830E9E7104801F098FA03
:103D00005CE70F4A3846D2F840310133C2F84031FF
:103D1000FCF7F0FD4FF0FF30DAE7094AD2F8403106
:103D20000133C2F84031F5E7064801F081FA6FF03F
:103D30000500CDE7A4220200B42202005C220200AA
:103D4000D8080120802202002DE9F04311F003077A
:103D50000E46044683B04BD000286DD0C6F3400811
:103D60004FEA88094FF4207249463620FCF71EFEC0
:103D70000546002868D043894B4535D3CDF80080EF
:103D8000294632462046E36DFFF7ACFD0546002884
:103D90005AD0C3689A073AD12B89002B3DD1E36EE4
:103DA000002B40D01A461B68002BFBD11560002366
:103DB000A4F8683047B1E36D0133E365F30703D539
:103DC000638B43F0200363836868FCF7E9FEB4F873
:103DD0006630184480B2A4F8660008B1236F23B39C
:103DE000002003B0BDE8F0831E4801F021FAC5E7CA
:103DF0001D4801F01DFA1CB34FF42072002136203B
:103E0000FCF7D4FD0546F8B14FF00008B6E71748B7
:103E100001F00EFA2B89002BC1D0154801F008FAE9
:103E2000E36E002BBED1E566C1E7E36E002BD7D170
:103E3000104801F0FDF9D3E70F4801F0F9F98DE7DB
:103E40000D4801F0F5F9D7E70C4A618BD2F8403103
:103E500041F08001013361834FF0FF30C2F84031FF
:103E6000BFE700BF3C230200C42202007823020007
:103E700090230200BC2302001C230200D80801206A
:103E8000F8B5064688B1F46E4CB125462468002C7E
:103E9000FBD1EB689889F8F71FFF430709D030463C
:103EA000BDE8F8400121FFF74FBF094801F0C0F914
:103EB000E9E7EB6801209F89F8F70EFF738BEA684A
:103EC000074343F02003978120467383F8BD00BF6A
:103ED000E4230200F8B50546002830D02A6F32B13D
:103EE0001368144653B163689B7B012B02D06FF0BB
:103EF0000500F8BD24682368002BF4D163689B7B20
:103F0000012BF4D100266B8BE96E43F40063216032
:103F10006B83E368EA662E675868F8F7E1FEE368AA
:103F2000278904469889F8F7D7FE10F0030318BFD5
:103F300001233C44234430466E63EB64F8BD0248E1
:103F400001F076F9CAE700BF00240200F8B5074681
:103F5000002831D03E6F4EB373689B7B012B25D177
:103F60003268FB6E3A6707F16C051BB90FE02D68EC
:103F70002B6863B1DB685868F8F7B2FEF368044653
:103F80005868F8F7ADFE241A002CF0DB2B6833607C
:103F90002E6033686BB197F84230FF2B1CBF0133A2
:103FA00087F84230002318467B63F8BD6FF00500A8
:103FB000F8BDA7F86830EEE7014801F039F9C9E724
:103FC0002424020010B5044648B3236F13B1638B59
:103FD0005B0700D510BD2046FFF7B8FF0028F9D1D8
:103FE000B4F86010B4F848304FF0000C994228BF84
:103FF0001946628E4B085000B0EB510F618BA4F84C
:104000004A30024484BF83B2A4F84A30134441F0DA
:104010000402A4F848306283A4F830C010BD0248FE
:1040200001F006F9D1E700BF3C24020070B51C4640
:1040300082B0BDF81C30069E0093BDF820300546C6
:1040400001930846334611462246FFF783FD40B1EF
:10405000014633462246284602B0BDE87040FFF7CD
:104060004FBD02B070BD00BFF0B583B0089DBDF874
:104070002470BDF828E0A8B18C461E4611460446BF
:104080002B4660463246CDE9007EFFF763FD0146D0
:1040900040B12B4632460020089403B0BDE8F04002
:1040A000FFF790BC03B0F0BD10B50446C8B1206D59
:1040B000F8F716FE002102462046FFF701FD0146F3
:1040C00098B1231D22462046FFF71AFD638B20B9C5
:1040D00023F003039BB2638310BD43F003036383A8
:1040E00010BD054801F0A4F8E1E7638B6FF0010013
:1040F00043F00303EFE700BF5C2402002DE9F04F1B
:10410000044687B001F0DCF8002C00F09581237D97
:10411000012B00F04F81AC4B1B68A3422FD0E56E02
:10412000B4F84890B4F8606015B3207A271D0028D1
:1041300040F086813846FBF775F90590059A002A0C
:1041400000F0928123680BB953682360EB68B14596
:10415000586828BFB146F8F7C3FD2B89626C9B1ADB
:1041600003444B450FD9B4F860304B4500F038811B
:10417000628B900700F1228122F08002628300208E
:1041800007B0BDE8F08F002384F89930236F002B2F
:1041900000F036819A461B68002BFBD1DFF83C8289
:1041A00009E0002E40F0B9802846FDF777FBE56E68
:1041B000002D00F05481EB685868F8F791FD636CAE
:1041C000C01A2B891844484500F23E81EB68988953
:1041D000F8F782FD410700F1B780236F5BB1628B76
:1041E00012F0440F07D1E16E002900F0D1800B6876
:1041F000002B00F0C880237DEE68022B08D0102031
:10420000B6F80CB0F8F768FDEE684BEA0000B08134
:104210006B689B7B012B5BD1606AF8F761FDB06036
:10422000608DEE68F8F758FD628D636AF081134483
:10423000E362AB7AEE68DA0700F1968006F1140BC0
:10424000B4F93020002ABCBF00222286626B002A0B
:1042500000F081804FF0000C686841680289711A93
:10426000B0F80AE089B2521A92B2AEEB0101466090
:104270000281418186F810C086F811C0A97A11F038
:10428000010F0CBF1421182131448B4505D04F4834
:1042900000F0CEFF6868EE68028923460621009789
:1042A00001F01EFD0622D8F8283130820133C8F80B
:1042B0002831059B6868CDE90123A37A3A4600932B
:1042C0002146E37AFBF764FB002840F0C380EE68E8
:1042D0002B68E366237D022B03D0638B23F003035B
:1042E00063837068F8F7FCFCEB68834698892E8935
:1042F000F8F7F2FC10F0030318BF0123226DB3445A
:104300005B44D21A002AB8BF2365EB682E899889CE
:10431000F8F7E2FC83073FF444AF00232B60236FE0
:10432000B3B1EB685868F8F7DBFCDAF80C30834679
:104330005868F8F7D5FCABEB000BBBF1000F61DB65
:10434000CAF80050AA4632E7214800F071FF44E75E
:10435000AA4625672BE71F4A126862637068F8F760
:10436000BFFCEE68A06375E73A4605994FF4067006
:10437000FDF778FE40F00170F8F7B2FC06F1180B7B
:104380007061EE685CE70889638E9842BFF433AFD2
:10439000B4F86430002B3FF42EAFB4F86630072B2E
:1043A0003FF629AF12F0A00F7FF425AF00297FF46C
:1043B000E3AE55E0084800F03BFFACE6204607B00E
:1043C000BDE8F04FFFF770BE980A0120D424020028
:1043D000BC240200940A012094240200D808012081
:1043E000236F002B7FF4C4AE94F89930002B7FF438
:1043F000BFAE4FF4807284F89A30A4F89820B7E6E4
:104400009A46CBE6226F04F170061AB911E03668BD
:10441000326872B1D3685868F8F762FCEB6883467B
:104420005868F8F75DFCABEB000BBBF1000FEEDB5F
:1044300032682A603560BAE60D4800F0F9FE66E69B
:10444000FCF746F9059079E6E16E628B00297FF46E
:1044500093AE05E0638B43F08003638390E6628B49
:104460000023A4F8683087E66FF0030088E600BFF9
:104470007C24020010B5044658B194F8423020461E
:10448000FF2B1CBF013384F84230BDE81040FFF71A
:1044900035BE024800F0CCFEEFE700BFE824020082
:1044A00010B5044618B1FFF715FD58B110BD0B4803
:1044B00000F0BEFE2046FFF70DFD0028F6D10848AB
:1044C00000F0B6FE94F842302046FF2B1CBF0133AB
:1044D00084F84230BDE81040FFF710BE0C25020002
:1044E000E824020010B5044688B1206D0138F8F7C1
:1044F000F7FB002102462046FFF7E2FA014650B1E1
:1045000022462046231DBDE81040FFF7F9BA0348B4
:1045100000F08EFEE9E74FF0FF3010BD28250200C5
:104520002DE9F0410446002854D0E56E002D4ED010
:1045300094F89A30FF2B1CBF013384F89A30EB6853
:104540009889F8F7C9FBC30726D4EB6801212046F8
:104550005A68FFF7B5FA064600283FD0D6F804801F
:1045600068682A89038908F114019B1A9BB2012209
:10457000FCF74AFCEB685868F8F7B2FB236D013092
:104580001B1A002BB8BF2065224631462046231D4A
:10459000BDE8F041FFF7B4BA2F89EB68391E18BFA8
:1045A000012120465A68FFF78BFA0646B0B1D0F8D1
:1045B0000480002FD4D11120B8F80C70F8F78CFBD0
:1045C00027F47C57BFB23843A8F80C00D2E728463E
:1045D000BDE8F081034800F02BFEA6E74FF0FF3066
:1045E000F6E700BF4425020070B5044608200E46D9
:1045F0001546FBF7E3FD90B100220B4986600B687E
:10460000C560446002601BB907E019461B681BB116
:104610005A68A21A002AF8DA0360086070BD0348DD
:10462000BDE8704000F004BED80A012068250200F1
:1046300038B543680446984700F0C4FD84460A4BE9
:1046400025681B682246E818A0EB0C03002B0749DD
:1046500005DA05EB0C00BDE83840FFF7C5BFBDE843
:104660003840FFF7C1BF00BFD40A01203146010026
:1046700008B5FDF7D1FC0A4B1B6853B100F020FED2
:1046800000F0A0FDBDE8084000220649FA30FFF71F
:10469000ABBF054B1B68002BF0D1044A136008BD6B
:1046A000880A012071460100840A0120D00A0120F5
:1046B00008B500F005FE0C4B1A689AB90B4A12684F
:1046C00062B101221A6000F0FBFD00F07BFDBDE845
:1046D000084000220649FA30FFF786BF054A1268F3
:1046E000002AEED108BD00BFD00A0120880A0120AF
:1046F00071460100840A01202DE9F0410E4CDFF8DB
:1047000040800E4F04F1300608E000F05BFD2246C9
:1047100039462844FFF768FFB4420AD054F8085FCE
:1047200000F0CEFDB5F1804FEFD3404600F080FDA4
:10473000EBE7BDE8F08100BFFC3302003146010029
:10474000A825020070B504460D46164600F0B8FDD7
:10475000B4F1804F08D200F035FD3246294620449E
:10476000BDE87040FFF740BF014800F061FDF2E78F
:10477000A825020038B50D46044600F0A1FD0D49FC
:104780000B68A3B1002003E01A6818467AB11346FB
:104790009A68A242F8D1DA68AA42F5D11A6838B10B
:1047A00002601946BDE838400820FBF735BD38BD2A
:1047B0000A60F6E7D80A01202DE9F04100F080FDFB
:1047C00000F000FD0C4C06460C4F0CE04B68F21A52
:1047D000002A0BDBD1E902580A68082022603B60FE
:1047E000FBF71AFD25B921680029EFD1BDE8F0815A
:1047F0004046A847F7E700BFD80A0120D40A0120A5
:1048000010B5084C00F05CFD23683BB100F0DAFC09
:1048100023685B68181A48BF002010BD4FF0FF30B6
:1048200010BD00BFD80A012008B500F011FC6FEAE6
:1048300080406FEA9040014B188008BD7607002049
:104840002DE9F04F074687B08B4600F039FD002F69
:1048500000F0CE80BBF1000F00F0D180DFF8549261
:104860007989D9F8FC20072902F10102C9F8FC2056
:1048700040F2AE80DFF840827C68D8F80010D8F8AB
:1048800014000594FBF79AF803902088F8F724FAAF
:1048900004906088F8F720FA7F4B05461C68002CCE
:1048A00000F084805A464FF0000ABB465646174631
:1048B00004E0E2682646002A72D01446628AAA42C0
:1048C000F7D1002F7FD0217A39B1D8F8042092F89F
:1048D00050200132D2B29142EBD1039A2168002AD2
:1048E0004DD039B1D8F81400421C03D0BA68484002
:1048F0001042DED1227C520708D4BAF1000F00F03A
:10490000B080D8F81420013200F08780A28A049980
:104910008A42CED1616819B1D8F810209142C8D12D
:104920005F46002E00F0B080A246E268F2601A688E
:104930001C60E260059BDB884BB1584B1121009352
:1049400038463A89043B01F0CBF900286FD10821A1
:104950003846FBF779FF002855D1BAF1000F6ED029
:10496000DAF82040002C56D0049BDAF824003A46AE
:10497000009351464A4BA04707B0BDE8F08F19B1EC
:10498000D8F81420914294D1227C5107BED4A28A37
:104990000499BAF1000F08BFA2468A4289D1B9E74B
:1049A0003B465F469B46BAF1000FC3D1DBF80420BB
:1049B000D8F814309A422ED1059B4FF0000ADB88BC
:1049C000002BC4D0B9E7374800F032FC324B7AE70D
:1049D0003846D9F80C21D9F8043101320133C9F82D
:1049E0000C21C9F8043107B0BDE8F04FFBF782BFD6
:1049F0002D4800F01DFCBBF1000F7FF42FAF2B48BA
:104A000000F016FC2AE72A4800F012FCD9F804311D
:104A100038460133E5E73846E5E77868DAF80020FC
:104A200082423FF473AF884208BFA2466EE7D9E9DD
:104A30004132013238460133C9F80821D1E7039BDE
:104A40002BB9D8F8143003F0F003E02B10D1D9F8CB
:104A50001821D9F80431013238460133C9F8182138
:104A6000BFE7A28A0499A2468A427FF422AF51E7A7
:104A7000B8F80C103846083109B2FBF701FF0321E2
:104A8000384601F0E1FFE2E7D9F82431A2460133CC
:104A9000C9F824314EE700BFDC0A0120F46D002084
:104AA000F06D002014260200E0250200F825020027
:104AB0003C260200D8080120E06D00202DE9F041DD
:104AC0000F460546164600F0FBFB364B002F08BF8D
:104AD0001F46002D5FD0DFF8D0C0DCF8000038B3EF
:104AE000854218BF044602D12BE0A54229D0E468D4
:104AF000002CFAD146B30346396801E0DB688BB17C
:104B00009D42FBD05A8AB242F8D11A688A4202D03A
:104B100009B1002AF2D16FF00700BDE8F0813968D1
:104B2000AEF8006029606E823CB10020BDE8F081E3
:104B3000002E2ED03B686E822B60E860CCF80050CF
:104B4000F3E70124002ED6D14FF6FF72DFF85CE0C8
:104B5000BEF80030934216BF01334FF440469EB278
:104B60000028DCD04FF480414FF6FF78034602E086
:104B7000DB68002BD3D05A8AB242F9D1013989B20D
:104B800061B1464502D00136B6B2EFE74FF4404678
:104B9000ECE70446D8E76FF00F00C7E7AEF8006017
:104BA000B9E700BFF4320200DC0A012076070020DA
:104BB0002DE9F04F044685B00D46DDE90EBA1746E3
:104BC000994600F07DFB002C00F09680002D00F04F
:104BD0009380002F00F09080BAF1000F00F08C80DD
:104BE000BBF1000F00F08880628A002A57D04FF690
:104BF000F7732A899A4200F2828008212846FBF73F
:104C0000D3FD002856D12E467389072B70D9608AB0
:104C1000D6F80480F8F760F8A8F800004846F8F7DE
:104C20005BF80023A8F8020088F8063088F80730FF
:104C3000237C1A0729D43089F8F74EF8A8F8040025
:104C4000237CDB0745D511203B68514603F0F00378
:104C5000E02B0CBF637FE37ACDF808B0A27A019015
:104C6000009230463A46FAF781FEAE42804602D0C4
:104C70003046FBF73FFE234AD2F8F8300133C2F842
:104C8000F830404605B0BDE8F08F3B6803F0F00314
:104C9000E02BD0D1737B43F004037373CBE7214641
:104CA0002046FFF70BFF80460028A0D0404605B005
:104CB000BDE8F08F4FF4207208212220FBF776FE2A
:104CC0000646E0B12B89002B9ED02946FBF7BCFF9E
:104CD0009AE75346328911213046009701F000F8D7
:104CE0004FF6FF73002818BF0346A8F80630AAE75E
:104CF000054800F09DFA8AE76FF00F08C1E74FF012
:104D0000FF38BEE7D80801205826020070B582B0EF
:104D1000069CA8B1A1B19AB194B1056835B9251D19
:104D2000CDE90045FFF744FF02B070BD05F0F00C7F
:104D3000BCF1E00FF3D06668B54204D10546EFE759
:104D40006FF00F00F0E76FF00300EDE7002839D0B7
:104D50002DE9F0410F4682B089B315467AB3044677
:104D6000007A984608BB136803F0F003E02B0DD1DE
:104D7000207FF0B9A3694BB1184A1268934205D05D
:104D800004F11800FAF74EFB064626B92846FAF752
:104D900049FB0646CEB143462A4639462046009690
:104DA000FFF7B4FF02B0BDE8F081FBF791FC0646C7
:104DB000F0E7FBF78DFC0646002EECD1E6E76FF03E
:104DC0000F00EFE76FF00F007047054A6FF0030028
:104DD000D2F814310133C2F81431E3E7F0320200A3
:104DE000D808012070B504460D46164600F068FA52
:104DF00004B3FDB1628AB2B12A681049237C6260B3
:104E00000A6843F00403A682237442B1944208D096
:104E1000134601E09C4204D0DB68002BFAD1E2602B
:104E20000C60002070BD21462046FFF747FE002899
:104E3000E2D070BD6FF00F0070BD00BFDC0A012032
:104E400070B504460E46154600F03AFA0CB1C4E9B6
:104E5000086570BD10B5044600F032FACCB10D4AB9
:104E60001368A3420DD033B11A46DB681BB1A342CD
:104E7000FAD1E368D3602146BDE810400120FBF77A
:104E8000CBB9E3682146BDE8104001201360FBF771
:104E9000C3B910BDDC0A012010B500F011FA0120E1
:104EA000FBF78CF9044630B12822002108F02EFAD5
:104EB000FF23E3726377204610BD00BF10B500F0FA
:104EC000FFF900F0FDF90120FBF778F9044630B155
:104ED0002822002108F01AFAFF23E37263772046A4
:104EE00010BD00BFA8B102689AB191B10B6883B13F
:104EF000084B1B686BB110B400E002681C68944258
:104F000004BF0A681A60DB68002BF6D15DF8044B19
:104F100070477047DC0A012070B504460D4600F06A
:104F2000CFF963890E2B2BD96068E37B86891BB987
:104F300095F850300133E3730378D9070AD5012B74
:104F400039D00622244908F0B7F918B9637B43F039
:104F500008036373082E1FD0B6F5C16F10D195F802
:104F60004D301B0713D50E212046FBF76DFC68B3AF
:104F70001A4B596CDA6B013101325964DA6306E07D
:104F8000164B196DDA6B013101321965DA6320466F
:104F9000FBF7B0FC002070BD95F84D301A07F6D530
:104FA0000E212046FBF750FC0028F0D12946204670
:104FB000FAF77CFAEEE74378002BCBD183785E2BAF
:104FC000C8D1637B43F010036373C3E729462046CF
:104FD00001F0E6F9DEE700BF3C340200D80801200A
:104FE0002DE9F0410546BDF818000C4616461F464F
:104FF000F7F772FE0E2180462046FBF7FDFBD0B985
:1050000000F05EF96168A1F80C803B680B60BB881A
:105010008B803368C1F80630B3884B8195F84C30EB
:10502000062B02D0084800F003F921462846AB6958
:10503000BDE8F0411847054A6FF00100536901339C
:105040005361BDE8F08100BF88260200D808012026
:1050500043F23900044B05491A6801FB020018604D
:10506000C0F30E40704700BFEC0A01206D4EC641F0
:105070000B4610B5002204460421184602F0C6F87B
:10508000206058B1074A0020D2E9673101338B42D2
:10509000C2F89C3188BFC2F8A03110BD4FF0FF307C
:1050A00010BD00BFD8080120002200B585B00191D5
:1050B0000392EFF3058300689BB1134601A903AA8D
:1050C00002F094F9012812D1039B012B05D14FF076
:1050D000E0234FF08052C3F8042D002005B05DF8A6
:1050E00004FB1A4601A902F0BDF80128F5D0044AD4
:1050F0004FF0FF30D2F8A4310133C2F8A431EDE70C
:10510000D8080120F0B583B005460C46164602F0DB
:105110006FFF0746F4B128680EB10FE028684FF022
:10512000FF32214602F0D0F90128F7D102F060FFEA
:10513000C01B012838BF012003B0F0BD3246214614
:1051400002F0C2F9012807D000234FF0FF3023609E
:1051500003B0F0BD01ACDEE702F04AFFC01B03B0B4
:10516000F0BD00BF10B50446012002F023F9206015
:1051700058B10A4AD2E9643101338B42C2F8903106
:1051800001D9C2F89431002010BD044A4FF0FF301D
:10519000D2F898310133C2F8983110BDD8080120F7
:1051A00010B504464FF0FF31206802F02DFA0128B7
:1051B000F8D110BD002300681A46194602F052B813
:1051C000704700BF02F014BF10B5B3F1000C84B0FB
:1051D00016DD86461346069A03AC084600927146D1
:1051E00001941FFA8CF202F085FC012802D1039889
:1051F00004B010BDEFF305835BB107F0A3F8FEE741
:10520000EFF3058313B107F09DF8FEE706F018FFF2
:10521000FBE706F015FFF2E710B5EFF305841CB1CC
:10522000BDE8104007F08EB806F00AFF204610BD1A
:1052300008B5FFF7F1FFFEE7EFF305830BB107F0C9
:105240008DB806F00BBF00BF10B50B4C4FF0FF310F
:10525000206802F0D9F90128F8D1084C237813B15D
:105260000133237010BD03F0F3F92378044A0133AE
:105270002370106010BD00BFBC650020E80A01204B
:10528000E40A0120074A1378013BDBB213700BB923
:10529000054A13600023054A194610681A4601F0B2
:1052A000E1BF00BFE80A0120E40A0120BC6500203C
:1052B00008B503F0CDF9014B186008BDE00A0120E4
:1052C00008B5EFF305839BB90F4B1B687BB103F067
:1052D000BFF90E4B1B68834205D0EFF3058383B102
:1052E00007F030F8FEE70A4B1B78002BF5D008BD1D
:1052F000EFF3058313B107F025F8FEE706F0A0FEF3
:10530000FBE706F09DFEEDE7E00A0120E40A01203C
:10531000E80A012010B582B0DDE90430446ADAB150
:10532000012A17D100221868019208B101F05CFD32
:10533000EFF30583D4E91C019BB101AA01F056FEED
:10534000012812D1019B2BB14FF0E0234FF0805286
:10535000C3F8042D02B010BD02B0BDE8104001F04A
:1053600033BC01F0FBFD02B010BD0248FFF760FF47
:10537000F0E700BFBC260200F8B5556A164BD5F819
:1053800038711648CF1B3C119F420E4600FB04F4B7
:1053900017D80B46B34202D01148FFF749FFFFF779
:1053A0003BFF05EB441393F85431064664017BB18F
:1053B00000232544304685F85431BDE8F840FFF716
:1053C0003BBF0848FFF734FFD5F838313B44E1E7ED
:1053D0000548FFF72DFFEBE7101701009F5BE2D4B4
:1053E0003C270200202702006827020010B54C6A03
:1053F000FFF712FF002302E00133302B12D004EB41
:10540000431292F854110029F6D14FF4BE6C0121D9
:10541000D4F8384182F854110CFB0344FFF70CFF19
:10542000204610BD0024FFF707FF204610BD00BF37
:1054300038B50446FFF7F0FE237E054633B100235E
:1054400028462376BDE83840FFF7F6BE0448FFF74C
:10545000EFFE002328462376BDE83840FFF7ECBE78
:10546000682702003AB1012A07D1436A1A68936893
:1054700043F010039360002070476FF00B007047FB
:105480004FF4BE63F0B54FF4A26493B011938B6FE9
:1054900006460E9303F580730F93CB6F02A8CDE9F8
:1054A0000B3301F180030D9301F1F8030D4617460C
:1054B000ADF828401093EFF713FC45F6A523002420
:1054C000A5F840372C4B394608932C4B284685F8D5
:1054D00042470494099301F051FB4123059301F0E5
:1054E0009FFC01232867C0206B672B46244AA446F3
:1054F00082F88B032146234AD5F8384105EB4C1E30
:105500000CF1010CC3E95324BCF1300F03F120036B
:105510008EF8541104F5BE64C3F83861EED12868E2
:1055200006F1460202A93B69EFF702FD28680AAAC4
:1055300002A9EFF7E1FBB0B92C461349019600919F
:1055400054F8040B0AAB214602AAEFF7D1FD21461D
:105550002868EFF747FF50B9012228681146EFF796
:105560008FFC13B0F0BD0948FFF762FEE4E708487E
:10557000FFF75EFEF0E700BFED5301007953010035
:1055800000E100E03154010015530100A42702009E
:10559000C4270200436AD3F83C077047406A90F87A
:1055A00042371BB190F840378B4218D030B50125F7
:1055B00004684FEA813E23680EF4804E23F4C04C09
:1055C000530303F4005343EA0E0343EA0C0323603E
:1055D00080F8401780F8412780F8425730BD90F896
:1055E00041379342E2D170470022436A83F8422751
:1055F000704700BF704700BF03462DE9F04100240B
:105600008EB05E6A2422214605A80294039407F016
:105610007DFE3146234651F8040B02AD04AA0495E1
:10562000EFF754FF40F6A373984209D00DDCA0B108
:1056300040F6A17398420CD12D4AD3680133D36050
:10564000002420460EB0BDE8F08140F6A4739842D5
:10565000F2D02848FFF7ECFDF2E7BDF81430002B3C
:1056600043D0049AD6F838311768B2F80480224A39
:10567000FB1A22491C11934201FB04F42AD865014C
:1056800006EB4414D4F850319F4202D01C48FFF777
:10569000CFFD731993F8543103B305F59E7341227E
:1056A00041460020CDF8048000973344FBF75CF8B6
:1056B0000446B8B10289BDF814309A4202D01148AC
:1056C000FFF7B6FD20460A4A5368013353600EB017
:1056D000BDE8F0810C48FFF7ABFDD0E70B48FFF7C2
:1056E000A7FDDAE70A48FFF7A3FD00231B89FFDEC9
:1056F000D808012000290200101701009F5BE2D4A6
:1057000030280200D0280200E4270200742802009A
:10571000B0280200002301222DE9F0439BB006AF20
:10572000CDE904338846456A029703938DF810202B
:10573000002900F09A8040F2EA53B8F808E09E454C
:1057400000F29E80BEF1000F00F0938000214446DD
:105750000E468C4669B94D4B53F8082C002A5CD193
:1057600053F8042C2AB16068904203F10803F3D87F
:1057700001216389246801369C44B6B21FFA8CFC6F
:105780000CB1E645E6D80A2E01D8002968D04FF4BE
:10579000C17271460020FBF709F90446002872D057
:1057A000FBF7FEF90A28064652D841462046FBF789
:1057B00023FB00284CD10594C6B10399721E8B1CA3
:1057C00013FA82F20131234602E096420DD03146AF
:1057D0005E6807EBC10040F8086CB3F80AC01B68AC
:1057E0004E1C20F804CC002BEFD1039140F6FF783B
:1057F00040F6A5764FF0FF392F1D00233946286863
:1058000002AAF0F797F8B0420FD008BB204A1368FD
:10581000013313601BB0BDE8F0836068904201D291
:10582000083399E753F8042C9EE7D5E91C010023BF
:105830000122CDF8009001F001FBB8F10108DCD1A4
:10584000204601F0D1FA6FF002001BB0BDE8F083F2
:10585000204601F0C9FA6FF00B001BB0BDE8F083E1
:105860004046FBF7A7F94446A5E70A48FFF7E0FCE6
:1058700061E74046FBF79EF94446CDF81480B5E752
:105880006FF00100C6E74FF0FF30C3E74C34020071
:10589000D80801201829020070B505460B4C6E6A25
:1058A0000B4B0C490C4AC4F8383133680020C4E96A
:1058B0001E12C4F83C3701F0ABFA334602462146CB
:1058C0002846BDE8704001F0EFB900BF482902202A
:1058D000F40A012044280220F427022043680078BB
:1058E0001B681847436800785B68184710B54FF08D
:1058F000000C0C46436882B084F800C01F215B682E
:1059000000780DF10602984728B9BDF80630DB048F
:1059100044BF0123237002B010BD00BF10B543681F
:1059200082B00C46007801215B680DF106029847B1
:1059300030B9BDF806305B074ABF012320702370E1
:1059400002B010BD134630B51C46436883B00D4607
:1059500000781F215B680DF10602984778B935B1D0
:10596000BDF806301B074ABF012328702B7034B1E5
:10597000BDF8063013F0100318BF0123237003B0E5
:1059800030BD00BF70B5436882B00E461546044670
:1059900000215B6800780DF106029847C8B9BDF890
:1059A0000630012E0BBF23F4805323F4405343F4FD
:1059B00000539BB2012D14BF23F4807243F4807214
:1059C000636818BF92B200211B682078ADF80620EA
:1059D000984702B070BD00BF2DE9F0410446002396
:1059E000087882B02070ADF806304B680F46394D0C
:1059F000394E636016E0636803215B6820780DF11F
:105A00000602BDF8068098474FEA0848013D80B974
:105A1000BDF80630434423F00F03B3420CD04DB31E
:105A20006368207802215B680DF106029847002820
:105A3000E1D002B0BDE8F081E5B1636801464FF402
:105A400000421B68207898470028F2D1214D05E0DC
:105A50006B1C13D0BDF90630002B0ADA63680021F5
:105A60005B6820780DF106029847013D0028EFD0D1
:105A7000DFE71DB9012002B0BDE8F081B97B6368A2
:105A80002078C1B95B680DF1060298470028D0D193
:105A9000BDF80620636802F4806201461B68207826
:105AA000ADF8062098470028C3D120467A7B397B81
:105AB000FFF768FFBDE740F2E11204211B68984739
:105AC0000028B6D1636801464FF490521B682078D5
:105AD0009847AEE720A1070020C1070070B5044633
:105AE000466882B000786BB1002934D1012A14BF16
:105AF0004FF482424FF4C2423368ADF80620984713
:105B000002B070BD7368A1B90DF106029847002874
:105B1000F6D1BDF80620636822F4804292B20146B5
:105B2000ADF806201B68207842F40072984702B056
:105B300070BD11210DF1060298470028E0D1BDF893
:105B40000620636822F4007211211B68207892B24B
:105B5000984702B070BD112173680DF10602984795
:105B60000028CDD1BDF80620636811211B6820787C
:105B700042F40072984702B070BD00BF30B510F01B
:105B800001044FF0000E06D071454CDD10F8013BCA
:105B9000013963F31F2E10F003024ED1072954DDA3
:105BA000083921F0070500F110031D4400F1080C2D
:105BB0005CF8083C0CF1080CD3185CF80C2C28BFDE
:105BC00001339B181A4628BF0132AC45F0D1CD08ED
:105BD0006B1CC5EB457500EBC30301EBC5011FFA58
:105BE00082FC01290CEB124232DD02394D08681C9F
:105BF00003EB400033F802CB83426244FAD1C5EB99
:105C0000C57501EB4501012904D1037863F3070E43
:105C10001FFA8EFE724493B203EB12431FFA83FE07
:105C20000EEB134E34B14FEA0E239BB2CEF3072E88
:105C300043EA0E0E1FFA8EF030BD012903DD30F865
:105C4000022B0239AAE70022DDE703469446C8E7A3
:105C50001846D8E72DE9F843089C1B682468894654
:105C6000250C15FA84F414FA83F404EB1344A3B25C
:105C700003EB14439CB2904604EB1344E0B1054699
:105C800000276E8968683146FFF778FF204484B2A8
:105C9000F30704EB104406D523029BB2C4F3072498
:105CA00087F001071C432D68002DEAD127B123029C
:105CB0009BB2C4F307241C434846F7F70DF805468A
:105CC0004046F7F709F82844204483B203EB104319
:105CD00098B200EB1340C04380B2BDE8F88300BF28
:105CE000FFF7B8BF08B5FFF749FFC04380B208BD52
:105CF00020B3F8B5002705463C466E8968683146F2
:105D0000FFF73CFF0444A3B203EB1444F30706D5AA
:105D100023029BB2C4F3072487F001071C432D68BC
:105D2000002DEAD13FB1200280B2C4F30724204302
:105D3000C04380B2F8BDE443A0B2F8BD4FF6FF7097
:105D4000704700BF70B5154606460C46FFF7B8FA17
:105D50007DB1B26D256142B1944208D0134601E095
:105D60009C4204D01B68002BFAD12260B46500204D
:105D700070BD0248FFF75CFAEBE700BF3429020070
:105D800038B5002501234A600B810D730C46FFF7DF
:105D90005FF90246054B2846A3FB0213DB0803EB21
:105DA0008303A2EB4302628138BD00BFCDCCCCCCD3
:105DB000836D23B100221A721B68002BFBD1704740
:105DC0003A4B2DE9F0411D68002D3CD00027DFF84B
:105DD000E480AC6D002C33D014260DE0013B9BB267
:105DE000042A638139D8022A4ED8013A012A01D8FF
:105DF000002B3AD024681CB3237B0BB1013B2373E7
:105E00006389227A002BE9D1042A1ED8022A29D9D3
:105E1000637A13B90422637322722846211D00F0AD
:105E20001DFD637A66810133DBB2012B2FD9052278
:105E30002369A2600021284698472468002CDBD102
:105E40002D68002DC5D1BDE8F081072AD2D10121EE
:105E50002846236927729847CCE7072ACAD1002B26
:105E6000C8D1F4E7013A012AC4D802232846237294
:105E7000211D00F0DBFC637A0133DBB2022B63727D
:105E800007D90B4BA360B5E7002BB3D1C0E7637212
:105E9000B0E7FFF7DDF8A8FB0023DB0803EB830383
:105EA000A0EB43000A306081A4E700BFC8080120CE
:105EB00003001400CDCCCCCC2DE9F0470746D0F838
:105EC0004600B7F84A30BC6D82B0D1F80E60D1F808
:105ED00018900090ADF804303CB3884601F1080AF0
:105EE00008E02DB16368B3422AD00EB94B451FD0EC
:105EF0002468D4B1257A032DF3D92B1F022BF7D8B0
:105F00006368B342F4D106225146684607F0D4F9DB
:105F10000028EDD0062D2AD0237B8BB93846211DD1
:105F200000F09CFC64232373E2E702B0BDE8F08735
:105F30000622684608F1080107F0BEF90028D7D00C
:105F4000637B022101336373384623699847637B7F
:105F5000092B05D9072323724FF416736381C7E712
:105F6000002301212372384623699847C0E70023A4
:105F700002212372384623699847B9E761B3B0B567
:105F80000B680D4682B02BB322B3116811B3846D38
:105F900004B34FF6A96702E02468DCB12B6861689E
:105FA0009942F9D19BB2BB42F6D11388BB42F3D0E0
:105FB000237A052B14D8032B0FD8013B022BEBD8E7
:105FC0000023022123722369019200909847DDE9A2
:105FD0000002E1E702B0B0BD704706232372DBE7A1
:105FE000072BD9D1ECE700BF2DE9F04F00234FF08C
:105FF0000A08564F0546BC4693469E4644464646CA
:106000009A4685B0CDF80880039101930A2C9CF83C
:1060100014901AB239D0B9F1000F0ED025B128680A
:10602000DCF80410884248D0B9F1010FBCF8120026
:1060300035D0704524BF1646864601330A2B0CF135
:10604000180CE3D1039901297CD1092C3EDC04EB27
:10605000440307EBC3031B7DA04613B13C48FFF785
:10606000E7F8264664002DB12A6804EB080307EB25
:10607000C3035A600023444407EBC407C7F808B0C1
:106080007B82304605B0BDE8F08FB9F1000FC5D175
:1060900001330A2B14460CF1180CB7D1D2E7DCF807
:1060A0000010C9B3504503F1010324BF9046824656
:1060B0000A2B0CF1180CA9D1C4E7BBF1000F03D0D7
:1060C000DCF808005845AFD11646DAE7092E0ADC9D
:1060D00006EB460357F83330B0467400ABB11D48A9
:1060E000FFF7A6F803E0029E092E26DCB04608EB77
:1060F00048094FEAC90957F809004FEA480420B196
:10610000FAF7F8FB002347F80930002204EB0803F4
:1061100007EBC3031A75A6E7019901338842029978
:1061200028BF1146019A28BF02460A2B029101920C
:106130000CF1180C7FF46AAF84E7B8F1090F01DCA9
:106140004646D3E74FF0FF369BE700BFA43002205E
:106150006C290200542902002DE9F04F83B08846D3
:10616000DDE90CAB91461F460646BDF83C400028D1
:1061700054D04FF420721C210E20FAF717FC05466C
:1061800000284FD043891B2B44D920466C68F6F772
:10619000A3FDE08096F84C30062B02D02548FFF78F
:1061A00047F840F206424FF6A9633968A160B98802
:1061B000A181DBF80010C4F81210BBF80410E182D2
:1061C000DAF80010C4F80E100E990968A280A161D7
:1061D000BAF8002018499A42216040F6060411D00E
:1061E0004B464246304629460094FEF7F9FE134AD4
:1061F0002846136B01331363FAF77CFB002003B0CE
:10620000BDE8F08F4246294630460D4B0094FEF71C
:10621000E7FEECE70B48FFF70BF8B6E70A48FFF795
:1062200007F8A6E7054A4FF0FF30936C01339364FB
:10623000E5E700BFDC29020000010800D8080120C2
:106240003C340200A8290200982902002DE9F043FD
:10625000DFF8C48002EB420708EBC7073B7D14461A
:10626000012B05460E4685B04FEA420935D904EBAD
:106270004400C00000F10C07022B47440DD005F18B
:1062800046084FF400643B46424631462846009497
:10629000FEF7A6FE05B0BDE8F0834C4408EBC4044D
:1062A000638AB3F58E7F1DD8B3F5877FE7D3174B8D
:1062B000043001932B1D00930123404405F146084F
:1062C000029003933A46434641462846FFF744FF6F
:1062D0000028D6D103232375D3E70D48FEF7A8FF86
:1062E0003B7DC4E7094B043001932B1D0093012330
:1062F000404405F146080290039341464346284630
:10630000044AFFF729FF0028BBD1E3E73434020039
:10631000202A02003C340200A430022070B51D4C3B
:10632000002684B004F1F0050AE0012A1FD0032AF8
:106330002DD0042A01D1022323741834AC4214D086
:10634000227C002AF9D0E38901339BB2B3F5967F12
:10635000E381EAD354F8040C18B1FAF7CBFA44F805
:10636000046C26741834AC42EAD104B070BD042B1E
:10637000F0D803926068084A00F146030192021DBA
:1063800000921946054A0294FFF7E6FED5E704237A
:106390002374D2E7A8300220343402003C340200D7
:1063A0002DE9F04F0D4689B00446FEF789FF002D18
:1063B00000F0878066683388B3F5807F02D1337937
:1063C000062B0CD02046564B196DDA6B0131013289
:1063D0001965DA6309B0BDE8F04FFAF78BBA737943
:1063E000042BEFD17388082BECD14D4F31467B6BDA
:1063F000284601337B63FFF75FFDD6F80EA06B687C
:10640000B169CDF81CA0002B5ED14FF002090593B5
:1064100006F10808049395F84C30062B02D0414849
:10642000FEF706FFBAF1000F3FD029465046F9F7B4
:10643000C5FA8346C8BB0AF0F002E02A35D04946C7
:106440002A4607A8FFF7D0FD00282EDB0C221821D2
:106450004FF00209DFF8D0C010FB012100EB400033
:106460000CEBC00282F8149095604FEAC00ED8F889
:1064700000004CF80100B8F80400614488805CF822
:106480000E90A2F812B0B9F1000F0ED04FF40063D5
:106490004CF80EB0494600932846434605F14602A3
:1064A000FEF79EFD4846FAF725FAF388B3F5807F9C
:1064B00019D0B3F5007F02D0BB6D0133BB65204618
:1064C00088E709B0BDE8F08FA3EB0A02B2FA82F2C6
:1064D0008B424FEA5212059206F108081AD10123A5
:1064E0009946049397E7049B002BE8D0059B002B6B
:1064F000E5D1022607A905F146030291291D009165
:10650000424628461946CDF804800396FFF724FE3C
:1065100020465FE700234FF0020904937BE700BFAA
:10652000D8080120702A0200A43002202DE9F04F83
:106530000E460546014685B030681746F9F73EFA23
:10654000002840F0B680336803F0F002E02A00F043
:10655000B080002B00F0AD802A4601213046FFF7C5
:1065600043FDB0F100085EDB1FFA88F37E2B44D8B0
:106570005FFA88F8DFF8589108EB480B09EBCB0B72
:106580009BF8143005F146044FEA480ABBB1002FCE
:106590005AD0012B35D13C46474D05E0237B5B06A5
:1065A00077D42468002C65D0628923899A42F5D17A
:1065B0002368002BF2D02846FEF73AFEEEE702965B
:1065C00001263E4BCBF8085001932B1D00930396F8
:1065D0002346214628463A4A8BF81460FFF7BCFD53
:1065E00058B3EFB10AEB080309EBC3031B7D012B82
:1065F00007D8D0D005B0BDE8F08F3248FEF718FEBE
:10660000B6E7182322464FF4006403FB0893009476
:106610002D4C394628460C3384F80080FEF7E0FC08
:1066200005B0BDE8F08F1FB1284A936C0133936425
:106630004FFA88F005B0BDE8F08F9BF81430012BBD
:10664000CFD1002FA7D122E001221C4B039201934E
:106650002B1D0093284623462146194A0296FFF730
:106660007BFD0028DCD19BF81430012BD8D1ABF88E
:1066700012700CE03846FAF79DFA0AEB080359F855
:10668000330008B1FAF736F9D04449F838700020E1
:10669000C6E73A464FF420710E20FAF76BFC074626
:1066A0000028EAD1094A4FF0FF30936C013393641C
:1066B000B6E76FF00F00B3E7A42A020034340200FB
:1066C0003C340200942A0200A0300220D8080120A5
:1066D000A4300220F0B5044685B00E461546FEF7FC
:1066E000EFFD002C7ED0002E73D0002D76D02146F9
:1066F0002868F9F763F9002869D12B6803F0F002E4
:10670000E02A3FD06268A1685A400A420ED04FF694
:10671000A9629BB2934209D07368DB689BB2934233
:1067200004D0E368002B6FD004F10C05384F394BCF
:106730003A7802EB420103EBC103197D012902D92A
:106740009968A14255D04FF0000C324B06E00CF195
:10675000010CBCF10A0F03F1180330D0187D012899
:10676000F5D99A68A242F2D15A6829689142EED1CD
:10677000314620465FFA8CF23A7005B0BDE8F04031
:10678000FFF764BD01215E226B78ADF8081003F0BD
:106790007F038DF80B30AB788DF80A208DF80C3024
:1067A000EB788DF80D3002AB4FF400653146204692
:1067B00004F146020095FEF713FC05B0F0BD324629
:1067C0002946204605B0BDE8F040FFF7AFBE124BAA
:1067D000EAE71248FEF72CFD002D88D11048FEF79D
:1067E00027FD84E70F48FEF723FD002E7FF47DAFE1
:1067F000EFE75B6829689942A5D10B4D3146EB6DF7
:1068000020460133EB65B8E76FF00300D5E700BF22
:10681000A0300220A43002203C340200C02A020032
:10682000502A020098290200D808012030B50C46F1
:106830000125074B85B00193064BCDE90245009336
:1068400000F146031946044AFFF786FC05B030BD47
:1068500034340200F43202003C34020030B50C46FD
:106860000125074B85B0019300F146031946CDE998
:106870000245044A0094FFF76FFC05B030BD00BF2D
:10688000343402003C3402002DE9F047694E6A4F6F
:10689000D6F89430D7F80890013384B0C6F8943015
:1068A00099F80040054604F00F04A400132C14D9F5
:1068B0004389032B11D943681B781BB3082B17D1CD
:1068C000786900F0F003E02B25D088463968F9F7A5
:1068D00075F800BB2B89072B26D82846FAF70AF84B
:1068E000D6F8A4300133C6F8A43004B0BDE8F08770
:1068F000D6F8B020D6F89C3001320133C6F8B0206B
:10690000C6F89C30284604B0BDE8F047F9F7F2BF5E
:106910005046F9F7EFFF2846F9F7ECFFD6F8B83004
:106920000133C6F8B830E0E72846FFF7E1F9002860
:1069300066D104F10E0A51462846F9F735FF0028C2
:1069400067D02B89191989B28B42E4D84FF4207291
:106950000E20FAF72BF882460028DCD0428904F199
:1069600008039A42D5D349462246406806F081FD85
:1069700021465046F9F768FF002854D12946504671
:10698000FAF73AFA0028C3D12846F9F7B3FF55467B
:1069900021462846D5F80490F9F706FF0028B1D122
:1069A000D7E904314FF6F7726F68F9603B6189F8F7
:1069B0000000E873B9F80230214693428CBF0933D6
:1069C00008339BB2A9F8023000244FF0FF09BC72D3
:1069D00087F80890FC723846FFF784F97881012720
:1069E000CDF808800094D6F890104B463944C6F88C
:1069F00090102246284611490197F8F7C9FF81E710
:106A00002846F9F777FFD6F8A0300133C6F8A03052
:106A10006BE751462846F9F717FF0028B8D0084819
:106A2000FEF706FC77E70748FEF702FC5046F9F749
:106A300061FF70E7D8080120E06D0020F46D0020B0
:106A4000002B0200CC2A02002DE9F04105462E89D8
:106A500088461C2E28BF1C2606F10807BFB286B048
:106A60004FF4207222203946F9F7A0FF002835D0D4
:106A700043890446BB4234D33246032300266F6861
:106A80002946656820462B7085F8018008232E7101
:106A90006E71AE71EE71FAF7EDF8FB6805A805931B
:106AA000F8F7C0FC0746B0B128466189AE70EE70B9
:106AB000FFF718F96880029701270C4D0096D5F86A
:106AC0009000FF233844C5F890003146204605AABF
:106AD0000197F8F75DFF2046F9F70CFF06B0BDE817
:106AE000F0810348FEF7A4FBC6E700BFD8080120E9
:106AF000342B02002DE9F0434FF0E027DFF87880D7
:106B000085B000214FF0FF32084603AB009203919D
:106B100001F004FFD8F80050002DF2D0012695F8BE
:106B20005030039A013303F01F0306FA03F31342B4
:106B300013D12D68002DF2D1E3E74FF080592046A4
:106B4000F3F7C4F948B1EFF3058393B12046C7F8D2
:106B5000049DF3F7BBF90028F5D12846FEF74CFD5C
:106B600004460028E5D029462B6998470028F4D030
:106B7000E3E705F059FAE2E7C80801200023012203
:106B800010B50C4686B00193049305930B798DF8EC
:106B900012208DF804308A68CB680948039202936A
:106BA000EFF7BCFD039B20681A6801A9836090473A
:106BB00008B906B010BD0348FEF73AFB06B010BD99
:106BC000602B0200782B020010B5844684B0EFF3EE
:106BD0000582134B18689AB1012300219CF85020BC
:106BE00003AC1A4402F01F0203FA02F2CDE90014CA
:106BF000039101F087FF039B012B08D004B010BD67
:106C000002231146009201F0EBFE04B010BD4FF0DC
:106C1000E0234FF08052C3F8042D04B010BD00BF34
:106C20009431022030B583B00546FEF7B3FC83688B
:106C30000DF105019B690446984708B103B030BDCA
:106C4000FEF73EFB9DF80530ABB1A3682046DB693B
:106C50000DF107020DF10601984720B12846F9F71A
:106C6000B7FC03B030BD28469DF807209DF80610FC
:106C7000FEF794FCF2E72846F9F7E8FC2846FEF711
:106C8000B3FC03B030BD00BF10B50446054940F267
:106C9000DC502246FDF756FD2046BDE81040FFF7C8
:106CA000C1BF00BF896C01002DE9F04304460E46C8
:106CB00017461D4683B000286FD0002D72D03D4B83
:106CC000236494F850300133DBB2202B46D8DFF830
:106CD0001481D8F80090B9F1000F49D046F66562EA
:106CE00094F84D30A4F84E2043F0200384F84D3042
:106CF000314B30466361314B6662A361304B636553
:106D0000FEF778FC07603046FEF774FC0368002B42
:106D10004CD04FF0060C40F2DC5784F84CC03146A2
:106D20006E6994F84D30C4F846602A462D8B43F0C6
:106D30000E0384F84D302046A4F84A50A4F844705D
:106D4000FEF79EFB224638461E49FDF7FBFC204617
:106D5000FFF768FF002003B0BDE8F083DFF8848010
:106D60001948FEF765FAD8F80090B9F1000FB5D1CF
:106D700008234FF40072009314494B461448CDF891
:106D8000048000F0B7FE0128A8D01248C8F800908F
:106D9000FEF74EFA4FF0FF30DDE70F48FEF748FAF6
:106DA000002D8CD10D48FEF743FA88E70C48FEF71A
:106DB0003FFAAEE7C02B0200D5660100155701006F
:106DC00065540100896C0100C82B0200E42B02000D
:106DD000F56A0100EC2B0200942B0200A42B0200A8
:106DE000182C02009431022070B54FF0E0264FF0CD
:106DF000805504462046F3F769F800B970BDEFF3FB
:106E0000058313B1C6F8045DF4E705F00DF9F1E769
:106E1000024B00280CBF18460020704700001040AD
:106E200010B51C2002F01AF9044620B1002340F8E6
:106E3000043B00F0E9F8204610BD00BF2DE9F04208
:106E40000C4691461F460646002864D0B4F1807F68
:106E50004BD224B940F243113F48ECF73FF801F020
:106E6000FDFBA0B9069B002B49D100F0CBFF356894
:106E7000002F40D12C4205D0B9F1000F02D025EAF5
:106E80000404346000F0C6FF2846BDE8F08200F03C
:106E9000B9FF356857B92C42EED1069B002BF1D0D3
:106EA000B9F1000118BF012109060CE034EA05031D
:106EB000E2D0069B002BE5D0B9F1000118BF0121FB
:106EC000090641F08061069A2143301D01F038F92E
:106ED00000F0A0FFA0B301F0B9FC8301054620D566
:106EE00025F07F452846BDE8F0824FF4A1711A488D
:106EF000EBF7F4FFB3E734EA0503C3D1BCE74FF483
:106F0000A3711548EBF7EAFF00F07CFF3568F7B98D
:106F10002C42B1D1C4E740F241110F48EBF7DEFF3C
:106F200094E705F08DF835686FB92C4205D0B9F1BA
:106F3000000F02D025EA0404346005F08FF8CFE793
:106F400005F072F8C7E734EA0503F6D1EFE734EA53
:106F50000503B1D190E700BF442C02002DE9F843AE
:106F600007460D46002837D0B5F1807F2ED200F0BD
:106F700049FF3B683C6907F10C092B43A1453B6085
:106F80001ED04FF0000809E036B1D30148BF48EAEF
:106F9000050801F0ADF93B68A1450FD02046026815
:106FA000646822F07F4512F0806F43F0007105EABB
:106FB0000306E9D0B542E8D0A145EFD123EA0803A2
:106FC0003B6000F027FF3868BDE8F88340F22A21D3
:106FD0000448EBF783FFCAE740F229210148EBF7A9
:106FE0007DFFC1E7442C0200FFF7B8BF8C4600B517
:106FF000864613467146624602485DF804EB02F08D
:1070000015B800BFE96F01004FF0FF31002200F119
:107010000803C0E90131C0E903330260704700BFD3
:1070200000230361704700BF30B40D686B1C10D0A3
:1070300000F108031C465B681A68AA42FAD9026884
:107040004B60013299608C606160086130BC026005
:10705000704704696368F2E7036910B4D0E901126C
:107060005C688A6051600021844208BF5A601A68D7
:107070000161013A1A6018685DF8044B704700BF5F
:1070800070B51646026C0446856B2AB90668013550
:107090004EB31046A56370BD8EB9406806F0E9F99D
:1070A0006368216CA2680B449342636028BF236825
:1070B00005F1010528BF63600020A56370BDC068AD
:1070C00006F0D7F9226CE36851429B1A2268E3600C
:1070D000934202D2A3680B44E360022E08D001352C
:1070E0000020A56370BD806801F010FBA660D1E7A9
:1070F000012D38BF0125DFE770B5054604F0A0FF7C
:1071000095F845305CB2002C14DD05F1240603E04F
:10711000631EDAB25CB26AB16B6A5BB1304601F0F1
:107120007BF80028F4D001F097F9631EDAB25CB264
:10713000002AF1D1FF2385F8453004F08FFF04F0D9
:107140007FFF95F844305CB2002C14DD05F1100689
:1071500003E0631EDAB25CB26AB12B695BB1304600
:1071600001F05AF80028F4D001F076F9631EDAB283
:107170005CB2002AF1D1FF2385F84430BDE87040AD
:1071800004F06CBF70B508B3C56B04461DB3026C48
:10719000A2FB0525FDB90E4604F052FFD4E90F30DD
:1071A000FF2100FB03F32268181A626013440244B3
:1071B000A563C4E9023284F8441084F84510D6B9B6
:1071C00023697BB904F04AFF012070BD40F23711FA
:1071D0000D48EBF783FE4FF4B6710B48EBF77EFEDC
:1071E000002070BD04F1100001F016F80028E9D06D
:1071F00004F01AFFE6E704F11000FFF705FF04F1C1
:107200002400FFF701FFDDE79C2C0200F8B5E8B190
:107210001746A1FB002304460D46BBB901FB00F055
:1072200010F1510F12D8503001F018FF064690B1FE
:10723000A5B100F1500301213046C6E90F45336086
:10724000FFF7A0FF86F84C703046F8BD40F22A21C7
:107250000348EBF743FE00263046F8BD0346EAE755
:107260009C2C0200F0B585B004460F461E460192E4
:10727000002800F08780002F70D0022E65D001F02A
:10728000EDF918B9019B002B40F08B8004F0D8FE7B
:10729000A26BE36B9A424BD3022E49D000200546E5
:1072A0000DE004F0DBFE2046FFF726FF00F0B2FD04
:1072B00004F0C6FEA36BE26B01209A4238D8019B12
:1072C000002B54D080B304F0C9FE00F09BFD04F005
:1072D000B7FE94F84430FF2B08BF84F8445094F86C
:1072E0004500FF2808BF84F8455004F0B7FE01A907
:1072F00002A801F071F800283ED104F0A1FEA26BB3
:10730000E36B9A42CDD104F0A9FE019904F110007B
:1073100000F0FCFE2046FFF7EFFE00F07BFD0028AA
:10732000C6D104F081FEC3E702A801F049F8CAE71C
:10733000324639462046FFF7A3FE636A43BB68BB6B
:1073400004F08CFE012005B0F0BDE36B012B96D05C
:107350004FF46E711648EBF7C1FD90E7236C002BDC
:107360008BD040F2B7311248EBF7B8FD85E704F057
:1073700075FE002005B0F0BD2046FFF7BDFE00F011
:1073800049FDF6E740F2B6310948EBF7A7FD72E791
:1073900004F1240000F040FF0028D1D004F044FEA6
:1073A000CEE740F2BB310248EBF798FD6EE700BF35
:1073B0009C2C020070B50546502001F04FFE04469B
:1073C00088B1002601212060C0E90F16FFF7DAFE20
:1073D000334632463146204684F84C50A66026603B
:1073E000E660FFF73FFF204670BD00BF2DE9F0418A
:1073F00004460D4690461E4600284AD0002D3FD038
:10740000022E0FD004F03AFF04F09CFFA26BE36B56
:1074100007469A420FD30024384604F09FFF2046C7
:10742000BDE8F081E36B012B39D104F027FF04F0B4
:1074300089FF0746A36B294694F8455032462046FB
:107440006DB2A36BFFF71CFE6B1C0DD1636AABB171
:1074500004F1240000F0E0FE80B1B8F1000F0DD07F
:107460000123C8F8003009E000F0C8FD854205D2CC
:107470007F2D20D001356DB284F845500124CBE733
:10748000236C002BBCD040F291410E48EBF726FD57
:10749000B6E74FF492610B48EBF720FDAEE740F200
:1074A00092410848EBF71AFD04F0E8FE04F04AFFA9
:1074B000A36B0746BFE740F21B510248EBF70EFDF6
:1074C000D8E700BF9C2C0200F0B585B004460E46FC
:1074D000019200286AD0002E5FD001F0BFF810B9E9
:1074E000019B002B68D104F0ABFDA56B002D69D189
:1074F000019B7BB302A800F063FF2F4604F0AEFDB2
:1075000000F080FC04F09CFD94F84430FF2B08BF91
:1075100084F8447094F84530FF2B08BF84F8457018
:1075200004F09CFD01A902A800F056FFB8B904F0D0
:1075300087FDA36B03B304F091FD2046FFF7DCFD4C
:1075400000F068FC04F07CFDA56B002D3AD1019B96
:10755000002BD3D104F082FD002005B0F0BD204601
:10756000FFF7CAFD00F056FC04F06AFDA36B002B88
:10757000F0D004F073FDE5E704F070FD019904F12B
:10758000240000F0C3FD2046FFF7B6FD00F042FCEA
:107590000028D7D104F048FDD4E7236C002B9CD001
:1075A00040F2E7511748EBF799FC96E740F2E351B8
:1075B0001448EBF793FC8EE740F2EC511148EBF7DF
:1075C0008DFC90E7226C5AB1E168A368114499429E
:1075D000E16028BF2168304628BFE16005F049FF1F
:1075E000013DA563236923B904F038FD012005B0EE
:1075F000F0BD04F1100000F00FFE0028F4D004F0FC
:1076000013FDF1E79C2C0200F0B585B00446019112
:10761000002800F08F80236C002B7FD101F01EF832
:1076200010B9019B002B7FD1002604F009FDA36B4C
:107630003546374673BB019B002B6CD0002D45D0DF
:1076400004F00CFD00F0DEFB04F0FAFC94F844308A
:10765000FF2B08BF84F8447094F84530FF2B08BF17
:1076600084F8457004F0FAFC01A902A800F0B4FE09
:10767000E8B904F0E5FCA36B7BB304F0EFFC204613
:10768000FFF73AFD00F0C6FB04F0DAFCA36B01251E
:10769000002BD0D02268013BA363002A62D023696B
:1076A000002B56D104F0DAFC012005B0F0BD2046D5
:1076B000FFF722FD00F0AEFB04F0C2FCA36B4BB958
:1076C00004F0CCFCE6B9002005B0F0BD02A800F043
:1076D00077FEB5E704F0C2FCD6E704F0BFFC2368F0
:1076E00073B3019904F1240000F010FD2046FFF768
:1076F00003FD00F08FFB0028C6D104F095FCC3E722
:1077000004F09EFC616A19B1236B1968C1F10A018A
:10771000A06801F047F804F0A1FCD4E74FF4D06171
:107720001248EBF7DBFB79E740F285610F48EBF796
:10773000D5FB79E740F27C610C48EBF7CFFB6AE7B9
:1077400004F07EFCA06800F099FF064604F086FC79
:10775000C7E704F1100000F05FFD0028A2D004F09C
:1077600063FC9FE701F07EF8A06098E79C2C020084
:1077700010B5044630B104F063FCA46B04F06EFC59
:10778000204610BD40F68F010448EBF7A7FB04F03C
:1077900057FCA46B04F062FC204610BD9C2C020038
:1077A000F8B505460E46F0B1CEB10024114F224681
:1077B0003B4603E0082A03F108030DD05868A842AD
:1077C0000ED00132002CF5D11968002908BF1C46E3
:1077D000082A03F10803F1D10CB1C4E90065F8BD32
:1077E00007EBC204F9E740F6BD310348EBF776FB3F
:1077F000DAE700BF983102209C2C020070B50446E5
:107800000E46154604F01CFC94F84430FF2B04BFD0
:10781000002384F8443094F84530FF2B04BF002344
:1078200084F8453004F01AFCA36B23B12046BDE870
:107830007040FFF761BC04F124002A46314600F095
:10784000B7FC2046BDE87040FFF756BC2DE9F84371
:107850000446264B2648274A274DD0F80090176843
:10786000D3F8008028680E460430FFF7F5FB631C50
:1078700017D02B6819EB04045C600BD229683846DA
:107880000431FFF7D1FB1D4B1A68A24200D91C60DE
:10789000BDE8F88329684046BDE8F8430431FFF7A6
:1078A000C3BB76B92B6809F1FF325A60B9F1000FFA
:1078B000F0D1296838460431FFF7B6FB0F4B1B683F
:1078C000E6E70F4B29685A682E688A60286829689D
:1078D0002D681C68043001341C6094680431F46025
:1078E000606091606B61BDE8F88300BF4C3202209C
:1078F000043202205032022044330220E8310220B8
:107900000C32022080B5124D124F134EDFF84C801E
:1079100014E004F095FBFB68DC68201DFFF79CFB7E
:107920003368013B33602B68013B2B6004F096FB0E
:10793000206B01F083FC204601F080FC2B68002BBB
:10794000E7D1D8F80030012BF8D904F06DFBF5E74A
:107950002032022024320220083202207C3202200F
:107960002DE9F04F594B83B01A6802F10108C3F8B2
:107970000080B8F1000F65D0554A1368984579D357
:10798000544F3B681868002800F09C800020524B40
:1079900086468346BA46514EDFF8549100930192D1
:1079A00042E05869D3E902249460626042688A42E6
:1079B000026808BF4460013AC3F814E00260986AA4
:1079C00060B1D3E90724946062604268AA42026809
:1079D00008BF4460013AC3F828E00260DA6AD9F8C7
:1079E000000002EB8204824206EB8400476888BFF5
:1079F000C9F8002056F82450D7F808C09F60C3F893
:107A00000CC00135CCF80410B9605861009B46F8F1
:107A100024501968DAF80030C96A1B688A4288BFA6
:107A20004FF0010B002B41D0DAF80030DB68DB6847
:107A30005C68191DA04503F11805B2D2019A584699
:107A400014601BE0234F3B681B68002B34D1244B90
:107A500039681A683A60234A196013680133136061
:107A60003B681B68E3B94FF0FF33194A1360136892
:107A7000984585D20020184B184E0093009B1A4958
:107A80001B68DB6A03EB83039B00F2580B68022A36
:107A900028BF0120002B18BF012003B0BDE8F08FE4
:107AA0003B680B4ADB681B68136066E75846019A1F
:107AB0004FF0FF331360E1E741F289210B48EBF708
:107AC0000DFAC4E7044B054E0093F1E7043202209F
:107AD000E831022050320220443302207C3202205E
:107AE0004C320220F0310220F4310220EC2C020052
:107AF000003202202DE9F0479700804638460D46B7
:107B00009946DDF820A001F0A9FA002800F08D8048
:107B10000646602001F0A2FA0446002800F08280A8
:107B20006022002105F0F2FB3A46A521304626638B
:107B300005F0ECFB236B043F1F4427F007077DB1E2
:107B400005F1FF3C05F10F0204F133031CF8015F5E
:107B500003F8015F0DB19445F8D1002384F8433058
:107B6000BAF1090F4DD8CAF10A06251D2846C4F8F6
:107B70002CA0C4F84CA0FFF753FA04F11800FFF74B
:107B80004FFA4B4642463846216BA6612461646237
:107B900004F0AAFA099B206003B11C6004F050FABB
:107BA0003F4A404E1368013313603368002B46D0C0
:107BB000DFF81881E36AD8F80020002A39D03A4F5C
:107BC0003A493B480A68013262640A6002689A4294
:107BD00038BF036003EB830307EB83014A689B0014
:107BE0009068A260E06045609560FA58616101327A
:107BF000FA5004F033FAD8F800305BB90120BDE840
:107C0000F08740F25C712B48EBF768F901264FF0E2
:107C1000090AAAE73268E36AD26A9A42EED204F00D
:107C200003FAEBE7304601F009FB4FF0FF30BDE807
:107C3000F0873268D26A9A4298BF3460BFE73460F6
:107C40001368012B04D0E36A174FDFF88080B7E791
:107C5000154FB84607F1C809404608F11408FFF768
:107C6000D3F9C145F8D1DFF86890DFF8688048465D
:107C7000FFF7CAF94046FFF7C7F90F48FFF7C4F905
:107C80000E48FFF7C1F90E48FFF7BEF90D4BC3F8D8
:107C900000900D4BC3F80080E36ADFF830808FE777
:107CA00008320220443302207C320220EC310220D0
:107CB00000320220EC2C0200383202202432022052
:107CC0000C320220503202204C320220FC310220C1
:107CD00068320220543202202DE9F041044660B39C
:107CE0001D4B1B68A3421DD004F0AAF91B4B1C4A74
:107CF000A66A17686569D3F8008004F0AFF9194BDC
:107D00009E4212D0BD4215D0454513D0164B9D4220
:107D10000ED0164B9D421DD0002D0CBF042001201B
:107D2000BDE8F0810020BDE8F0810120BDE8F081D0
:107D3000A36A43B10220BDE8F08140F6C5110C48AA
:107D4000EBF7CCF8CCE794F85C30012B0CBF0220A9
:107D50000320E8E70420E6E7443302204C32022007
:107D600050320220383202200C320220243202200B
:107D7000EC2C020030B500251A491B4B87B001914D
:107D8000029380222B46194802A900958DF80C50C9
:107D9000FFF7B0FE20B10128044605D0013417D00A
:107DA000134B1B6807B030BD01F01AF901280446D7
:107DB000F4D104F0C7FA4FF0FF300E490E4A0F4BD2
:107DC000086014601D60EAF797FF04F0C9F9E7E75F
:107DD00040F6A1610A48EBF781F8054B1B6807B034
:107DE00030BD00BFE431022049444C450579010013
:107DF00094340200E8310220FC31022004320220D7
:107E0000EC2C0200024A136801331360704700BF74
:107E1000E03102202DE9F04F554F83B004F010F906
:107E20003B68002B00F096803B68013B3B60D7F835
:107E30000080B8F1000F40F086804E4B1B68002B8D
:107E400000F08180DFF84CE1DEF80030002B00F01C
:107E50008C80494BDFF84091484EDFF830A1019308
:107E6000DEF80C30DB689A6AD3E90701816048606C
:107E7000506803F11804A04208BF51601168C3F8AC
:107E80002880013911605A69D3E902108860416085
:107E900051681D1DA942116808BF50600139116069
:107EA000DA6AD9F8000002EB8201824206EB810C0B
:107EB000DCF8044088BFC9F8002056F82100D4F847
:107EC00008B001309C60C3F80CB0CBF80450A5603A
:107ED000C3F814C046F82100DAF80030DB6A9A4291
:107EE00002D90122019B1A60DEF80030002BB7D1C5
:107EF000234B1A681268002A32D01A68214BD268C4
:107F000012681A60204D2C68A4B10126DDF80480A7
:107F100006E0FFF725FD08B1C8F80060013C08D075
:107F20003B68002BF5D02B68013C03F101032B606B
:107F3000F6D12C60019B1B682BB1144B01241B68EC
:107F400004F072F800E0002404F088F8204603B042
:107F5000BDE8F08F40F66B710D48EAF7BFFF63E7AD
:107F60004FF0FF32074B1A60CCE7034B0193C9E790
:107F7000E031022008320220F43102207C3202205B
:107F800050320220E8310220F8310220443302202E
:107F9000EC2C0200383202200032022010B3124BC7
:107FA00010B51A68044601321A601B68012B0BD108
:107FB00000212046FFF74AFCFFF72CFF18B9BDE867
:107FC000104004F031B810BD40F693110748EAF7AD
:107FD00085FF00212046FFF739FCFFF71BFF002833
:107FE000EDD0F0E704F020B8E0310220EC2C0200E4
:107FF000014B1868704700BF04320220014B18681B
:10800000704700BF08320220054B1B680BB9FFF711
:10801000A7BC044A0020136801331360704700BFF7
:10802000E0310220F8310220304B1B681BB10122E5
:108030002F4B1A6070472E4A2DE9F0411360EAF782
:108040006DFE2C4B2C4A1860146819682B4EA14207
:1080500005D91D683068416D091B294441651968BF
:10806000336811601B6B1A68B2F1A53F07D15A68DB
:10807000B2F1A53F03D19A68B2F1A53F30D0316883
:1080800030683431EAF738FF1D4F1E4D3C6804EB71
:1080900084039B00EB58A20053B9DFF86C80CCB18D
:1080A000013C04EB840355F82330A200002BF6D0EA
:1080B000224405EB82010D464B6808355B68AB42F4
:1080C0004B6004BFCB684B60DB6833603C60336857
:1080D000BDE8F08141F221414046EAF7FFFEDFE7CB
:1080E000DB68B3F1A53FCAD1CEE700BFE031022083
:1080F000F4310220D8310220DC3102204433022046
:10810000003202207C320220EC2C020038B50446FA
:108110000D4658B1084B204619681831FEF784FF08
:108120002846BDE838400121FFF790BB41F2A74146
:108130000248EAF7D3FEEDE744330220EC2C0200BC
:10814000F8B504460D46164630B3164B1B68EBB126
:10815000154B45F000451A68196895616268D3F8B7
:1081600000C0CA611D6819681F6823683046966898
:10817000183518310133CCF8206075609160BC620D
:1081800001212360BDE8F840FFF760BB41F2C9411F
:108190000648EAF7A3FEDBE741F2C5410348EAF7E8
:1081A0009DFED2E7E031022044330220EC2C020095
:1081B000F8B504460E46154618B3154B6268002DF7
:1081C00029461D6808BF3046D3F800E0EA611E6802
:1081D0001D68D3F800C02368976806F1180605F1FA
:1081E000180503F10103CEF8207018BF4FF0FF30DF
:1081F0007E609560CCF828402360BDE8F840FFF72A
:1082000025BB41F2E5410348EAF768FED5E700BF28
:1082100044330220EC2C0200F8B5C368DC68002C63
:1082200051D0D4E907120026A36A8A6051605968C8
:1082300004F11800814208BF5A601A68254D013ABE
:10824000E16AA6621A602B68002B30D1D4E90202E1
:108250006369826050605868261DB04208BF5A604A
:108260001A68013A1A601C4B1A688A421B4A38BFC6
:10827000196001EB810302EB83077D689B00D058F6
:10828000D5F808C00130A560C4F80CC0CCF8046073
:10829000AE606761D050124B1B68DB6A8B4204D220
:1082A0000123104A18461360F8BD0020F8BD0E4B9C
:1082B0001D685A6801351D609568E2612562686035
:1082C0009060A362E7E741F21C510848EAF706FE16
:1082D000A7E700BFE0310220003202207C320220FA
:1082E00044330220F431022038320220EC2C020008
:1082F000F8B52D4B05461B680E46002B42D0EC68A6
:1083000046F000462E60002C47D0D5E90112002728
:108310002B698A6051605968261DA94208BF5A60BE
:108320001A68D4E90201013A2F611A606369816019
:108330005A684860B2421A6808BF5960013A1B493E
:108340001A600B68E26A9A4288BF0A60184902EB19
:10835000820301EB83077D689B00C858D5F808C0ED
:108360000130A560C4F80CC0CCF80460AE60676151
:10837000C850104B1B68DB6A9A4202D901220E4B8F
:108380001A60F8BD41F26A510C48EAF7A7FDEC68A3
:1083900046F000462E60002CB7D141F275510748D7
:1083A000EAF79CFDB1E700BFE03102200032022075
:1083B0007C32022044330220F4310220EC2C0200F3
:1083C000034A044B12681B68C0E90023704700BFD2
:1083D000F031022004320220F8B504460D4640B3C5
:1083E00075B303F02DFE2B68184A581C11681BD07A
:1083F000D4E90060DFF85CC0DCF80070BE4208D051
:10840000884206D8002301242B6003F027FE204673
:10841000F8BD0F1ABB42F5D95B1ADCF800101268E0
:1084200003442B60C4E90012002403F017FE204629
:10843000F8BD41F2CC510648EAF750FD002DD0D1ED
:1084400041F2CD510248EAF749FDCAE70432022061
:10845000EC2C0200F03102200122014B1A6070471F
:10846000F431022070B50D461646002833D004467C
:1084700004F13402C5E90042E26A052B2A61226B4D
:10848000EA61626CAA60E26C6A61626DAA6128D0DE
:108490001F4A1268A24221D0032B2B7326D003F06F
:1084A000CFFD1C4BA26A9A4204BF01232B7303F039
:1084B000D5FD76B1266B3378A52B22D133461946EC
:1084C00013F8012FA52AFAD0C6F101060E44C6F30F
:1084D0008F062E8470BD0E4A1468C9E700232B73E3
:1084E000E7E72046FFF7F8FB2873E2E70A4A13683C
:1084F00001331360A36A33B102232B73FFF78AFCA5
:10850000CDE70026E5E794F85C30012BF4D0F5E7E1
:108510004433022038320220E03102204B682DE93A
:10852000F0475E6801F108094E4508BFCE680D4668
:10853000904604460027D6F80CA000E06E687068EC
:1085400021468145686008BFE8684346C66808BFA1
:10855000686001223046FFF785FFB24507F1010749
:1085600004F12404EAD13846BDE8F0872DE9F84348
:10857000304C2368013323602F4B1B688B4253D848
:108580000025904607460A242A462C4EA6F1B40937
:10859000013C04EB840359F82330501907EB8000A9
:1085A0004BB101223146FFF7B9FF054405EBC50089
:1085B000EA0007EB8000143E002CE9D1204B19683B
:1085C0000B683BB10222FFF7A9FF054405EBC5008C
:1085D00007EB80001B4B19680B683BB10222FFF7C9
:1085E0009DFF054405EBC50007EB800016490B68AD
:1085F0003BB10422FFF792FF054405EBC50007EBF2
:10860000800012490B681BB10322FFF787FF054466
:10861000B8F1000F03D0EAF781FBC8F80000FFF7BC
:10862000F9FB2846BDE8F8830025FFF7F3FB284651
:10863000BDE8F883E0310220083202203033022006
:10864000503202204C320220243202200C3202200E
:10865000014B1868704700BF44330220054B1B686C
:1086600033B1054B1868B0FA80F0400940007047FC
:1086700001207047FC310220E0310220F8B50446A9
:10868000C8B11F4DC36A2A68D26A934214D2826964
:10869000002A04DB2A68D26AC2F10A028261194EFA
:1086A000626903EB830306EB83039A420CD02B68C9
:1086B000DB6AE3620120F8BD2B68C06CDB6A98427C
:1086C0002CBF00200120F8BD271D3846FEF7C4FC52
:1086D0002B680D4ADB6A1168E3628B4288BF136026
:1086E00003EB8303980006EB8303596832588D68C7
:1086F0000132A160E5606F608F6063613250D9E73D
:10870000443302207C32022000320220E0B1F8B56E
:10871000204B04461B68834204D041F64A211E4880
:10872000EAF7DCFB236D43B1E16AE26C013B914265
:10873000236500D053B10020F8BD41F64B21164807
:10874000EAF7CCFB236DEFE700207047261D30468B
:10875000FEF782FCE36C114AC3F10A00A06101201C
:108760001168E3628B4288BF13600D4A03EB8303F9
:108770004FEA830C02EB83035D6852F80C10AF687C
:108780000144A560E7607E60AE60636142F80C1052
:10879000F8BD00BF44330220EC2C0200003202205E
:1087A0007C320220A8B1F8B5036D04460D4653B1E2
:1087B000E26CE36A954238BF1546AB4202D0226DA7
:1087C000012A07D0F8BD41F6A8211C48EAF786FB2C
:1087D000EEE770471A4A1268A24228D0A269E56201
:1087E000002AA4BFC5F10A05A561164D626903EB15
:1087F000830305EB83039A42E4D1261D3046FEF73E
:108800002BFC114AE36A11688B4288BF136003EBAB
:108810008303980005EB830359682A588F68013257
:10882000A160E7607E608E6063612A50F8BD41F60A
:10883000C3210248EAF752FBE36ACFE7EC2C0200BF
:10884000443302207C32022000320220044A1168A4
:1088500013681268DB6A8869C3F10A039361704781
:1088600044330220034B186810B1036D01330365D4
:10887000704700BF443302202DE9F8430446884680
:10888000164600283DD1224D03F0DAFB2B6804F197
:10889000160753F8273033B94FF001092B682344EA
:1088A00083F85C90C6B903F0D9FB03F0C9FB2B68D1
:1088B00053F8276036B12B68B8F1000F1DD00022A5
:1088C00043F8272000222B68234483F85C2003F020
:1088D000C5FB3046BDE8F8830E4A13684B4413606D
:1088E00003F0BCFB49463046FEF7B0FFFFF792FAB3
:1088F0000028DAD103F098FBD7E7721E43F827204F
:10890000E0E741F6E9510448EAF7E8FABBE700BFBF
:1089100044330220E0310220EC2C02002DE9F04724
:10892000089F894690461E46044600284CD1294D92
:1089300003F086FB2B68234493F85C30022B0DD0A8
:108940004FF0010A2B6803EB84039A6D22EA0902B7
:108950009A652B68234483F85CA0DFB903F07EFBA3
:1089600003F06EFB2EB12B6804F1160253F822308F
:1089700033602B68234493F85C30022B1BD0002615
:1089800000222B68234483F85C2003F067FB304609
:10899000BDE8F087104A13685344136003F05EFB90
:1089A00051463846FEF752FFFFF734FA0028D7D178
:1089B00003F03AFBD4E72B68012603EB84039A6D9E
:1089C00022EA08029A65DBE741F661610348EAF7AB
:1089D00085FAACE744330220E0310220EC2C02009F
:1089E0002DE9F041069F044690461E460D4609BB00
:1089F0003CB303F025FB27B105F1160354F82330EF
:108A00003B600223611991F85C7081F85C30FFB221
:108A1000042E63D8DFE806F006555C0351001635D6
:108A200044F82580012F12D0012403F017FB2046C3
:108A3000BDE8F08141F6E7612D48EAF74FFA002CD6
:108A4000D7D141F6E8612A48EAF748FAD1E76369E5
:108A5000D4E902128A6051605968261DB14208BFEC
:108A60005A601A682349013A1A600A68E36A934215
:108A700088BF0B60204903EB830201EB82077D680E
:108A800092008858D5F808C00130A560C4F80CC021
:108A9000CCF80460AE6067618850A26A2AB141F6E2
:108AA0002C711348EAF71AFAE36A144A1268D26A78
:108AB0009A42B9D203F0B8FAB6E7022FAFD1002438
:108AC000B3E704EB8505AB6D43EA0803AB65A9E7A3
:108AD00004EB8505AB6D0133AB65A3E7084B1B6861
:108AE000002B9FD041F61D710148EAF7F7F999E78D
:108AF000EC2C0200003202207C320220443302209F
:108B0000043202202DE9F843089F0D4690461E4688
:108B10000446002863D025BB03F0B0FB03F012FC31
:108B2000814627B105F1160354F823303B60022239
:108B3000631993F85C7083F85C20FFB2042E7AD836
:108B4000DFE806F006463C034200163544F825806F
:108B5000012F0CD00124484603F000FC2046BDE85C
:108B6000F88341F662713948EAF7B8F9D4E7A36AA5
:108B700023B141F6B4713548EAF7B0F9344AE36AF3
:108B80001268002A31D0334A516810688D6801306C
:108B9000106004F11800E161256268608860A262DB
:108BA0002D4A1268D26A9A42D4D2099B13B101238A
:108BB000099A13600122294B1A60CBE704EB850563
:108BC000AB6D0133AB65C3E7022FBED10024C2E712
:108BD00004EB8505AB6D43EA0803AB65B8E741F6E6
:108BE00061711A48EAF77AF995E76269D4E90201F6
:108BF000816048605068261DB04208BF516011680E
:108C000001391160164A11689942164938BF13603C
:108C100003EB830201EB82077D6892008858D5F848
:108C200008C00130A560C4F80CC0CCF80460AE6088
:108C300067618850B4E70C4B1B68002B88D041F665
:108C4000A9710248EAF74AF982E700BFEC2C02005A
:108C5000E03102203832022044330220F431022075
:108C6000003202207C32022004320220F8B5104C7F
:108C700003F0E6F925681DB1BDE8F84003F0EEB950
:108C80000C4E0D4F3046FEF7BFF93846FEF7BCF9E3
:108C90000A4A0B4B176010212A460A201E60FEF775
:108CA000B5FA20600028E7D00649FEF779FDE3E732
:108CB00050330220703302205C33022054330220F0
:108CC000583302203C2D02002DE9F047DFF8849054
:108CD0000546D9F800300F46DB68DC6804F104086B
:108CE0004046FEF7B9F994F828305A070ED423F01D
:108CF000010384F828302046236ABDE8F04718476E
:108D000093421BD82046236A98473546A3697A1BAD
:108D1000EE182CBF01210021B74266602461EFD21A
:108D2000AF4201D20029EDD0D9F800004146FEF74C
:108D30007BF92046236ABDE8F0471847044B4146BB
:108D40001868FEF771F92046236ABDE8F047184716
:108D500054330220583302202DE9F04F00269B4D5A
:108D60009B4FDFF878829B4C85B02B68D3F800B01E
:108D7000BBF1000F00F0E380DB68D3F800B0FFF731
:108D800041F8FFF735F93B688246984240D3834566
:108D9000386040F2E98000222068ABEB0A01FEF760
:108DA0002DFDFFF737F8002800F0DB80CDE90066E5
:108DB000CDE90266002269462068FEF785FB00289F
:108DC000D3D0009B0298002BC0F2B180DDF808A040
:108DD000DAF814301BB10AF10400FEF73DF9FFF791
:108DE00007F93B688346984226D3009BC7F800B03A
:108DF000013B082BDED8DFE803F029298A7291298C
:108E0000298A7200DB684FF0FF311868FFF75CFFBA
:108E10002B681A68002AF5D1D8F80020C7F800A0FE
:108E20002A60C8F80030FEF7F5FFBFE7DB684FF0B7
:108E3000FF311868FFF748FF2B681A68002AF5D140
:108E4000D8F80020C8F800302A60CEE79AF8281039
:108E5000019ADAF8180041F001038AF82830131853
:108E60002CBF4FF0010C4FF0000C5B45CAF80430EA
:108E7000CAF810A07FD8ABEB0202904200F29480B7
:108E80004A0712D421F001018AF828105046DAF876
:108E9000203098478EE7884200F291805046DAF8F9
:108EA000203098474B46DAF8180010EB03092CBF26
:108EB0004FF0010C4FF0000CCB45ABEB0301CAF8AF
:108EC0000490CAF810A0E6D29B4502D2BCF1000F74
:108ED000E4D028680AF10401FEF7A6F8D6E79AF86C
:108EE0002820019B42F001028AF82820CAF8183095
:108EF000002B47D05B449B45CAF80430CAF810A049
:108F000052D228680AF10401FEF78EF852E79AF867
:108F1000283023F001038AF828304BE79AF82830EC
:108F20009A0748D523F001038AF8283042E7019BCD
:108F300003999847009B002BFFF63CAF46E7FEF7EE
:108F400061FFFFF755F83B68824683423FF660AF0A
:108F5000D8F80030C7F800A01A68B2FA82F25209B5
:108F60001AE703F061F821E7FEF754FF514658462F
:108F7000FFF7AAFE1AE75A45C3D9BCF1000F3FF428
:108F80007FAFBEE74FF482611348E9F7A7FFDAF835
:108F90001830CAF810A003EB0B025A45CAF8042097
:108FA000AFD8002B3FF406AFD8F800000AF1040157
:108FB000FEF73AF8FEE6504600F040F9FAE6D8F837
:108FC00000000AF10401FEF72FF85FE75833022092
:108FD0004833022050330220442D02005433022033
:108FE00010B582B0FFF742FE0B4B1B685BB1092442
:108FF0000A48002301904FF48072094909480094FF
:10900000FEF778FD28B908484FF4A371E9F766FF29
:10901000002002B010BD00BF503302204C330220AC
:10902000982D0200598D0100442D02009C46F0B598
:1090300007460E4615466FF00104074B85B069469A
:10904000624618680023CDE9017603950094FEF787
:10905000CDF905B0F0BD00BF503302202DE9F04F2F
:10906000431E0A3383B000F2818010F0070300F141
:10907000080B40F08B80DFF8C091FEF7C3FED9F8F3
:1090800000205B46002A00F0A180BBF1000F74DBDA
:10909000DFF8A0A1DAF800305B456ED35E4B5F4E7F
:1090A0001D68B54202D35E4B9D4203D9F5215D4850
:1090B000E9F714FF6B68584A5B4513D2DFF8648107
:1090C000574F0CE0B44201D3BC4203D9FB214046C8
:1090D000E9F704FF63682A465B45254602D22C68FF
:1090E000002CEFD1D9F80030AB4246D014680834D8
:1090F000B44202D34A4B9C4206D940F2051149487A
:109100000192E9F7EBFE019A2B6813606B685B45EF
:1091100052D3A3EB0B01102908D905EB0B067007FE
:109120006ED15B4671601168316016603E49DAF8B5
:1091300000200868D21A824238BF0A600021CAF8AB
:1091400000203A4A43F000436B6013682960013302
:109150001360FEF75FFE630704D040F257113148F9
:10916000E9F7BCFE204603B0BDE8F08FDFF8C890F9
:10917000FEF748FED9F800303BB30024FEF74AFE64
:10918000E9F7C2FE204603B0BDE8F08FA3F1090263
:109190005A45EBD3DFF8A0901030A0EB030BFEF79D
:1091A00031FED9F800205B4682B1002BE5DBBBF134
:1091B000000F7FF46DAFE0E740F20D111948019206
:1091C000E9F78CFE6B68019AA3E79B46134E0020DB
:1091D00074071CBF073626F007063146144A0E4CAA
:1091E00022F00702961BC4E90010C9F80020C2E96A
:1091F0000000C1E900260C4A16600E4A1660D4E74A
:109200004FF48B7107480192E9F768FE6968019A8B
:10921000A1EB0B0185E700BF98330220A0330220A9
:109220009F330420A02D02008C33022088330220BB
:10923000983304209033022094330220002864D015
:10924000F8B53E4EA0F10805B542044602D33C4BAA
:109250009D4204D94FF4B5713A48E9F73FFE54F8FE
:10926000043C002B0FDA54F8082CCAB14FF4B67145
:109270003448E9F733FE54F8043C002B02DA54F882
:10928000082C6AB1F8BD40F26B112E48E9F726FEB2
:1092900054F8083C002BE9D154F8043C002BF1DAD7
:1092A00023F0004344F8043CFEF7ACFD2648274F6A
:1092B0000346396854F8042C114439601F461B6872
:1092C0009D42FBD887420CD0B74202D31C498F4243
:1092D00007D94FF4FD711B48E9F700FE54F8042C40
:1092E0003B6879687818854210D0A9188B421DD048
:1092F00044F8083CAF4218BF3D60154A136801337B
:109300001360BDE8F840FEF785BD70470A44B91800
:109310008B427A60F1D10F49096899420BD03D46E2
:10932000D3E900010A44C5E90002E3E709490968F5
:109330009942F5D1DCE73B60DFE700BFA0330220B4
:109340009F330420A02D0200983302209033022086
:109350008433022094330220014B1868704700BF09
:1093600090330220014B1868704700BF8C330220F5
:1093700010B582B0B9B101280CD80B7853B1144C98
:10938000012B235402D0012002B010BD00F016FBC7
:109390000028F8D14FF0E023D3F8F03DDB0700D5EB
:1093A00000BE0020F0E70B4B01201B8801A9ADF89F
:1093B000043000F003FB38B94FF0E023D3F8F03D60
:1093C000DA07E1D500BEDFE70122014B5A70DBE787
:1093D000A033042098340200012803D8034A135C08
:1093E000012B00D0704701F0C5BB00BFA0330420A3
:1093F000F8B5037813F001041AD1037805465A072B
:10940000C3F3800701D52046F8BD0E464FF0FF316B
:109410003046FEF7F9F82B7813F001040BD12B78C6
:109420005B0709D42B78012443F004032B7003E07D
:1094300000242046F8BD3C46002330461A46194613
:10944000FDF710FF2046F8BD70B50C4605464FF0FD
:10945000FF312046FEF7D8F82B78C3F380065B0770
:1094600008D52B7813F0010311BF00262A7863F387
:1094700082022A70002320461A461946FDF7F2FEA2
:10948000304670BDC378828803F003000228C2F31F
:109490000A021FD0032803D001280AD000207047F9
:1094A000022914BF40234FF48063934209D3012063
:1094B0007047022940F2FF3308BF4FF480639342A4
:1094C000F6D24FF0E023D3F8F03DDB07E6D500BE3F
:1094D00000207047022902D0402AE8D9F1E7B2F50E
:1094E000007FE4D0EDE700BF0A44914205D3704706
:1094F00091F800C061448A4220D991F801C0BCF1C2
:10950000050FF5D100B591F802C00CF07F0E00EB0D
:109510004E0E4FEADC1C0EF80C3091F800C061448E
:109520008A4209D991F801C0BCF1050FEBD091F83E
:1095300000C061448A42F5D85DF804FB704700BF63
:109540002DE9F047BDF8204085881E1BB6B2A34226
:109550003CBF06EB4506B6B207468846DEB1B542CB
:1095600031D3964228BF1646A54203D8641BA4B245
:10957000A542FBD9B7F806902B1B39689BB2C9F3FB
:109580000E029E42914602FB041107D8404606FB9C
:1095900002F203F06EFF3046BDE8F08713FB02F3E2
:1095A0001FFA83FA5246404603F063FF731BE2182A
:1095B00012FB09F2396808EB0A0092B203F059FF76
:1095C0003046BDE8F0879D4294BF5B1B5B199CB29F
:1095D0002E464481C5E700BF2DE9F041B2F5004FAA
:1095E0009DF8188029D80446C06816460F461D46C7
:1095F00018B14FF0FF31FEF707F8206918B14FF0AE
:10960000FF31FEF701F80023C5F30E05E06845EAD7
:10961000C83563812760A680E580238118B11A468A
:109620001946FDF71FFE206920B100231A4619468E
:10963000FDF718FE0120BDE8F0810020BDE8F081B3
:10964000038942899BB292B28088934236BFC2EBB3
:1096500040029B1A9B189BB2984228BF184670473D
:10966000038942899BB2808892B2934236BFC2EB93
:1096700040029B1A9B189BB2984286BFC01A80B2C8
:109680000020704770B5044600690D46164682B04A
:1096900018B14FF0FF31FDF7B7FF238960892946E4
:1096A00080B2324600909BB22046FFF749FF6289A4
:1096B000A18892B283189BB29A4205464FEA4102B2
:1096C0000DD8B3EB410F0ADA2069638120B1002382
:1096D0001A461946FDF7C6FD284602B070BD9B1A12
:1096E0009BB2F1E770B5044600690D46164682B09C
:1096F00018B14FF0FF31FDF787FF238960893246AB
:1097000080B20090294620469BB2FFF719FF2269DC
:1097100004462AB10023104619461A46FDF7A2FD59
:10972000204602B070BD00BF2DE9F04F164683B051
:10973000002A4CD00546C068884618B14FF0FF316A
:10974000FDF762FFEA792F896989D209AB88BFB238
:1097500089B240D18F4236BFC1EB4301791AC91992
:1097600089B2994241D2591A89B28E4228BF0E4617
:10977000B5F806A007EB0609A6EB030BCAF30E0A21
:109780001FFA89F91FFA8BFB9F423C4603D3E41A68
:10979000A4B29C42FBD21B1B28689BB2B3420AFBBB
:1097A00004004ED341460AFB06F203F062FEAA888B
:1097B0004F454FEA420302D8B9EB420F03DBA9EB56
:1097C00003031FFA83F9E868A5F8089088B93046C2
:1097D00003B0BDE8F08FB5F806A09E42CAF30E0AAA
:1097E00010D3002B42D11E4600E00026E868002876
:1097F000EDD000231A461946FDF734FD304603B07C
:10980000BDE8F08F8F4236BFC1EB43027A1AD219FE
:1098100092B258003244A6EB030B82421FFA8BFB34
:109820000ADB01EB03091FFA89F9A9EB0607BFB2AE
:10983000B94218D9381A87B206EB07091FFA89F915
:10984000A2E713FB0AF35C4414FB0AF49AB2414604
:10985000019203F00EFE019A286808EB0201A2B201
:1098600003F007FEA3E7B8428EDCE3E7F61A01EB4C
:1098700003090AFB06880F461E464FF0000B1FFA2D
:1098800089F981E710B50446C06818B14FF0FF317F
:10989000FDF7BAFE206918B14FF0FF31FDF7B4FEB5
:1098A0000023E0686381238118B11A461946FDF749
:1098B000D9FC206920B100231A461946FDF7D2FCD5
:1098C000012010BD038982889BB2194489B28B4262
:1098D0004FEA420302D8B1EB420F01DBC91A89B249
:1098E00001817047438982889BB2194489B28B42B7
:1098F0004FEA420302D8B1EB420F01DBC91A89B229
:109900004181704700207047F8B5164E337883B117
:10991000154F3B68F3B10546002402E03B6803EBBA
:109920004413DB682846984701343378E4B2A342F5
:10993000F4D80E4C34220021204603F0E7FC4FF00F
:10994000FF33C4E90233C4E9063363606361236112
:109950002362F8BD4FF0E023D3F8F03DDB07F8D5E4
:1099600000BEF8BD6C340420703404207834042028
:10997000704700BF704700BF00207047002070474D
:10998000704700BF704700BF704700BF704700BFFF
:109990000120704708B5034B187800F0DDFF012067
:1099A00008BD00BF8407002008B5034B187800F0FD
:1099B000C9FF012008BD00BF840700202DE9F8433E
:1099C0002E4F3B78FF2B02D00120BDE8F8830D46D7
:1099D00000293ED04FF000083422002106462848D6
:1099E00003F094FC274B012083F80080FDF7E2FC94
:1099F000254B186068B3254C424661882088FDF7E6
:109A000005FCA1680446FDF7CBFE214B1C6004B3A6
:109A1000204B23B12048EAF7F7F8204B1860DFF815
:109A2000788098F80030EBB1DFF870900024D9F816
:109A300000305BB90DE09847013498F80030E4B28B
:109A4000A3420FD9D9F8003003EB44135B68002B15
:109A5000F1D14FF0E023D3F8F03DDB0700D500BE95
:109A60000020B2E7294630463E7000F0D5FE0028BF
:109A7000EFD0304600F01AFFA6E700BF84070020B1
:109A80007834042074340420A433042078070020A0
:109A9000A8330420093C00006C34042070340420F6
:109AA0002DE9F04FDFF8CC828BB098F80030FF2B17
:109AB00020D0AB4CAB4DDFF8B8B2AB4E0190019A61
:109AC000206807A9FDF700FDA0B19DF81D30013BFE
:109AD000072B00F25583DFE803F0B5ACA49A933B63
:109AE0001004089B0BB1099898472068FDF740FEC9
:109AF0000028E4D10BB0BDE8F08F9DF8201001F0F4
:109B00007F0005EB400202EBD11292F8243023F0E3
:109B1000010382F8243092F8243023F0040382F801
:109B20002430002800F09880127D9BF8003093428A
:109B300040F29A808D4B1B6813EB421300F0948027
:109B40009F699DF82120099B9DF81C00B847CCE730
:109B50003378002B00F088803378013BDBB2337020
:109B6000337803F0FF00002BBFD17E4F9DF81C20FF
:109B70003B78029243F001033B7097F8243060F386
:109B8000000387F8243097F8243060F3820387F8C5
:109B9000243097F8253060F3000387F8253097F8D4
:109BA000253060F3820387F8253000F00DFD9DF825
:109BB000203003F06000602866D0402800F0F48177
:109BC00003F01F0ABAF1010F70D0BAF1020F56D09C
:109BD000BAF1000F58D1202800F0CE80002853D1D0
:109BE0009DF82130092B4FD8DFE813F0AD019F011C
:109BF0004E00BE014E00920168014E005D01E20080
:109C00002B78D8077FF571AFFFF7C0FE6DE72B7893
:109C1000DF077FF56AAF2878C0F3C000FFF7B4FE16
:109C200063E7EB78D9077FF560AF0898FFF7A2FEEE
:109C30005BE79DF81C00FFF767FE00F0BBFCFFF739
:109C4000A1FE52E79DF81C00FFF75EFE00F0B2FC9B
:109C50009DF82030AB7048E7099B9DF821209DF8C6
:109C60001C0000F0C5FC40E74FF0E023D3F8F03DC6
:109C7000DB077FF53FAF00BE0BB0BDE8F08F9DF86E
:109C8000241011F0780F41D04FF0E023D3F8F03DCD
:109C9000DA0700D500BE9DF81C00002100F076FE1A
:109CA00080219DF81C0000F071FE1EE79DF8243015
:109CB0000F2BF0D82E4A3B441B7912789A42EAD9EE
:109CC0002A4A176817EB4317E5D0786900F07CFC47
:109CD00051467B69029808AA984700287FF405AF8F
:109CE0009DF8203013F0600FD5D19DF821300A3B4C
:109CF000012BD0D800F068FC9DF8213002980A2B87
:109D000008A900F0D08100F009FCEEE601F07F0A1E
:109D100007EB4A02164B02EBD11292F814C01B78E3
:109D20004FEA4A0A63454FEAD11240F249810F4B8C
:109D30001B6803EB4C19002800F04681B9F1000FB5
:109D4000A9D0D9F8140000F03FFC01210298D9F8FD
:109D5000143008AA984700287FF4C7AE9BE700BFDD
:109D6000A833042078340420743404207034042090
:109D70006C340420840700209DF824300F2B8AD8EF
:109D8000B84A3B441B7912789A4284D9B64A17687C
:109D900017EB43173FF47FAF786900F015FC012102
:109DA00002987B6908AA984700287FF49EAE72E764
:109DB0007B789DF822A09A4500F04E817B78002B9D
:109DC00040F0568187F801A0BAF1000F00F04281FF
:109DD0000AF1FF30C0B2E9F7A3F80346002851D0DA
:109DE0004278022A4ED1C1793878C1F3401212016B
:109DF000C1F3801120F0300042EA411202433A7070
:109E00005A8803F1090A9A180392039B534540F2BA
:109E100040819AF801300B2B02BF9AF800309AF873
:109E200003109A449AF8013018BF0121042B29D15C
:109E30008C4B039A1B78A2EB0A0292B204920BB3EA
:109E4000894B1B68F3B10A464FF000095146924610
:109E500003E0854B1B6803EB4913049A1B690298C6
:109E60000591984708280246059909F1010C03D984
:109E7000049B834280F05B817A4B5FFA8CF91B78FC
:109E80004B45E6D84FF0E023D3F8F03DDB0700D593
:109E900000BE4FF0E023D3F8F03DD80700D500BE58
:109EA00000237B70F7E67B7802988DF81A300DF16D
:109EB0001A02012308A900F04BFB16E6BDF82200A8
:109EC000030A013B020AC0B20E2B3FF6E4AE01A129
:109ED00051F823F0B9A00100859F01001FA10100E6
:109EE000979C0100979C010001A10100859F010042
:109EF000979C0100979C0100979C0100979C010092
:109F0000979C0100979C0100979C010099A001007B
:109F100008A800F05FFB02989DF8221000F0CCFC2E
:109F20003B7843F002033B70DFE5BDF82230012BA4
:109F30007FF4B1AE3B78029823F0080308A93B7088
:109F400000F0ECFAD1E53B7802989A0802F00202A0
:109F5000C3F340131343ADF81A300DF11A02022374
:109F600008A900F0F5FAC0E5BDF82230012B7FF416
:109F700092AE3B78029843F0080308A93B7000F0CA
:109F8000CDFAB2E5022A00F0E680FFF7F7FC0246C0
:109F900000283FF480AE0298538808A900F0D8FA50
:109FA00000287FF4A2AD76E6304800F00DFB0121D9
:109FB000029808AAFFF7A6FC00287FF496AD6AE68F
:109FC00000287FF468AE81469DF821C00CF0FD00AA
:109FD00001280CD0BCF1000F7FF456AE07EB0A034A
:109FE000134493F824300298C3F34003B3E7BDF859
:109FF0002230B3B9BCF1010F98F800006BD0039286
:10A0000000F0C4FC039ABA44524492F8241041F080
:10A01000020182F8241092F8241041F0010182F824
:10A020002410B9F1000F3FF460ADD9F8140000F02E
:10A03000CBFA0121D9F8143008AA029898470020D9
:10A0400000F0C2FA97F82530D9073FF54EAD0298D7
:10A0500008A958E6FFF796FC029808A900F05EFAF6
:10A0600043E500BF6C3404207034042005990100DE
:10A07000DDF808900021484600F078FC484600F0E2
:10A0800027FDBB7848460393FFF73EFC039BBB705C
:10A0900098E6FFF775FCDFE7FFF76EFC0246002845
:10A0A0007FF479AFF7E500230DF11A028DF81A302D
:10A0B000012300F04DFA18E5E8F72EFF02460028CC
:10A0C0003FF4E2AD1223029808A900F041FA0028FB
:10A0D0007FF40BADDFE5CDE9032300F075FC039AB7
:10A0E000BA44524492F82410049B63F3410182F86D
:10A0F000241092F8241063F3000182F8241090E7F2
:10A10000E8F712FF024600283FF4C5AD0298137825
:10A1100008A900F01DFA00287FF4E7ACBBE5BDF804
:10A120002410E8F705FF02460028EFD1B3E55346B7
:10A130008A46BBB18878C318DBB203E0834281F85A
:10A1400004900FD0391891F804C00130BCF1FF0F12
:10A15000C0B2F3D096E6E8F7E3FE024600287FF4AB
:10A160001AAF91E54B4651460A480492FFF7BCF9F5
:10A17000094B049A1B7892444B453FF646AE81E664
:10A180004FF0E023D3F8F03DDA077FF5AEAC00BE28
:10A19000ABE400BF8C3404206C3404202DE9F04182
:10A1A000044640780E46023884B0042815D8DFE80B
:10A1B00010F005004F00C200CC0045000021744B98
:10A1C0001A7822F001021A701A7822F002021A702C
:10A1D00059701A7861F382021A706E4B18688EB942
:10A1E00033464FF0FF322146FDF73CF8003818BFE8
:10A1F0000120C8B1324661782078FFF7B9FB04B07E
:10A20000BDE8F0810023214601AA0193FDF7EEF895
:10A21000019B2BB14FF0E0234FF08052C3F8042D87
:10A22000003818BF0120E4E74FF0E023D3F8F03DF9
:10A23000DB07E4D500BE04B0BDE8F081564A1378D0
:10A240000133DBB21370534B1868002EDAD1C7E725
:10A25000524F3B788BB10025DFF84481D8F80000DD
:10A2600010EB451004D0C36913B16168207898479A
:10A270003A780135EBB29A42F0D8454D2B78580721
:10A280002DD52A78002322F004022A700522217895
:10A29000ADF80E308DF804103E49CDF80630086850
:10A2A000CDF80A308DF80520002E5FD06A4601A94E
:10A2B0000093FDF79BF8009B2BB14FF0E0234FF08C
:10A2C0008052C3F8042D003818BF0120002857D150
:10A2D0004FF0E023D3F8F03DD90700D500BEEB786E
:10A2E000DA078CD503220023207861688DF80520D9
:10A2F000284A8DF80400CDF80630CDF80A301068F1
:10A30000ADF80E30029156B36A4601A90093FDF7ED
:10A310006DF8009B2BB14FF0E0234FF08052C3F853
:10A32000042D002880D032469DF805109DF80400C9
:10A33000FFF71EFB63E7164B1A78D7077FF55FAF71
:10A340001A7842F004021A7047E7114B1A78D507C1
:10A350007FF555AF1A7822F004021A703DE73346B4
:10A360004FF0FF3201A9FCF77DFFDAE733464FF0EB
:10A37000FF3201A9FCF776FF003818BF0120A5E7DE
:10A3800032469DF805109DF80400FFF7F1FAA6E7A4
:10A3900078340420A8330420743404206C3404205E
:10A3A0007034042038B50E4B1D788B7813F0780F7D
:10A3B00008D04FF0E023D3F8F03DDB0700D500BE16
:10A3C000002038BD074B0C4608469978FFF75AF82D
:10A3D0000028EED021462846BDE8384000F018BBE2
:10A3E00084070020783404200B46064A064811688A
:10A3F000DA09243203F07F0302EB43031844FEF72B
:10A40000F7BF00BFA4330420783404200B46064A6B
:10A4100006481168DA09243203F07F0302EB430394
:10A420001844FFF711B800BFA43304207834042087
:10A4300010B5194C01F07F0E04EB4E0404EBD1145F
:10A4400094F824C015481CF0010F04F12004007892
:10A4500008D04FF0E023D3F8F03DDA0700D500BE76
:10A46000002010BD94F804C04CF0010C84F804C026
:10A4700000F062FB0028F4D14FF0E021227960F374
:10A4800000022271227960F382022271D1F8F03D3C
:10A49000DB07E5D5E3E700BF78340420840700201C
:10A4A0001B4910B5B1F80CC0CA8991F900E0ACEBBA
:10A4B00002039BB2402B28BF4023BEF1000F04468D
:10A4C00082B00ADB94454FF000011FD0114A2046AC
:10A4D00002B0BDE81040FFF7ABBF94450ED01A465E
:10A4E00089680C48019302F0C4FF80212046094A84
:10A4F000019B02B0BDE81040FFF79ABF8021002207
:10A50000204602B0BDE81040FFF792BF0A46DEE7E2
:10A51000EC340420AC340420704700BF30B50B4C41
:10A520008C46A6460546086849680023AEE8030045
:10A530009CF800102846C943C4E90233BDE8304006
:10A540001A4601F08001FFF773BF00BFEC3404200E
:10A5500070B5174C0025A6468C4606460868496823
:10A56000E581AEE80300A260BCF80650AB4228BF0C
:10A570002B46A3813DB103B18AB13046FFF790FF6E
:10A5800068B1012070BD9CF800102B46C9432A46D3
:10A59000304601F08001FFF74BFF0028F1D14FF06A
:10A5A000E023D3F8F03DDB0700D500BE002070BDEE
:10A5B000EC3404200022034BC3E90022C3E9022249
:10A5C0001A617047EC340420014B1861704700BFDA
:10A5D000EC34042030B40246044C002523460068C5
:10A5E0005168C4E9025530BC03C37047EC34042001
:10A5F00070B52B4CC90922780646B1EBD21F1D4617
:10A6000014D043B14FF0E023D3F8F03DDB0700D581
:10A6100000BE002070BD2146FFF77EFF2369002B9E
:10A6200032D022460321304698472DE094F900307D
:10A63000A068002B05DB0028EBD02A46194902F060
:10A6400018FFA268E3892A442B44A260E2889BB2E7
:10A650009A42E38106D03F2D04D93046FFF720FF10
:10A6600090B9CFE7236923B1022130460C4A9847BD
:10A6700060B121780023C94330461A4601F08001B9
:10A68000FFF7D6FE0028BDD0012070BD0146304640
:10A6900000F07CF98021304600F078F9F4E700BF43
:10A6A000EC340420AC34042070B504460E4621F08E
:10A6B000030011461546FFF76BF900230121C4E999
:10A6C0000133E361C4E90333C4E9053363682160FE
:10A6D00043F0800363606368A58365F31E43636092
:10A6E000637943F08003637186B12046084A35449C
:10A6F00004F1180140F8086F50F8043B134003F5CB
:10A7000080539D4202D988420360F5D170BD00BFDD
:10A7100000F0FFFFF0B5294B0C460646480002EB5F
:10A720004101203103EB41114D6885B06F0604D41F
:10A730004D682D0731D5012700E002270121204D6A
:10A7400004EB021C01FA0CF1C5F8B411811801F1F7
:10A75000200003EB401003EB41154068B5F81C5492
:10A76000C0F30E4003EB81132D1A186BADB200B38A
:10A77000012A294618D0FFF7A5F80723012101A8CF
:10A780008DF804608DF8084003958DF809708DF8F8
:10A790000530FFF703FD05B0F0BD4968C1F3401770
:10A7A0008906D3D50127C9E7FFF79CF844F0800458
:10A7B000E3E744EAC212D4B2DFE700BF0038042066
:10A7C00000B0104070B504460D46114805EB440337
:10A7D00000EB8313DE6805F12002D2B202EB4402E3
:10A7E00026F0400600EB4212DE604FF4C0619A6032
:10A7F000FFF7CEF824B9074AD2F8AC31DB07FBD417
:10A800000123044A04EB0514A340C2F8B03170BD23
:10A810000038042000B0104038B5224C4FF4C0621C
:10A820000021214802F072FDD4F8243103F01F0307
:10A83000082B2DD8D4F8403143F00203C4F840313E
:10A84000D4F840319B07FBD40922D4F8A831164D27
:10A8500023F0030343F00203C4F8A8314FF4C061AE
:10A86000C4F8A4212846FFF793F840F2071301200B
:10A87000C4F85851D4F84421C4F84421C4F84831EC
:10A88000D4F8403123F47F030343C4F8403138BD8A
:10A890004FF0E023D3F8F03DDA0700D500BE0020EA
:10A8A00038BD00BF00B01040003804200822014B22
:10A8B0009A60704700E100E070B50C460021084640
:10A8C000FFF766F8002301261C4A4FF4C061C2E975
:10A8D0000033C2E90233C2E90433A2F22440936197
:10A8E000D0F82424036742F08002C0F82424D0F872
:10A8F000242400F5846563F31E42C0F82424C26C4E
:10A90000C0F8206463F3861290F82534C26443F0E3
:10A91000800380F825348564FFF73AF8084AD2F8B6
:10A92000AC31DB07FBD44FF48033640644F0807411
:10A93000C2F8B031C2F8544170BD00BF243C0420BD
:10A9400000B01040034AD2F8403143F00103C2F88E
:10A950004031704700B01040034AD2F8403123F034
:10A960000103C2F84031704700B01040064AD2F8E7
:10A97000483121B143F08003C2F84831704723F0D9
:10A980008003C2F84831704700B010400D4B01F011
:10A990007F0203EB820301F07F00C909D3F8C021D5
:10A9A0000AD042F48032C3F8C02110300123054A96
:10A9B0008340C2F8B431704742F00102C3F8C021AD
:10A9C000F4E700BF00B01040104B01F07F0203EB32
:10A9D0008203C909D3F8C0010BD06FF4803240F470
:10A9E0008000C3F8C001D3F8C0110A40C3F8C021E9
:10A9F00070476FF0010240F04000C3F8C001D3F887
:10AA0000C0110A40C3F8C021704700BF00B0104019
:10AA1000F8B52D4B8D78D3F8243105F07F0603F07F
:10AA20001F03B34208D84FF0E023D3F8F03DDB0713
:10AA300000D500BE0020F8BD0C46244FED0905EB03
:10AA400046004022002107EB801002F05FFC05EB7E
:10AA5000460107EB8111A3884A88C3F30A0322F455
:10AA60001F5243F4005322F03F0213434B80E3781C
:10AA7000700003F00303012B03D1CA7863F387123C
:10AA8000CA70431907EB831701234FF4C0610F48C5
:10AA9000BB60FEF77DFFE3780B4903F003039B00E7
:10AAA00001EB8601D1F8C02143F0C00335B96FF343
:10AAB0000F021343C1F8C0310120F8BD92B242EA3F
:10AAC0000343C1F8C031F7E700B01040003804205C
:10AAD0002DE9F041164CD4F8243113F01E0F24D088
:10AAE00003F01F0E01234FF008159C46114E06EB94
:10AAF000C312D16802F1480041F04001D160D16C2D
:10AB000003F110020CFA03F80CFA02F203F17007D9
:10AB100042EA0802013341F040014160C4F8B42127
:10AB2000DAB2724544F82750E1D3BDE8F08100BFA6
:10AB300000B010400038042070B50C46E6090C4DFA
:10AB400004F07F0406F1200000EB4400114605EB01
:10AB500040101A46FFF7A8FD002306EB44022046EA
:10AB600005EB821531462B63FFF72CFE012070BDEB
:10AB7000003804202DE9F041804B84B0D3F84821FF
:10AB8000D3F844411440C3F84441002C00F08B80BA
:10AB9000610706466DD5D3F84421520640F1DC80AA
:10ABA0004022C3F84421D3F8842112F0010200F0BE
:10ABB000E380D3F88451D3F82411C5F3816511F0F3
:10ABC0001E0F01F01F0009D04FF0081702F17001AD
:10ABD000013243F82170D1B28842F7D8674BD3F8DD
:10ABE0007821C3F878210022C3F87C21D3F84421CE
:10ABF000C3F84421D3F8AC21C3F8AC21D3F8BC216D
:10AC0000C3F8BC21D3F8B021002AFBD14FF0FF31AB
:10AC10005A4AC3F8B411D2F8B4110029FBD1584BE9
:10AC20004FF4C062184602F071FB034601275548F5
:10AC3000B3F842204FF4C061024042F40152A3F83D
:10AC400042205A889F64024042F401525A805A7846
:10AC5000184642F080029F605A70FEF799FE39460E
:10AC600001A88DF804608DF805708DF80850FFF785
:10AC700095FAE70513D5414BD3F8842115060ED577
:10AC8000D3F8543113F0F05F09D0042301210DEB08
:10AC900003008DF804608DF80530FFF77FFAE007B8
:10ACA00014D4230602D404B0BDE8F0810323334A50
:10ACB0000121D2F84C2101A88DF8046002928DF890
:10ACC0000530FFF76BFA04B0BDE8F0814FF4C061C6
:10ACD0002B48FEF75DFE294BD3F8BC71C3F8BC715D
:10ACE0000FB3002508E005F1100327FA03F3DA0794
:10ACF00013D40135082D16D027FA05F3D9075FFACA
:10AD000085F8F0D5002241463046FFF703FD05F1F6
:10AD1000100327FA03F3DA07EBD501224146304648
:10AD2000FFF7F8FCE5E7154BD3F8AC21002AB8D0C3
:10AD30000622D3F8AC11C3F8AC11134B8DF80460A4
:10AD400093E8030004AB03E90300012101A88DF897
:10AD50000520FFF723FAA4E7D3F884311B0688D433
:10AD60000523012101A88DF804608DF80530FFF757
:10AD700015FAE70593D57EE70223F2E700B010400D
:10AD80000038042000D8FFFF2838042082680AB168
:10AD9000C368184710B504F091FA00BF2DE9F04FD1
:10ADA000027CA5B040F8221004460068010FC0F3F1
:10ADB00003634AB9022933D90639012901D901327D
:10ADC000227425B0BDE8F08F012ACDB221D0022A2D
:10ADD00070D0032AF3D1052900F049810C29EED95E
:10ADE0000F2900F004820D2900F0A081D4F8CC31A5
:10ADF00053B10425D4F8D0311E941AAA1EA904F523
:10AE0000E2708DF8685098470023237425B0BDE8A0
:10AE1000F08F033D012D1BD908390229CFD8F3E764
:10AE200000295DD1E369002BCBD0FF22D4F8D411E7
:10AE3000C0F30353000C8DF87A30ADF87C002091FC
:10AE4000236A1EA904F11400ADF878209847B8E7EA
:10AE5000032900F0D1800429D6D1E26A002AD3D098
:10AE6000C0F3074505F0F002B02AD4F8D46105F02C
:10AE70000F07C0F3072C00F02E8700F23381602A01
:10AE800000F04587C0B200F24284102A00F0B1877A
:10AE900040F2AF87402A00F0958700F2908705F0D6
:10AEA000E005202D00F08E87D4F8CC31002BABD0FC
:10AEB00002259FE70B3D012D81D80022D4F8CC312B
:10AEC0002274002B3FF47DAF0325D4F8D0311E94BB
:10AED0001AAA1EA904F5E2708DF86850984770E729
:10AEE00001291FD0E26B002A4FD0C0F30742D4F8EB
:10AEF000D4118DF8783022F00F038DF8793002F0FC
:10AF00000F02C0F3062300F07F008DF87B308DF830
:10AF10007C002091236C8DF87A201EA904F1340066
:10AF200098474EE7E26C002A3FF44BAFC0F307426C
:10AF3000F22AD4F8D451266D13D002F0FD07F12F78
:10AF40008DF878308DF8791001D1C0F30620ADF876
:10AF50007C008DF87A2020951EA904F14400B047AA
:10AF60002FE78DF87830C30103F47E53C0F3062039
:10AF700018438DF87910ADF87C0020958DF87A2073
:10AF80001EA904F14400B0471BE7E26A002A3FF41F
:10AF900018AFC0F3074101F0F002B02AC0F3062554
:10AFA000C6B2D4F8D47101F00F0100F07F0000F0B8
:10AFB000138640F26583D02A00F06486E02A00F010
:10AFC0003886C02A40F065838DF878300023FF264C
:10AFD00021938DF8883002238DF87A208DF87B102C
:10AFE000226B209523971EA904F124008DF87C6024
:10AFF0008DF879309047E4E6E16D00293FF404AF25
:10B00000C0F303410629D4F8D461C0F3035700F21A
:10B010006383002900F03283C0F3062501298DF8EF
:10B0200068500FD000F07F0002298DF8690000F011
:10B03000258365680329C5F306628DF86A2040F010
:10B04000F486032203258DF8842000228DF87830C1
:10B050001AAB20938DF87C70236E22961EA904F102
:10B060005400ADF87A208DF879509847CCE6C0F3BB
:10B07000075212F00C02C0F3035140F0A582C0F356
:10B0800003450D2DD4F8D461C0F3072700F2E58401
:10B090006DB1012D8DF8680000F0DC846268022D2E
:10B0A0004FEA12608DF8690040F0D086022200203D
:10B0B0008DF8842005228DF878301AAB2093E36D4B
:10B0C0008DF87A708DF87C1022968DF87B008DF8C3
:10B0D0007920002B00F07C87236E1EA904F1540018
:10B0E000984791E6E02A00F0518600F28F84C02A4A
:10B0F00000F02686D02A7FF4D7AE8DF87830002372
:10B1000004218DF87A20FF2221938DF8883063681E
:10B110008DF87C208DF87910226B23968DF87B704A
:10B120001EA904F12400209390476DE64FF0000C17
:10B13000C0F3034E63F3070C10F47F4FD4F8D4210F
:10B140005FFA80F9C0F30721C0F38157C0F30156BD
:10B150006EF30F2C00F00283481E012800F2A0823B
:10B16000CDE9102EA04600209E4604F10C0A1825B9
:10B1700058F8043F23FA05F212F0FF0206D000F15E
:10B18000900BEB4401300BF8282CC0B2083D15F1B0
:10B19000080FEFD1D045EAD102297346109ADDF8A5
:10B1A00044E000F07A86D4F8BC50002D00F078829C
:10B1B0008DF860000D208DF87A0001208DF8783030
:10B1C0001AABCDE9204219938DF87C00D4F8C05019
:10B1D0008DF879E08DF87B908DF87D708DF87E602C
:10B1E00018AB19AA1EA904F1B400A8470CE6C0F3D5
:10B1F0000942060E212A3FF6F9AD01A353F822F0C9
:10B20000DDB301007BB3010015B3010089B2010079
:10B2100089B201008FB501005DB50100EDAD0100FF
:10B22000EDAD0100EDAD0100EDAD0100EDAD0100B2
:10B23000EDAD0100EDAD0100EDAD0100EDAD0100A2
:10B2400039B50100ABB4010031B40100EDAD01002E
:10B25000EDAD0100EDAD0100EDAD0100EDAD010082
:10B26000EDAD0100EDAD0100EDAD0100EDAD010072
:10B27000EDAD0100EDAD0100EDAD0100EDAD010062
:10B280001DB4010009B4010010F47F41D4F8D43199
:10B2900006F0030603D0010A8DF868100121C5B23B
:10B2A00035B101F190056D44013105F8280CC9B2A2
:10B2B0002746984604F10C0C182557F8043F23FA4A
:10B2C00005F010F0FF0006D001F1900EEE440131C0
:10B2D0000EF8280CC9B2083D15F1080FEFD1BC4596
:10B2E000EAD1032A00F00886D4F83C21002A3FF472
:10B2F0008BADB3481AAA1E9020928DF88410D4F812
:10B3000040218DF87C60CDF888801EA904F59A70E4
:10B31000904779E5D4F81C31002B3FF475ADD4E9A2
:10B320000232616812BAC1F306408DF86800C1F3B9
:10B33000062001F07F018DF869008DF86A10C3F3D3
:10B340000660C3F3062102F07F328DF860008DF8AD
:10B350006410C3F306401EA903F07F03D4F8205104
:10B360008DF861008DF865301E92009119AB18AA16
:10B370001AA904F58A70A84746E5D4F80C31002BC9
:10B380003FF442AD6368020A8DF85A20C3F34022AD
:10B390001D0EC3F300218DF85C008DF860201EA8FF
:10B3A000C3F3400203F0010303908DF864108DF89D
:10B3B00068201AA919AA8DF8783018AB8DF85E505C
:10B3C00004F58270D4F81051CDE90121009317AA39
:10B3D0000DF15E030DF15A01A84715E5D4F8EC30E4
:10B3E000002B3FF411AD2379020A8DF864208DF80B
:10B3F00068008DF87830D4F8F0501EAB1AAA19A95D
:10B4000004F1E400A847FFE4D4F89C31002B3FF49A
:10B41000FBAC04F5CA70FFF7B9FCF5E4D4F88C3145
:10B42000002B3FF4F1AC04F5C270FFF7AFFCEBE486
:10B4300010F0FF0118BF0121A446D4F8D43118BF81
:10B440008DF8680004F10C0E18255CF8047F27FACB
:10B4500005F212F0FF0206D001F19008E844013134
:10B4600008F8282CC9B2083D15F1080FEFD1E645C0
:10B47000EAD1D4F87C21002A3FF4C6AC2293514B88
:10B480001AAA06F00306C0F306208DF88410209255
:10B490008DF86400D4F880518DF87C6019AA1EA93B
:10B4A00004F5BA701E93A847AEE4D4F86C31002BB3
:10B4B0003FF4AAAC6368C0F30621C0F3C0328DF834
:10B4C00057108DF8582000F00301C0F3C0128DF81A
:10B4D00059108DF85A20C0F38011C3F30462C0F3F1
:10B4E00081008DF85C108DF85E20C3F30441C3F336
:10B4F00006228DF860108DF864201EA91AAA8DF816
:10B5000068008DF8783019A818ABCDE90521CDE990
:10B5100003300DF15E0117AA0DF15A03D4F87051F2
:10B5200004F5B270CDE90121009316AA0DF159037B
:10B530000DF15701A84767E4D4F8FC30002B3FF425
:10B5400063AC020A8DF868208DF87800D4F80031D9
:10B550001EAA1AA904F1F400984755E4D4F85C3106
:10B56000002B3FF451AC020AC0F3400300F001008D
:10B570008DF864208DF868308DF87800D4F860512B
:10B580001EAB1AAA19A904F5AA70A8473CE4D4F87E
:10B590004C31002B3FF438AC020AC0F3400300F0FA
:10B5A00001008DF864208DF868308DF87800D4F8AB
:10B5B00050511EAB1AAA19A904F5A270A84723E49A
:10B5C000FF0F0004FF0F0012082900F07C820929F8
:10B5D0007FF40CACD4E9011200273E463D464FEA09
:10B5E000102E6EF307074FEA112E6EF307064FEA8F
:10B5F000122E6EF30705B4F80CE060F30F279EFAE5
:10B600009EFEADF884E04FEA116E61F30F266EF3F3
:10B610001747090CD4F80CC061F31F67110E62F3D1
:10B620000F2561F31746120C62F31F664FEA1C6286
:10B6300062F317454FEA1C4CD4F8BC216CF31F652C
:10B640001E971F962095002A3FF4DEAB0E261EAAF9
:10B65000C0F303408DF85E3019ABD4F8C0518DF8BB
:10B6600060001A92009318AA1AAB0DF15E0104F55E
:10B67000DA708DF86460A847FFF7C6BB0A46E1E4BC
:10B68000902A00F08182A02A00F05582802A00F0E2
:10B690007B82D4F8CC31002B3FF493AB012514E42A
:10B6A000D4F8DC30002B3FF4AFABCDE920420D22C3
:10B6B0008DF87C10D4F8E030ADF878C08DF87B9030
:10B6C0008DF87D708DF87E601EA904F1D4008DF890
:10B6D0007A209847FFF798BB6568C0F306228DF87B
:10B6E0006820C5F306628DF86A20C5F3064200F0B3
:10B6F0007F008DF86B20C5F306228DF869008DF868
:10B700006C2005F07F0506228DF86D509AE4902A92
:10B7100005D0A02A00F0FB82802A7FF4C5AB8DF80B
:10B720007830002304258DF887308DF888306368E1
:10B730008DF87A20ADF884301B0C8DF88600226BD2
:10B740008DF87B708DF87CC023961EA904F124002F
:10B750008DF8795020939047FFF756BB67F30701A8
:10B7600066F30F21B9F1060F00F21981DFE819F035
:10B770003401F000B7001701170194000700D4F856
:10B78000AC30002B00F0CF83002040F20D656368E1
:10B79000CDE920421A0F8DF84E20C3F303628DF8D5
:10B7A0004F201A0C8DF85020C3F30332ADF87D10F2
:10B7B0008DF87C008DF85120C3F30320C3F30311EF
:10B7C0001AAA03F00F030F928DF852008DF8531050
:10B7D00019A818A98DF854300DF15E0217ABCDE908
:10B7E0000D10CDE90B32D4E902231F0F8DF85970EB
:10B7F000170F8DF85570C2F303678DF85670C2F3BA
:10B800000357C2F303428DF85820C3F303628DF847
:10B810005A201A0C8DF85C20C3F303328DF85E2099
:10B82000C3F303220DF15A018DF86020C3F3031214
:10B8300003F00F03ADF87A500DF157008DF8642036
:10B840008DF86830ADF878C08DF857700A910DF119
:10B850005601CDE9061016AD0DF1550215AB0DF1EF
:10B8600053000DF152010DF15906CDE90432CDE935
:10B870000210CDE908560DF1510214ABD4F8B050C6
:10B880001EA9CDE9003204F1A4000DF14F030DF122
:10B890004E02A847FFF7B8BAD4F89C30002B00F04E
:10B8A00061836368ADF87D10190E40F20D508DF87C
:10B8B000641000211B0CCDE920428DF868308DF812
:10B8C0007C10ADF87A00D4F8A050ADF878C01AAB6F
:10B8D00019AA1EA904F19400A847FFF795BAD4F855
:10B8E0008C30002B00F06A83002540F20D2663683F
:10B8F0001AA8CDE92042ADF87D101A0E19A9CDE99C
:10B9000002108DF85A201A0C8DF85C201A0A8DF856
:10B910005E208DF8603018AA0DF15E038DF87C5022
:10B92000D4F89050CDE90032A068ADF87A60060EE8
:10B93000000C8DF86800ADF878C017AB0DF15A0215
:10B940001EA98DF8646004F18400A847FFF75CBA73
:10B95000E36F002B00F0288340F20D10002663688F
:10B96000ADF87D10190ECDE920428DF860101AAAAD
:10B97000190C1B0AD4F880508DF864108DF86830CB
:10B980000092ADF87A00ADF878C019AB18AA1EA9DC
:10B9900004F174008DF87C60A847FFF735BAD4F83D
:10B9A000DC30002B3FF430AA0025CDE920420D22E7
:10B9B000D4F8E030ADF878C08DF87B908DF87D70CC
:10B9C0008DF87E601EA904F1D4008DF87A208DF8E0
:10B9D0007C509847FFF718BAE36E002B00F0DB822B
:10B9E00065680D201A950025CDE92042ADF87D103F
:10B9F000ADF87A00236FADF878C01AAA1EA98DF8A9
:10BA00007C5004F164009847FFF7FEB9F02A7FF4F8
:10BA10004BAA04258DF878300023C0F3400100F0D4
:10BA200001008DF87A208DF887108DF88800226B40
:10BA30008DF87B7023968DF87CC01EA904F124003C
:10BA40002093ADF884308DF886308DF8795090478A
:10BA5000FFF7DAB92A46FFF72ABB62688DF868005B
:10BA6000150EA0688DF86C208DF86950150C120A1F
:10BA70008DF86B20020E8DF86D20020C8DF86E2073
:10BA8000020A8DF86F200D228DF86A50092A8DF870
:10BA900070003FF40CABE0680A2A4FEA10658DF89D
:10BAA00071503FF404AB050C0B2A8DF872503FF433
:10BAB000FEAA050A0D2A8DF8735040F01A828DF8FF
:10BAC0007400FFF7F4BAD4F8AC21002A3FF49CA923
:10BAD000D4E90112ADF85A00C0F303408DF8583094
:10BAE0008DF85900E368080CADF85C00100CADF857
:10BAF0006000180C1AADADF8680019A8CDE903056F
:10BB0000ADF85E101EA90591ADF8642018A90DF1DD
:10BB10005E02ADF8783017ABD4F8B05104F5D270AE
:10BB2000CDE9012100930DF159020DF15A0316A937
:10BB3000A847FFF769B9002800F0D18140284FEAF3
:10BB4000406C07D906F03F06F2041EB14CEA020C25
:10BB50009209FBD1226B8DF878308DF87C50002350
:10BB6000A02504F1240002248DF87B10CDF880C0BC
:10BB700023971EA98DF87A508DF8794021938DF87E
:10BB800088309047FFF71DB9002800F0AA814028AF
:10BB90004FEA402C07D906F03F06F0001EB14CEAF0
:10BBA000000C4CEA901C8DF878308DF87A20002338
:10BBB000226B04F1240002248DF87B108DF87C5058
:10BBC000CDF880C023971EA921938DF888308DF879
:10BBD00079409047FFF7F5B8002800F086814028AB
:10BBE0004FEA406C07D906F03F06F2041EB14CEA5A
:10BBF000020C9209FBD18DF878300023FF26226BCE
:10BC000004F12400ADF8863002248DF88830B0238A
:10BC10008DF87B10CDF880C0ADF8845023971EA915
:10BC20008DF879408DF87C608DF87A309047FFF779
:10BC3000C8B815EBC01500F05681B5F5005F4FEAA6
:10BC4000854205DDC54800EA4510024342EA50320C
:10BC50000225FF268DF878308DF87B100023E02137
:10BC600020928DF87A10226B239704F124008DF82E
:10BC70007C608DF8795021938DF888301EA990470B
:10BC8000FFF79FB8002800F0328140284FEA406556
:10BC900006D906F03F06F20416B115439209FCD10D
:10BCA00002264FF0FF0C8DF878308DF87B100023C2
:10BCB000D021226B8DF87A102095239704F124006F
:10BCC0008DF87CC08DF8796021938DF888301EA99D
:10BCD0009047FFF776B8FF208DF8783000238DF875
:10BCE0007A20226B8DF87910ADF884C08DF87B70C6
:10BCF00023961EA98DF87C00ADF886308DF888302B
:10BD0000636804F1240020939047FFF77DB88DF815
:10BD100078300023042521938DF8883063688DF8EE
:10BD20007A208DF87B70226B8DF87CC023961EA93B
:10BD300004F124008DF8795020939047FFF764B800
:10BD400000F0010004218DF887000020FF258DF808
:10BD5000783063688DF888008DF87910180E03F03C
:10BD60007F01C3F306238DF87A202090ADF884106C
:10BD7000226B8DF87B7023968DF87C508DF8863081
:10BD80001EA904F124009047FFF73EB8FF208DF86C
:10BD90007830002365688DF879108DF87A208DF859
:10BDA0007C00226B23968DF87B701EA92095219331
:10BDB0008DF8883004F124009047FFF725B8502A09
:10BDC0007FF472A8FF258DF87830ADF88400002349
:10BDD00004208DF87A208DF87B70226B8DF886C058
:10BDE00023961EA98DF87C508DF879008DF8873048
:10BDF00084E78DF8783000230425ADF886308DF87F
:10BE0000883063688DF87A20ADF88400226B8DF855
:10BE10007B708DF87CC023961EA904F124008DF858
:10BE2000795020939047FEF7EFBFC5F306420429EF
:10BE30008DF86B203FF422ACC5F3062206298DF85D
:10BE40006C20CAB23FF45DACFFF7FCB8100C032DB8
:10BE50008DF86A003FF4FEAD100A042D8DF86B00DA
:10BE60003FF4F8AD052D8DF86C203FF4F3ADA068DC
:10BE7000062D4FEA106CEAB28DF86DC03FF417A999
:10BE8000050C072A8DF86E503FF411A9050A082AFF
:10BE90008DF86F503FF40BA9F8E5D4F8CC30002BA7
:10BEA0003FF4FEAB8DF860000D201AABCDE92042C7
:10BEB0008DF87C1019938DF87A00D4F8D050ADF835
:10BEC00078C08DF87B908DF87D708DF87E6018AB12
:10BED00019AA1EA904F1C400A847FEF795BF84461D
:10BEE00038E684465FE62A46B2E6844683E60025C5
:10BEF000D6E60C22FFF7DBB8D4F82C21002A3EF45A
:10BF000083AF17481AAA1E9020928DF88410D4F897
:10BF100030218DF87C60CDF888801EA904F59270E0
:10BF20009047FEF771BFD4F8DC1000293EF46CAFE7
:10BF3000CDE9204240F20D628DF87C30ADF878C03A
:10BF4000D4F8E0308DF87D708DF87E601EA904F184
:10BF5000D400ADF87A209847FEF756BFE0FF030003
:10BF6000FF0F0003D4F8DC0000283EF44DAF40F290
:10BF70000D55ADF878C08DF87C30ADF87D10CDE969
:10BF80002042D4F8E0301EA904F1D400ADF87A5074
:10BF90009847FEF739BFD4F8DC0000283EF434AFF0
:10BFA0000D25ADF878C0E6E7D4F8DC0000283EF4B3
:10BFB0002BAF40F20D15ADF878C0DCE7D4F8DC000B
:10BFC00000283EF421AF40F20D25ADF878C0D2E74D
:10BFD00003F074F9002200B5094B83B001921B688D
:10BFE000013304D040F22D310648E6F777FF00F028
:10BFF000A9F9019B002BFCD003B05DF804FB00BF46
:10C0000088070020102E020010B44FF0E023042413
:10C010000020072203491C6198615DF8044B5961B7
:10C020001A617047EF4902004FF0E0234FF0805251
:10C03000C3F8042DBFF34F8FBFF36F8F704700BF5E
:10C0400008B500F07FF9044A136801331360BFF3A9
:10C050004F8FBFF36F8F08BD8807002010B5094CC4
:10C0600023682BB12368013B2360206830B110BDE9
:10C070004FF478710448E6F731FFF3E7BDE810406C
:10C0800000F06CB988070020102E020010B500F0F7
:10C0900059F90446FBF7B8FF28B14FF0E0234FF001
:10C0A0008052C3F8042D2046BDE8104000F056B978
:10C0B000836913F8023C662B04D040F27A410948A8
:10C0C000E6F70CBF4FF0E023D3F8882D42F470025E
:10C0D000C3F8882DD3F8342F42F04042C3F8342FF0
:10C0E00000F0FEB8102E02002DE9F04F4FF0113E87
:10C0F0004FF0807440E909E34FF0073340F8044CF7
:10C10000164C40F8343C40E903424FF005334FF001
:10C1100006324FF0123B40E90F324FF0033A4FF036
:10C1200002394FF001384FF010374FF009364FF019
:10C1300008354FF004346FF0020340E905AB40E9E5
:10C14000078940E90B6740F8305C40F8404C40F804
:10C15000443C40F8481DBDE8F08F00BFD5BF01004A
:10C160004FF0E02230B5D2F8084D3E4BE26A85B080
:10C170009A4204D040F26C613B48E6F7AFFE3B4B7D
:10C18000A26B9A4204D040F26D613748E6F7A6FEF2
:10C190004FF0E02300204FF07F410290C3F81C1DB8
:10C1A000D3F81C3D324A1B0E8DF807309DF807303E
:10C1B00003F020031370002B4ED09DF807309A0631
:10C1C00009D443E0029B013302939DF807305B00E2
:10C1D000DBB28DF807309DF807301B06F2D4029BC6
:10C1E000082B31D0029AC2F10702120202F4E06277
:10C1F0004FF0E02300241F491F4D0A60D3F8202D83
:10C2000042F47F02C3F8202DD3F8202D42F07F4264
:10C21000C3F8202DC3F81C4DFFF7F6FE2C6000F08C
:10C220007FF8FBF701FF03942B68013304D040F241
:10C230002D310D48E6F752FE00F084F8039B002BE9
:10C24000FCD0002005B030BD0022D1E740F28F6164
:10C250000548E6F743FEBEE740F28B610248E6F789
:10C260003DFEAAE7E1C30100102E020071C30100E8
:10C27000043E0420003E04208807002008B5EFF3A8
:10C2800005830F2B05D90F490F4A5B5C12789A4240
:10C2900011D84FF0E0230D4AD3F80C3D126803F497
:10C2A000E063934200D808BD40F2E971BDE8084060
:10C2B0000748E6F713BE40F2D9710548E6F70EFECF
:10C2C000E7E700BFF0E300E0043E0420003E042066
:10C2D000102E0200FFFFFFFFFFFFFFFFFFFFFFFF2A
:10C2E0000B4A1168086806C881F30B88022181F3A4
:10C2F0001488203080F30988BFF36F8F4FF000005F
:10C3000080F31188104700BFAFF30080AFF30080C7
:10C3100044330220FFFFFFFFFFFFFFFFFFFFFFFF90
:10C3200007480068006880F3088862B661B6BFF30A
:10C330004F8FBFF36F8F66DF00BF00BFAFF300808A
:10C3400008ED00E0EFF311804FF0200181F3118838
:10C35000BFF34F8FBFF36F8F704700BF80F311881B
:10C36000BFF34F8FBFF36F8F704700BFFFFFFFFF1B
:10C37000EFF309801EF0100F08BF20ED108AEFF3D5
:10C380000B82734620E9FC0F114A116808604FF0D8
:10C39000200080F31188BFF34F8FBFF36F8FFBF73F
:10C3A00043FE4FF0000080F31188094A11680868C5
:10C3B000B0E8FC0F13F0100F08BFB0EC108A82F346
:10C3C0000B8880F309881847AFF30080AFF3008033
:10C3D00044330220FFFFFFFFFFFFFFFFFFFFFFFFD0
:10C3E0001EF0040F0CBFEFF30880EFF3098004493F
:10C3F000084700BFAFF30080AFF30080AFF30080C9
:10C40000B1C0010081F0004102E000BF83F00043B1
:10C4100030B54FEA41044FEA430594EA050F08BFDF
:10C4200090EA020F1FBF54EA000C55EA020C7FEAA3
:10C43000645C7FEA655C00F0E2804FEA5454D4EB20
:10C440005555B8BF6D420CDD2C4480EA020281EAEA
:10C45000030382EA000083EA010180EA020281EA22
:10C460000303362D88BF30BD11F0004F4FEA013174
:10C470004FF4801C4CEA113102D0404261EB410183
:10C4800013F0004F4FEA03334CEA133302D0524209
:10C4900063EB430394EA050F00F0A780A4F10104C5
:10C4A000D5F1200E0DDB02FA0EFC22FA05F28018FF
:10C4B00041F1000103FA0EF2801843FA05F35941E5
:10C4C0000EE0A5F120050EF1200E012A03FA0EFC64
:10C4D00028BF4CF0020C43FA05F3C01851EBE3718E
:10C4E00001F0004507D54FF0000EDCF1000C7EEBAB
:10C4F00000006EEB0101B1F5801F1BD3B1F5001FE9
:10C500000CD349085FEA30004FEA3C0C04F1010407
:10C510004FEA445212F5800F80F09A80BCF1004F30
:10C5200008BF5FEA500C50F1000041EB045141EAB2
:10C53000050130BD5FEA4C0C404141EB0101013C7B
:10C5400028BFB1F5801FE9D291F0000F04BF01466A
:10C550000020B1FA81F308BF2033A3F10B03B3F13C
:10C5600020020CDA0C3208DD02F1140CC2F10C02CC
:10C5700001FA0CF021FA02F10CE002F11402D8BF2A
:10C58000C2F1200C01FA02F120FA0CFCDCBF41EAF6
:10C590000C019040E41AA2BF01EB0451294330BDC5
:10C5A0006FEA04041F3C1CDA0C340EDC04F11404A2
:10C5B000C4F1200220FA04F001FA02F340EA030079
:10C5C00021FA04F345EA030130BDC4F10C04C4F1BF
:10C5D000200220FA02F001FA04F340EA030029469F
:10C5E00030BD21FA04F0294630BD94F0000F83F4E9
:10C5F000801306BF81F480110134013D4EE77FEACC
:10C60000645C18BF7FEA655C29D094EA050F08BF17
:10C6100090EA020F05D054EA000C04BF19461046F8
:10C6200030BD91EA030F1EBF0021002030BD5FEA3C
:10C63000545C05D14000494128BF41F0004130BD64
:10C6400014F580043CBF01F5801130BD01F00045B8
:10C6500045F0FE4141F470014FF0000030BD7FEA2B
:10C66000645C1ABF194610467FEA655C1CBF0B4626
:10C67000024650EA013406BF52EA033591EA030F3D
:10C6800041F4002130BD00BF90F0000F04BF002135
:10C69000704730B54FF4806404F132044FF0000568
:10C6A0004FF0000150E700BF90F0000F04BF0021E1
:10C6B000704730B54FF4806404F1320410F0004547
:10C6C00048BF40424FF000013EE700BF42004FEA42
:10C6D000E2014FEA31014FEA02701FBF12F07F43BF
:10C6E00093F07F4F81F06051704732F07F4208BF76
:10C6F000704793F07F4F04BF41F40021704730B57D
:10C700004FF4607401F0004521F000411CE700BFC8
:10C7100050EA010208BF704730B54FF000050AE04B
:10C7200050EA010208BF704730B511F0004502D54C
:10C73000404261EB41014FF4806404F132045FEA4E
:10C74000915C3FF4D8AE4FF003025FEADC0C18BFF7
:10C7500003325FEADC0C18BF033202EBDC02C2F1E9
:10C76000200300FA03FC20FA02F001FA03FE40EA7B
:10C770000E0021FA02F11444BDE600BF4A0011D2B6
:10C7800012F5001211D20DD56FF47873B3EB62522B
:10C790000ED44FEAC12343F0004343EA505323FA37
:10C7A00002F070474FF00000704750EA013002D1AC
:10C7B0004FF0FF3070474FF00000704753B94AB94F
:10C7C000002908BF00281CBF4FF0FF314FF0FF3099
:10C7D00000F0ACB9ADF1080C6DE904CE00F026F81C
:10C7E000DDF804E0DDE9022304B07047D0B5FFF7BF
:10C7F0006DFF00220B4B06460F4602F09BFDFFF734
:10C80000BDFF0446FFF740FF0022074B02F092FDF8
:10C8100002460B4630463946FFF7F8FDFFF7AEFFFC
:10C820002146D0BD0000F03D0000F0412DE9F04F61
:10C83000099D0E4604460F46002B47D18A42944676
:10C84000B2FA82F35AD943B102FA03FCC3F12002CF
:10C850009F409C4020FA02F217434FEA1C461FFA01
:10C860008CFE220CB7FBF6F106FB117701FB0EF0F4
:10C8700042EA0742904208D91CEB020201F1FF375D
:10C8800002D2904200F23C813946121AA4B2B2FBA5
:10C89000F6F006FB102200FB0EFE44EA0244A64519
:10C8A00008D91CEB040400F1FF3202D2A64500F2C5
:10C8B0002A81104640EA0140A4EB0E0400211DB17C
:10C8C000DC400023C5E90043BDE8F08F8B4205D969
:10C8D0000DB1C5E9000100210846F5E7B3FA83F17F
:10C8E00000294FD1B342C0F00281824240F2FF8062
:10C8F0000846002DE8D0C5E90047E5E7002B40F0E9
:10C90000AF808A1A4FEA1C4E1FFA8CF70121B2FB46
:10C91000FEF60EFB1620220C42EA004207FB06F050
:10C9200090420FD91CEB020206F1FF382CBF4FF0EA
:10C9300001094FF00009904203D9B9F1000F00F04E
:10C94000DC804646121AA4B2B2FBFEF00EFB1022A7
:10C9500000FB07F744EA0244A7420FD91CEB04048A
:10C9600000F1FF322CBF4FF0010E4FF0000EA74236
:10C9700003D9BEF1000F00F0C9801046E41B40EA65
:10C9800006409CE7C1F120048B4006FA01FC00FA46
:10C9900001FE22FA04F7E6408A401F4320FA04F31E
:10C9A0004FEA174843EA0C031FFA87FC4FEA134982
:10C9B000B6FBF8F008FB106649EA064600FB0CF9E6
:10C9C000B1450ED9BE1900F1FF3A2CBF4FF0010B53
:10C9D0004FF0000BB14503D9BBF1000F00F0A2806E
:10C9E0005046A6EB09061FFA83F9B6FBF8F308FBDD
:10C9F000136603FB0CFC49EA0646B4450ED9BE1982
:10CA000003F1FF382CBF4FF001094FF00009B44586
:10CA100003D9B9F1000F00F08280434643EA004099
:10CA2000A6EB0C06A0FB028C66454346E14602D30A
:10CA300007D1C64505D2B8EB02036CEB070C0138F1
:10CA4000E1465DB1BEEB030266EB090606FA04F4AB
:10CA500022FA01F3CE401C43C5E90046002133E72A
:10CA600002FA03FCC3F1200299409C40D6404FEAF1
:10CA70001C4E20FA02F21FFA8CF7B6FBFEF00A43B6
:10CA80000EFB1066110C41EA064100FB07F68E42D0
:10CA90000ED91CEB010100F1FF382CBF4FF001094A
:10CAA0004FF000098E4202D9B9F1000F34D0404650
:10CAB000891B92B2B1FBFEF60EFB161142EA01424F
:10CAC00006FB07F191420ED91CEB020206F1FF387A
:10CAD0002CBF4FF001094FF00009914202D9B9F182
:10CAE000000F16D04646521A46EA00410FE7841A54
:10CAF00066EB030201201746FBE6023E624421E793
:10CB000002396244C1E664440238D3E66444023820
:10CB100034E7023E6244E6E702386144C8E7023B7C
:10CB20003E447BE702383E445BE700BF704700BFEE
:10CB30000A22002100F0BEBA024B0146186800F03C
:10CB400025B800BF9807002070B50F4E0C4605466B
:10CB5000316811B900F02EFC30602146284600F003
:10CB600029FC431C03D14FF0FF34204670BDC41C88
:10CB700024F00304A042F8D0211A284600F01AFC41
:10CB80000130F2D1EFE700BF083E04202DE9F84361
:10CB9000CD1C064625F0030508350C2D38BF0C25A5
:10CBA000002D01DBA94204D90C2333600020BDE82D
:10CBB000F883DFF8D48000F053F9D8F800301C4631
:10CBC00044BB29463046FFF7BFFF431C044658D1FB
:10CBD000D8F800402746002F43D1002C4BD02368C3
:10CBE0003946304604EB030900F0E4FB814542D1AD
:10CBF000216830466D1A2946FFF7A6FF01303AD06A
:10CC000023682B442360D8F800305A6862BBC8F808
:10CC100000700FE02268521B20D40B2A17D961192B
:10CC2000A342256018BF5960636808BFC8F80010A8
:10CC300062514B60304600F019F904F10B00231DDE
:10CC400020F00700C21A1CBF1B1AA350AFE762688E
:10CC5000A3420CBFC8F800205A60EBE72346646883
:10CC6000AEE73C467F68B6E71A465B68A342FBD155
:10CC700000235360DEE70C233046336000F0F6F803
:10CC800094E70560D6E700BF0C3E04202DE9F7438A
:10CC90001D46574B04460E461F68904627B13B6A17
:10CCA00013B9384600F074F9B8F1020F06D0B8F1A4
:10CCB000010F00F29980002DC0F29680636ED907B3
:10CCC00005D4A3899A0502D4A06D00F0AEFB2146DD
:10CCD000384601F0DBF8616B41B104F1440399423D
:10CCE00002D0384600F0DAFB002363630023A3611F
:10CCF0006360A3891B0603D52169384600F0CEFB8B
:10CD0000A389B8F1020F23F44A6323F00303A3813C
:10CD100060D001AB6A462146384600F0F3F9A3899A
:10CD20001843A0812DBB009D2846FFF705FF06464E
:10CD3000002851D1DDF80090A9453FD14FF0FF35D3
:10CD4000B4F90C3043F00202A2810022A26004F187
:10CD500047022260226101226261626ED60704D41A
:10CD6000980502D4A06D00F061FB284603B0BDE831
:10CD7000F083002ED8D03B6A13B9384600F008F98A
:10CD8000B8F1010F266002BFA38943F00103A3811C
:10CD9000B4F90C3013F00802C4E904651ED0D907B9
:10CDA00045BF00226D42A560A26048BFA561626ECA
:10CDB000D20701D49B0513D50025D6E74846FFF7D7
:10CDC000BBFE06460028B9D0A3894D4643F0800338
:10CDD000A381D0E70025B3E7A946F5E7A260E6E71F
:10CDE000A06D00F023FBE7E74FF0FF35BDE700BF84
:10CDF000980700200CB4194B30B50C1E9DB01D686F
:10CE000008DA8B234FF0FF302B601DB0BDE83040B7
:10CE100002B070474FF402730290069002A9ADF879
:10CE200014304FF00003209A28461B9314BF04F1DE
:10CE3000FF332346049307934FF6FF73ADF8163084
:10CE400021AB019300F0D0FB431CBCBF8B232B60B4
:10CE5000002CDAD0029B00221A70D6E79807002037
:10CE6000014800F0E2BA00BF4C3F0420014800F046
:10CE7000DDBA00BF4C3F0420002310B50446836098
:10CE8000818119464366C28108228361C0E900336B
:10CE9000C0E904335C3000F039FA0D4B2462636260
:10CEA0000C4BA3620C4BE3620C4B23630C4B9C4278
:10CEB00006D003F16802944202D0D0339C4205D1DF
:10CEC00004F15800BDE8104000F0AEBA10BD00BF3C
:10CED000DDDE0100FFDE010037DF01005BDF010066
:10CEE000103E0420024A0349034800F0EDB800BF99
:10CEF0008C0700208DDE01009C07002041680C4B50
:10CF0000994210B5044601D000F0C0FFA168094B5A
:10CF1000994202D0204600F0B9FFE168064B9942E1
:10CF200004D02046BDE8104000F0B0BF10BD00BFE7
:10CF3000103E0420783E0420E03E042010B50B4B48
:10CF400004210B4C0B4A20461A600022FFF794FF85
:10CF500004F1680001220921FFF78EFF04F1D000DF
:10CF600002221221BDE81040FFF786BF483F04208F
:10CF7000103E0420E5CE0100014800F056BA00BF83
:10CF80004D3F0420014800F051BA00BF4D3F04203E
:10CF900010B50446FFF7F0FF236A1BB1BDE810404F
:10CFA000FFF7F0BF044B2362044B1B68002BF5D145
:10CFB000FFF7C4FFF2E700BFFDCE0100483F0420A9
:10CFC000242B2DE9F0478646904601D8012B06D147
:10CFD00000F000FA162303600020BDE8F0870D463C
:10CFE00033482A4615F8014B065D16F00806F8D1BD
:10CFF0002D2C10D12C780126951C33F0100215D160
:10D00000302C0DD12A7802F0DF02582A08D16C7832
:10D01000023510230AE02B2C04BF2C78951CECE77A
:10D02000002BF6D1302C14BF0A23082306F1004C44
:10D0300000220CF1FF3C1046BCFBF3F903FB19CABC
:10D04000A4F13007092F0FD83C46A3421BDD571C23
:10D0500007D0814514D301D1A24511DB00FB034069
:10D06000012215F8014BEBE7A4F14107192F01D874
:10D07000373CEAE7A4F16107192F04D8573CE4E7ED
:10D080004FF0FF32EDE7531C08D122236046CEF863
:10D090000030B8F1000FA0D0691E06E006B1404292
:10D0A000B8F1000F99D0002AF6D1C8F8001094E723
:10D0B0009B34020013460A46014602480068FFF707
:10D0C0007FBF00BF980700202DE9F8430746884638
:10D0D00014460026D4E90195B9F1010905D5246863
:10D0E000002CF7D13046BDE8F883AB89012B07D976
:10D0F000B5F90E30013303D029463846C047064300
:10D100006835E9E770B50C46B1F90E1096B01546D2
:10D1100000291E460CDAA389002113F0800F14BFEA
:10D1200040234FF48063002031602B6016B070BD47
:10D130006A4600F07DF90028EDDB019901F47041A9
:10D14000A1F50053594259414FF48063EBE78B89B5
:10D15000F7B59D0706460C4607D504F14703236043
:10D1600023610123636103B0F0BD01AB6A46FFF7A1
:10D17000C9FF009F054630463946FFF707FD48B90D
:10D18000B4F90C309A05EED423F0030343F0020304
:10D19000A381E2E7A389206043F08003A381019B80
:10D1A000C4E904075BB1B4F90E10304600F0F2F8A0
:10D1B00028B1A38923F0030343F00103A381A389CA
:10D1C0001D43A581CFE7FFFF0FB407B5064904ABA8
:10D1D000086853F8042B8168019300F02BFB03B01F
:10D1E0005DF804EB04B0704798070020024B01463D
:10D1F0001868826800F078BF98070020036A70B54D
:10D2000005460E4684680BB9FFF7C2FE636EDB0766
:10D2100005D4A389980502D4A06D00F006F9A3896E
:10D22000190702D52369002B35D12146284600F085
:10D2300005FF80B34FF0FF35636EDA0705D4A3898D
:10D240009B0502D4A06D00F0F1F8284670BD002BBC
:10D2500004DAA2699A4217DC0A2915D023685A1CFD
:10D2600022601970A36816F8011F013BA360002912
:10D27000EDD1002B11DA22460A21284600F09FFE4C
:10D280000130D7D00A25D7E72246284600F097FE7E
:10D290000130E7D1CEE7013EE4E723685A1C226063
:10D2A0000A221A70EEE7FFFF024B01461868FFF7EB
:10D2B000A5BF00BF980700200139024410B5904275
:10D2C00001D1002005E0037811F8014FA34201D0FD
:10D2D000181B10BD0130F2E7884210B501EB0204C3
:10D2E00002D98442234607D8431EA14208D011F830
:10D2F000012B03F8012FF8E7024401468A4200D1CE
:10D3000010BD13F8014D02F8014DF7E70244034642
:10D31000934200D1704703F8011BF9E710B56AB1D9
:10D320000139841810F8012B11F8013F9A4203D1FA
:10D33000A04201D0002AF5D1D01A10BD1046FCE75A
:10D340000139034610B532B111F8014F013A03F823
:10D35000014B002CF7D11A440021934200D110BD9B
:10D3600003F8011BF9E70A7870B56AB970BD9A42F3
:10D3700009D10C46054614F8013F002BF6D015F8EC
:10D38000016F9E42F7D001300378002BEFD1184691
:10D39000ECE7FFFF38B50023054D044608462B6037
:10D3A00001F0A0FF431C02D12B6803B1236038BDFC
:10D3B000F00A012038B50023054D044608462B60CD
:10D3C00001F0A8FF431C02D12B6803B1236038BDD4
:10D3D000F00A0120014B1868704700BF9807002031
:10D3E00070B50D4D00260D4C641BA410A64209D14A
:10D3F0000B4D00260B4CE2F7FBFF641BA410A6426A
:10D4000005D170BD55F8043B01369847EEE755F855
:10D41000043B01369847F2E7E8350200E8350200A0
:10D42000E8350200EC350200704770477047FFFF97
:10D4300038B50023064D0446084611462B6001F01E
:10D4400049FF431C02D12B6803B1236038BD00BFE4
:10D45000F00A01200B460146184600F0BFBE10F846
:10D46000012B11F8013B012A28BF9A42F7D0D01AAC
:10D4700070470A44431E914200D1704710B511F81D
:10D48000014B914203F8014FF9D110BD034613F847
:10D49000012B002AFBD1181A0138704738B5054610
:10D4A000002941D051F8043C0C1F002BB8BFE418F0
:10D4B000FFF7D6FC1D4A136833B963601460284631
:10D4C000BDE83840FFF7D2BCA34208D92068211834
:10D4D0008B4201BF19685B6809182160EDE71A46A5
:10D4E0005B680BB1A342FAD911685018A0420BD166
:10D4F00020680144501811608342E0D118685B68CD
:10D50000084453601060DAE702D90C232B60D6E799
:10D51000206821188B4202BF19685B680918636094
:10D5200008BF21605460CAE738BD00BF0C3E04202C
:10D530002DE9F0471F468E6882460C46BE42904653
:10D540000B682DD8B1F90C2012F4906F26D06569C4
:10D55000096905EB4505A3EB01097B1C05EBD575B6
:10D560004B446D109D4238BF1D46530527D52946B3
:10D57000FFF70CFB064660B34A462169FFF779FFC7
:10D58000A38923F4906343F08003A38126614E4472
:10D590006561A5EB090526603E46A560BE4200D93F
:10D5A0003E46324641462068FFF796FEA3680020BB
:10D5B0009B1BA360236833442360BDE8F0872A46A1
:10D5C00000F0CFFC06460028E0D121695046FFF765
:10D5D00065FF0C234FF0FF30CAF80030A38943F0F9
:10D5E0004003A381E9E7FFFF2DE9F04F98468B89BF
:10D5F0009DB007461B060D46144610D50B6973B93E
:10D600004021FFF7C3FA2860286130B90C233B6042
:10D610004FF0FF301DB0BDE8F08F40236B61002359
:10D62000CDF80C804FF00109DFF8A0810993202389
:10D630008DF8293030238DF82A3023469A4613F886
:10D64000012B0AB1252AF9D1BAEB040B0BD05B46AA
:10D65000224629463846FFF76BFF013000F0A780CD
:10D66000099A5A4409929AF80030002B00F09F80E2
:10D6700000234FF0FF320AF1010A049307938DF85B
:10D6800053301A93CDE90523544605224F4814F828
:10D69000011B00F0B1FD049AD8B9D00644BF202385
:10D6A0008DF85330110744BF2B238DF853309AF86F
:10D6B00000302A2B15D0079A544600204FF00A0C50
:10D6C000214611F8013B303B092B4BD9B0B10792F1
:10D6D00014E0A0EB0803A24609FA03F313430493F2
:10D6E000D2E7039B191D1B68002B0391BBBF5B4254
:10D6F00042F0020207930793B8BF049223782E2BBF
:10D700000AD163782A2B32D1039B02341A1D1B687D
:10D7100043EAE37303920593DFF8C0A00322217864
:10D72000504600F069FD38B1A0EB0A004022049B8E
:10D73000013482401343049314F8011B0622244849
:10D740008DF8281000F058FD002836D0214B1BBB67
:10D75000039B073323F0070308330393099B3344E8
:10D7600009936AE70CFB02320C460120A8E700236C
:10D7700001344FF00A0C19460593204610F8012B8E
:10D78000303A092A03D9002BC6D00591C4E70CFB17
:10D79000012104460123F0E703AB2A4604A93846D9
:10D7A00000930D4BAFF30080421C0646D6D1AB89E7
:10D7B0005B063FF52DAF09982CE703AB2A4604A979
:10D7C00038460093044B00F0BFF9EDE79B350200AB
:10D7D000A53502000000000031D50100A13502008E
:10D7E0009368013B002B10B4936008DA9469A3425C
:10D7F00001DB0A2903D15DF8044B00F0E0BB13689C
:10D80000581C1060084619705DF8044B7047F8B555
:10D8100006460F461446D518AC4201D1002007E059
:10D820003A4614F8011B3046FFF7DAFF431CF3D1E8
:10D83000F8BDFFFF2DE9F04F0D469DB01446984608
:10D84000064618B1036A0BB9FFF7A2FB6B6ED90746
:10D8500005D4AB899A0502D4A86DFFF7E6FDAB8924
:10D860001B0701D52B699BB92946304600F0E6FB22
:10D8700070B16B6EDC0704D54FF0FF301DB0BDE812
:10D88000F08FAB899805F7D4A86DFFF7CFFDF3E7CC
:10D890000023CDF80C804FF00109DFF8B481099323
:10D8A00020238DF8293030238DF82A3023469A46DC
:10D8B00013F8012B0AB1252AF9D1BAEB040B0BD0CE
:10D8C0005B46224629463046FFF7A1FF013000F0B3
:10D8D000A780099A5A4409929AF80030002B00F068
:10D8E0009F8000234FF0FF320AF1010A049307934F
:10D8F0008DF853301A93CDE9052354460522544838
:10D9000014F8011B00F078FC049AD8B9D10644BF82
:10D9100020238DF85330130744BF2B238DF8533049
:10D920009AF800302A2B15D0079A544600204FF061
:10D930000A0C214611F8013B303B092B4BD9B0B101
:10D94000079214E0A0EB0803A24609FA03F313437D
:10D950000493D2E7039B191D1B68002B0391BBBFE7
:10D960005B4242F0020207930793B8BF0492237808
:10D970002E2B0AD163782A2B32D1039B02341A1D35
:10D980001B6843EAE37303920593DFF8D4A00322F4
:10D990002178504600F030FC38B1A0EB0A0040225C
:10D9A000049B013482401343049314F8011B0622A4
:10D9B00028488DF8281000F01FFC00283FD0264B87
:10D9C0001BBB039B073323F0070308330393099B17
:10D9D0003B4409936AE70CFB02320C460120A8E79E
:10D9E000002301344FF00A0C19460593204610F825
:10D9F000012B303A092A03D9002BC6D00591C4E780
:10DA00000CFB012104460123F0E703AB2A4604A9DD
:10DA100030460093114BAFF300800746781CD6D1F7
:10DA20006B6ED90705D4AB899A0502D4A86DFFF7B0
:10DA3000FDFCAB895B063FF51FAF09981EE703AB02
:10DA40002A4604A930460093044B00F07DF8E4E731
:10DA50009B350200A5350200000000000FD8010030
:10DA6000A13502002DE9F047164698468A68074618
:10DA70000B690C46DDF820909342B8BF1346336023
:10DA800091F843200AB1013333602368990642BFFD
:10DA9000336802333360256815F0060506D104F1BA
:10DAA000190AE36832689B1AAB422BDC94F84330C6
:10DAB0002268003B18BF0123920630D404F14302D0
:10DAC00041463846C847013023D023681A3454F8F9
:10DAD0000A2C03F00603042B0ABF54F80E5C002541
:10DAE00033684FF0000608BFED1A54F8123C08BF27
:10DAF00025EAE5759342C4BF9B1AED18B5421AD1C9
:10DB0000002008E00123524641463846C84701300C
:10DB100003D14FF0FF30BDE8F0870135C1E7E118D0
:10DB20005A1C30200233224481F8430094F84510F7
:10DB300082F84310C2E70123224641463846C847CF
:10DB40000130E6D00136D9E72DE9FF470F7E914637
:10DB500080460C46782F9A460C9E01F1430207D866
:10DB6000622F0AD8002F00F0D180582F00F0B88023
:10DB700004F1420684F842703AE0A7F16303152BE2
:10DB8000F6D801A151F823F0E1DB0100F5DB01003B
:10DB900071DB010071DB010071DB010071DB010051
:10DBA000F5DB010071DB010071DB010071DB0100BD
:10DBB00071DB0100F3DC01001FDC0100ADDC0100C2
:10DBC00071DB010071DB010015DD010071DB01007B
:10DBD0001FDC010071DB010071DB0100B5DC01001D
:10DBE00033681A1D1B68326004F1420684F8423023
:10DBF00001239CE033682068191D3160060601D5B9
:10DC00001D6803E04506FBD5B3F90050002D03DA8B
:10DC10002D236D4284F8433058480A2311E02168CF
:10DC20003368080653F8045B02D4490648BFADB216
:10DC30006F2F3360514814BF0A230823002184F852
:10DC400043106668002EA66005DB21682E4321F094
:10DC5000040121604BD01646B5FBF3F103FB1157CD
:10DC6000C75D06F8017D2F460D46BB42F4D9082B4F
:10DC70000BD12368DF0708D5236961689942DEBFAD
:10DC8000302306F8013C06F1FF36921B22614B4619
:10DC900003AA21464046CDF800A0FFF7E3FE01307D
:10DCA0004AD14FF0FF3004B0BDE8F087236843F05D
:10DCB0002003236078273248236884F845701F06C4
:10DCC000316851F8045B02D45F0648BFADB23160E1
:10DCD000D90744BF43F0200323601DB11023ADE7F3
:10DCE0002648E9E7236823F020032360F6E7164679
:10DCF000BDE733682568181D616930602E061B6812
:10DD000001D5196002E06806FBD51980002316468C
:10DD10002361BCE7336800211A1D32601E68626807
:10DD2000304600F069FA08B1801B606063682361C7
:10DD3000002384F84330AAE7236932464946404627
:10DD4000D0470130ADD023689B0713D4E068039B14
:10DD50009842B8BF1846A6E70123324649464046D6
:10DD6000D04701309DD00135E36803995B1AAB427F
:10DD7000F2DCEBE7002504F11906F5E7AC3502000B
:10DD8000BD350200B1F90C202DE9F041160705461A
:10DD90000C4654D44B68002B02DC0B6C002B48DD86
:10DDA000E66A002E45D0002312F480522F68216AC3
:10DDB0002B6030D0626DA389590705D56368D21AEC
:10DDC000636B0BB1236CD21A0023E66A216A2846E2
:10DDD000B047431CA38906D129681D292BD82A4A9C
:10DDE000CA40D60727D50022D90462602269226082
:10DDF00004D5421C01D12B6803B96065616B2F60AB
:10DE0000B9B104F14403994202D02846FFF746FB1A
:10DE1000002363630DE001232846B0470246501CEF
:10DE2000C9D12B68002BC6D01D2B01D0162B1DD1BC
:10DE30002F60002021E043F040031BB21AE00F697D
:10DE4000002FF6D093070E680F600CBF4B690023BC
:10DE5000A6EB07088B60B8F1000FEADD43463A46AF
:10DE6000216A2846A66AB047002808DCB4F90C30BD
:10DE700043F040034FF0FF30A381BDE8F081074439
:10DE8000A8EB0008E7E700BF0100402038B50B69A8
:10DE900005460C4613B90025284638BD18B1036A5B
:10DEA0000BB9FFF775F8B4F90C30002BF3D0626EA4
:10DEB000D00704D4990502D4A06DFFF7B6FA28461E
:10DEC0002146FFF75FFF636E0546DA07E4D4A389B6
:10DED0009B05E1D4A06DFFF7A9FADDE710B50C466C
:10DEE000B1F90E1000F046F90028ABBF636DA389AD
:10DEF0001B1823F48053ACBF6365A38110BD2DE9CB
:10DF0000F0411F468B8905460C46DB05164605D5B4
:10DF100002230022B1F90E1000F01AF9A38932464B
:10DF2000B4F90E10284623F48053A3813B46BDE884
:10DF3000F04100F031B910B50C46B1F90E1000F007
:10DF400007F9431CA38915BF606523F4805343F48C
:10DF50008053A38118BFA38110BDB1F90E1000F04A
:10DF60002DB92DE9F041074614460D4621B9114659
:10DF7000BDE8F041FEF70ABE2AB92546FFF78EFA42
:10DF80002846BDE8F08100F045F98442064602D8F3
:10DF9000B4EB500FF4D821463846FEF7F7FD804623
:10DFA00008B94546ECE7B4422246294628BF324626
:10DFB000FFF75FFA29463846FFF770FAF1E7F8B540
:10DFC0000E461446054618B1036A0BB9FEF7E0FF8A
:10DFD000A369A360A3891A0701D5236943B9214620
:10DFE000284600F02BF818B14FF0FF373846F8BD3F
:10DFF0002368F6B222693746981A6369834205DCC2
:10E0000021462846FFF742FF0028EDD1A368013BD7
:10E01000A36023685A1C22601E70431C62699A42E6
:10E0200004D0A389DB07E1D50A2EDFD1214628469B
:10E03000FFF72CFF0028D9D0D6E7FFFF38B5294BD2
:10E0400005460C46186818B1036A0BB9FEF7A0FF25
:10E05000B4F90C30190722D4DA0607D409222A6051
:10E0600043F040034FF0FF30A38133E0580712D54F
:10E07000616B41B104F14403994202D02846FFF795
:10E080000DFA00236363A38923F02403A3810023F3
:10E09000636023692360A38943F00803A381236994
:10E0A0004BB9A38903F42073B3F5007F03D0214655
:10E0B0002846FFF74CF8B4F90C3013F001020AD0EF
:10E0C0000022A26062695242A261226942B913F041
:10E0D0008000C5D138BD990758BF6269A260F4E7D6
:10E0E0000020F7E79807002070B50D461446064655
:10E0F00018B1036A0BB9FEF74BFF636ED80705D45E
:10E10000A389990502D4A06DFFF78FF9A368013B9D
:10E11000002BA36005DAA269934212DBEBB20A2B53
:10E120000FD023685A1C22601D70EDB2636EDA07AF
:10E1300005D4A3899B0502D4A06DFFF777F9284683
:10E1400070BD294622463046FFF739FF0546EDE708
:10E1500038B50446064D0846114600222A601A4684
:10E1600001F0C8F8431C02D12B6803B1236038BD0D
:10E17000F00A012038B50446064D08461146002233
:10E180002A601A4601F0BEF8431C02D12B6803B185
:10E19000236038BDF00A012038B50446064D084614
:10E1A000114600222A601A46E4F766FE431C02D19B
:10E1B0002B6803B1236038BDF00A012038B5002375
:10E1C000054D044608462B6001F07CF8431C02D143
:10E1D0002B6803B1236038BDF00A012010B5044656
:10E1E0000448134620B10A4602202146AFF30080BE
:10E1F00010BD00BF00000000C9B20346024410B5C4
:10E200009342184601D1002003E0047801338C4288
:10E21000F6D110BD51F8043C181F002BBCBF0B58A1
:10E22000C0187047FFFFFFFFF8B555EC114B2DEDFF
:10E23000028B57EC106B00F07FF822462B462046ED
:10E240002946B0EE408AF0EE608A01F00DFB78B905
:10E25000002200233046394601F0D4FAF0B1002202
:10E2600000232046294601F0CDFA40B19FED288BCE
:10E27000B0EE480AF0EE680ABDEC028BF8BD45EC42
:10E28000104B00F049F80028F2D00022002320466D
:10E29000294601F0C1FA0028EAD02EE0B0EE480A83
:10E2A000F0EE680A00F038F8A0B10022002351EC2B
:10E2B000180B01F0A7FA0028DAD047EC106B00F039
:10E2C0002BF80028D4D045EC104B00F025F800289E
:10E2D000CED012E047EC106B00F01EF80028E4D01E
:10E2E00045EC104B00F018F80028DED053EC182B4A
:10E2F00051EC180B01F0B8FA20B9FFF76BF82223A4
:10E300000360B5E7FFF766F821230360B0E700BFBD
:10E31000000000000000F03F82B005488DED000BCA
:10E32000019B23F000431844C00F02B0704700BFA8
:10E3300000001080FFFFFFFF2DE9F04F55EC114B5F
:10E3400025F0004393B053EA040057EC106B12D150
:10E35000B31987F4002284495241984291411DD259
:10E3600022462B4630463946FEF752F841EC100B58
:10E3700013B0BDE8F08F7D4827F0004AB94631461A
:10E38000824510D97A4A4A440A43E9D1231985F4CF
:10E390000021754849419A428841E1D39FED700BB5
:10E3A00013B0BDE8F08FA8462246504601D1002E9A
:10E3B000D6D1DFF8B8C16345E4D801D1002AE1D154
:10E3C000B9F1000F20DB002A5DD1DFF8A0C1634561
:10E3D0000BD09346674A934240F0C784B8F1000FD0
:10E3E000C0F20C8547EC106BC2E7614B53440B4302
:10E3F000D4D0614B9A4540F2CA84B8F1000FC0F204
:10E400004F8545EC104BB3E7DFF874C163454BD93A
:10E41000002A40F0E483554A9342E6D04FF0020BC5
:10E4200004910290009347EC106B00F0C5FD049935
:10E43000009B029800295ED04FEAD972013A52EA55
:10E440000B0100F08A800BF1FF3B5BEA020B00F04E
:10E45000A1839FED437B8DED047BB3F1844F40F2AC
:10E460009180464A9342444B40F222849A4500F2FE
:10E47000CF84B8F1000FC0F2CF84002013B0BDE804
:10E48000F04F00F089BD4FF0000B04910290009313
:10E4900047EC106B00F090FD0499009B029851B37B
:10E4A0004FEAD972013ACEE7DFF8CCC063450FD905
:10E4B0004FEA235CACF2FF3CBCF1140F40F37E84C6
:10E4C000CCF1340C22FA0CFE0EFA0CFC94453CD034
:10E4D000002A40F08783B8F1804F00F085840491D2
:10E4E0000290009347EC106B00F066FD0499009BCE
:10E4F000029891BB8B4629F040421E498A4202D0C5
:10E50000BAF1000F98D1B8F1000F07DA00201949CD
:10E5100053EC102B01F038F841EC100BB9F1000F5F
:10E52000BFF626AF124B534453EA0B0340F09C84D2
:10E5300053EC102B10461946FDF768FF02460B46B8
:10E5400001F022F841EC100B12E7002A00F0488499
:10E550000EF0010ECEF1020B97E732463B46E9E79B
:10E56000000000000000F03F0000F0FF0000F07F1E
:10E57000000010C00000F03FFFFFEF3F0000F0433D
:10E58000FFFF3F43D84B002209EA030353B9D74B9F
:10E5900051EC100B00F0CEFE6FF0340241EC100B8A
:10E5A00010EE900A0315C0F31300D14EA3F2FF330F
:10E5B00006439A18CF4B98420B9240F32C83CE4BD4
:10E5C000984240F32F840132A6F5801600270B9263
:10E5D0009FEDAF7B8DED087B9FEDAF7B8DED067BD7
:10E5E0009FEDAB7B8DED107B53EC102B9246B34629
:10E5F00031465046DDE90623FDF708FF804689468F
:10E60000504631467610DDE90623CDE90CABFDF727
:10E61000FFFE02460B460020B54946F0005600F0CA
:10E62000B3FF8C4683464946634640465A46CDE989
:10E630000EBC00F07FFE0A46014606F500230020CE
:10E64000CDE90012CDE902120021064602460091F2
:10E65000D919DDE900AB0F460B465046594600F08C
:10E6600069FE02460B4640464946FDF7CFFE80460E
:10E67000894630463946DDE90623FDF7C7FE0246E6
:10E680000B46DDE90C01FDF7C1FE52465B4600F08A
:10E6900051FE02460B4640464946FDF7B7FEDDE90E
:10E6A0000E2300F047FEDDE90267CDE906013246A0
:10E6B0003B463046394600F03DFE06460F4678A3FD
:10E6C000D3E9002300F036FE77A3D3E90023FDF75A
:10E6D0009FFE32463B4600F02DFE75A3D3E9002392
:10E6E000FDF796FE32463B4600F024FE72A3D3E9C6
:10E6F0000023FDF78DFE32463B4600F01BFE70A363
:10E70000D3E90023FDF784FE32463B4600F012FEBB
:10E710006DA3D3E90023FDF77BFE80468946324690
:10E720003B463046394600F005FE02460B46404661
:10E73000494600F0FFFD524606460F465B46DDE9BE
:10E740000201FDF765FEDDE9062300F0F3FD324628
:10E750003B460026FDF75CFE5246804689465B46F6
:10E760005046594600F0E6FD02460B46CDE90C2323
:10E770000022624BFDF74CFE42464B46FDF748FE39
:10E780000F46324650463B46594600F0D3FD002224
:10E7900082468B46594B30463946FDF737FEDDE958
:10E7A0000C23FDF733FE02460B4640464946FDF773
:10E7B0002DFEDDE9022300F0BDFD8046894632468C
:10E7C0003B460026DDE9060100F0B4FD02460B469B
:10E7D00040464946FDF71CFE804689465046424663
:10E7E00059464B46FDF714FE0F46304638A3D3E991
:10E7F000002300F09FFD52465B4682468B46304622
:10E800003946FDF703FE02460B4640464946FDF7F2
:10E81000FDFD31A3D3E9002300F08CFD02460B4639
:10E820003046394616461F462DA3D3E9002300F093
:10E8300081FD02460B4630463946FDF7E9FDDDE92C
:10E840001023FDF7E5FD06460F460B98FDF72CFF5C
:10E850003246804689463B4650465946CDE902AB92
:10E86000FDF7D6FDDDE90823FDF7D2FD42464B4614
:10E87000FDF7CEFD002042464B4682468B46FDF713
:10E88000C5FDDDE90823FDF7C1FDDDE9022337E021
:10E890000000000000000000000000000000F03F49
:10E8A000EF4E454A287ECA3F65DBC9934A86CD3F75
:10E8B00001411DA96074D13F4D268F515555D53F5B
:10E8C000FFAB6FDBB66DDB3F033333333333E33FF3
:10E8D000000000E009C7EE3FFD033ADC09C7EE3F48
:10E8E000F5015B14E02F3EBE0000F07F00004043C6
:10E8F0000000F03F8E98030079B60B00000008403E
:10E90000FDF784FD02460B4630463946FDF77EFD95
:10E910000023CDE900450093DDE90089CDE902013E
:10E920004246204629464B46FDF770FD52465B465F
:10E9300000F000FD06460F4622462B46DDE90201A7
:10E9400000F0F8FC02460B4630463946FDF760FD04
:10E9500004460D4642464B4650465946CDE90245CF
:10E9600000F0E8FC06460F462046294632463B4664
:10E97000FDF74EFDC84B04460D469942884640F3CC
:10E980000E81C64B0B44034340F05C82AAA3D3E93B
:10E990000023DDE90201FDF73BFD02460B46204660
:10E9A000294614461D4632463B46FDF72FFD0246DA
:10E9B0000B462046294600F04DFF002840F04282D9
:10E9C0004FF400734344B64CB8F1000F4FF0000011
:10E9D000C3F30A52C3F3130AA2F2FF324AF4801AB5
:10E9E00044FA02F4C2F1140204EA03014AFA02FAF8
:10E9F000024630460B46B8BFCAF1000A3946FDF759
:10EA000005FD02460B4606460F464FEA0A5BDDE966
:10EA10000201FDF7FDFC0D460024294688A3D3E939
:10EA20000023204600F086FC3246804689463B465D
:10EA300020462946FDF7EAFC02460B46DDE90201C5
:10EA4000FDF7E4FC80A3D3E9002300F073FC024649
:10EA50000B462046294614461D467DA3D3E90023D4
:10EA600000F068FC02460B4620462946FDF7D0FC24
:10EA700006460F464046324649463B46FDF7C8FC2F
:10EA8000424604460D464B46FDF7C0FC02460B4687
:10EA900030463946FDF7BAFC2246804689462B4669
:10EAA0002046294600F046FC06460F466AA3D3E9F5
:10EAB000002300F03FFC6AA3D3E90023FDF7A6FC86
:10EAC00032463B4600F036FC67A3D3E90023FDF74E
:10EAD0009FFC32463B4600F02DFC65A3D3E90023A2
:10EAE000FDF794FC32463B4600F024FC62A3D3E9D8
:10EAF0000023FDF78DFC32463B4600F01BFC02462E
:10EB00000B4620462946FDF781FC06460F46204667
:10EB1000324629463B4600F00DFC02460B46304685
:10EB2000394616461F4600224FF08043FDF76EFC23
:10EB300002460B463046394600F026FD4246064660
:10EB40000F464B462046294600F0F4FB42464B4612
:10EB5000FDF75EFC02460B4630463946FDF756FC93
:10EB600022462B46FDF752FC02460B4600204D493B
:10EB7000FDF74CFC0B4659440246B1F5801FC0F22C
:10EB80006B811046DDE9042300F0D4FB41EC100B4F
:10EB9000FFF7EEBB9FED3A7B8DED047B5DE421F04A
:10EBA0000043DFF808C1634540F2FF803E4B0B4451
:10EBB00003430AD132463B46FDF728FCDDE9022338
:10EBC00000F03EFE00283FF4FBAE00220023DDE90A
:10EBD000040100F021FE003818BF01204EE44FF080
:10EBE000020B52E447EC106B009100F0E5F900993C
:10EBF00000297FF4B2AC29F040492A4B994503D053
:10EC0000BAF1000F7FF4A9ACB8F1000FC0F259813E
:10EC10004FF0000B86E49FED1C7B00278DED087BF9
:10EC20009FED1B7B8DED067B9DED087B8DED107BB5
:10EC3000DAE400BFAFF30080FE822B654715973CF6
:10EC400000000000432EE63FEF39FAFE422EE63F79
:10EC5000396CA80C615C20BED0A4BE726937663ED8
:10EC6000F16BD2C541BDBB3E2CDE25AF6A56113FCC
:10EC700093BDBE166CC1663F3E5555555555C53FB3
:10EC8000000000000000F0BF0000000000000000D5
:10EC9000000000000000F03FFFFF8F40000070BF49
:10ECA0000000F0FF0000F03F00346F3FFFCB9040CA
:10ECB0009A45C0F0E7809E4B00229A4500F2F4800E
:10ECC0009B4B51EC100BFDF7A1FB06460F4688A3AA
:10ECD000D3E9002300F02EFB82468B4630463946AE
:10ECE00085A3D3E9002300F025FB0022914BCDE959
:10ECF00000013046394600F01DFB02460B4680A15C
:10ED0000D1E90001FDF782FB32463B4600F012FBE1
:10ED100002460B4600208849FDF778FB804689466D
:10ED200032463B463046394600F004FB02460B466D
:10ED30004046494600F0FEFA73A3D3E9002300F0F1
:10ED4000F9FA02460B46DDE90001FDF75FFB0646D6
:10ED50000F465046594632463B46FDF759FB0020C8
:10ED600052465B4682468B46CAE5B8F1804F3BD09F
:10ED7000714A90457FF454ABB9F1000FFFF650ABE8
:10ED800047EC106B13B0BDE8F04F00F0A7B9B8F135
:10ED9000000F9FED5F0BBFF6EBAA05F1004300EEFD
:10EDA000104A00EE903AFFF7E3BA634A934200F24A
:10EDB0009480DDE90023934692462DE6002A7FF4F5
:10EDC00011AFCCF1140C43FA0CFE0EFA0CFC9C456E
:10EDD0007FF4FFAA0EF0010ECEF1020BFFF7FABA94
:10EDE000B8F1804F7FF41AAB32463B463046394685
:10EDF00000F0A0FA41EC100BFFF7BABA00204C4922
:10EE000032463B4600F0C0FB41EC100BFFF7B0BAB6
:10EE1000B8F1000F7FF731AB002013B0BDE8F04F21
:10EE200000F0C2B89FED3C7B4FF480278DED087B4E
:10EE30009FED3B7B8DED107B9FED3B7B8DED067B4E
:10EE4000FFF7D2BB00220023DDE9040100F0E4FC5F
:10EE5000003818BF0120E0E7504643EC102B00F0CB
:10EE6000B3F851EC100B8DE6BBF1010F7FF480AAD3
:10EE700010EE901A10EE102A01F1004343EC102B13
:10EE8000FFF776BA00220023DDE9040100F0C4FC9C
:10EE9000003818BF0120B8F1000FBFF6EFAABCE799
:10EEA0009FED1B0BFFF764BA0023DDE9040100F0BE
:10EEB000B3FC003818BF0120B8F1000FADDCFFF73C
:10EEC000DDBA53EC102B0020194900F05DFB4FF028
:10EED000000B41EC100BFFF725BB1B154FF4801204
:10EEE000A3F2FE3342FA03F36CE500BFAFF30080F8
:10EEF000000000604715F73F44DF5DF80BAE543E5D
:10EF0000555555555555D53FFE822B654715F73F4D
:10EF100000000000000000000000004003B8E23FD5
:10EF200006D0CF43EBFD4C3E000000000000F83F50
:10EF30000000F03F0000D03F0000E03F10B52DED95
:10EF4000028BB0EE408AF0EE608A0446FEF742FA89
:10EF50000460B0EE480AF0EE680ABDEC028B10BD0A
:10EF600000B553EC102B83B090B1104603F1004173
:10EF7000CDE9000110461946DDE9002300F0DAF979
:10EF800041EC100B222003B05DF804EBFFF7D6BF75
:10EF900010461946ECE700BF9FED010BFFF7E0BFFD
:10EFA00000000000000000109FED010BFFF7D8BF2C
:10EFB000000000000000007051EC100B024621F030
:10EFC000004343EC102B704770B555EC104BC5F364
:10EFD0000A522B46064672BB25F00043234329D034
:10EFE0003B4B20462946002200F0A4F9394B044649
:10EFF0000D469E4252DBC1F30A520B46363A4CF2A2
:10F0000050318E4223DC164440F2FE7296421EDCE2
:10F01000002E34DC16F1350F38DB6FF31E53363615
:10F020000022204643EA06552B4B294600F082F980
:10F0300041EC100B70BD40F2FF718A42DFD12246D5
:10F0400020462946FDF7E4F941EC100B70BD002D78
:10F0500017A1D1E9000107DB15A3D3E9002300F0D4
:10F0600069F941EC100B70BD13A1D1E9000110A3A7
:10F07000D3E9002300F05EF941EC100BF3E76FF3E6
:10F080001E5343EA065545EC104B70BD002D0CA1F4
:10F09000D1E9000102DA0CA1D1E9000108A3D3E90A
:10F0A000002300F047F941EC100B70BDAFF3008076
:10F0B0009C7500883CE4377E9C7500883CE437FEF4
:10F0C00059F3F8C21F6EA50159F3F8C21F6EA5814E
:10F0D00000005043B03CFFFF0000903C734A2DE914
:10F0E000F84F55EC104BAA4300F0A480002D2B469E
:10F0F00021465DDD2C156AD0C3F31303E207A4F2A9
:10F10000FF3743F4801303D4CA0F490002EB4303D3
:10F110005B0000264A004FF0160C03EBD173B64695
:10F120007F104FF400110EEB0100D40F52009842F3
:10F1300003DC00EB010E1B1A0E44BCF1010C04EBC6
:10F1400043034FEA5101EED1654620244FF00041C0
:10F1500013E0904208D89E4506D1002800EB010C30
:10F1600043DB0023121A0D44D00F013C4FEA51013A
:10F1700000EB43034FEA42023BD09E450CEB0100FB
:10F18000E7DA002800EB010C07DB9042F046A3EB26
:10F190000E030BD9013BC646E4E7BCF1000FF4DBDC
:10F1A00090420EF10108A3EB0E03F3D8C646D9E74F
:10F1B00025F0004222433BD0002D62D1CA0A153B04
:10F1C0004905002AFAD0D6021C4666D4134600220E
:10F1D0005B0010460132DD02FAD5C2F1200521FAAA
:10F1E00005F591402B43241A86E7BCF1000FD7DACE
:10F1F000B7E7134312D0DFF8BCA0DFF8BCB0DAE900
:10F200000001DBE90023DAE90089FDF7FFF8024697
:10F210000B464046494600F009FBC8B96C08244932
:10F2200044EAC67201EB660101EB075343EC102B75
:10F23000BDE8F88F22462B462046294600F07AF892
:10F2400022462B46FDF7E4F841EC100BBDE8F88FA1
:10F25000B5F1FF3FDAE90001DBE9002321D0FDF73A
:10F26000D7F802460B46DAE900894046494600F0E5
:10F27000D3FAC0B1AB1C05F1020408BF0136640823
:10F28000CDE7224620462946FDF7C0F802460B4648
:10F2900000F07AF941EC100BCAE74FF0FF3013464B
:10F2A000A1E70136BBE70135B8E700BF0000F07FFA
:10F2B0000000E03FD8350200D035020008B500F06C
:10F2C000E9FAFFFF024B58224FF0FF301A607047F7
:10F2D000F00A0120024B58224FF0FF301A607047AD
:10F2E000F00A0120024B582200201A60704700BF2C
:10F2F000F00A0120024B58224FF0FF301A6070478D
:10F30000F00A0120024B58224FF0FF301A6070477C
:10F31000F00A0120054A0346106810B10344136047
:10F320007047034803441360704700BF503F0420F8
:10F33000543F042070B54FF0FF0C4CF4E06C1CEA15
:10F3400011541DBF1CEA135594EA0C0F95EA0C0FDB
:10F3500000F0DEF82C4481EA030621EA4C5123EA4E
:10F360004C5350EA013518BF52EA033541F480117D
:10F3700043F4801338D0A0FB02CE4FF00005E1FB30
:10F3800002E506F00042E0FB03E54FF00006E1FB7A
:10F3900003569CF0000F18BF4EF0010EA4F1FF04BD
:10F3A000B6F5007F64F5407404D25FEA4E0E6D41FD
:10F3B00046EB060642EAC62141EA55514FEAC5200E
:10F3C00040EA5E504FEACE2EB4F1FD0C88BFBCF58A
:10F3D000E06F1ED8BEF1004F08BF5FEA500E50F13B
:10F3E000000041EB045170BD06F0004646EA010101
:10F3F00040EA020081EA0301B4EB5C04C2BFD4EB33
:10F400000C0541EA045170BD41F480114FF0000E2B
:10F41000013C00F3AB8014F1360FDEBF002001F099
:10F42000004170BDC4F10004203C35DA0C341BDC13
:10F4300004F11404C4F1200500FA05F320FA04F0E5
:10F4400001FA05F240EA020001F0004221F0004119
:10F4500010EBD37021FA04F642EB06015EEA430E8C
:10F4600008BF20EAD37070BDC4F10C04C4F12005BC
:10F4700000FA04F320FA05F001FA04F240EA02006F
:10F4800001F0004110EBD37041F100015EEA430E40
:10F4900008BF20EAD37070BDC4F1200500FA05F260
:10F4A0004EEA020E20FA04F301FA05F243EA0203DF
:10F4B00021FA04F001F0004121FA04F220EA0200EE
:10F4C00000EBD3705EEA430E08BF20EAD37070BD34
:10F4D00094F0000F0FD101F00046400041EB010114
:10F4E00011F4801F08BF013CF7D041EA060195F0F6
:10F4F000000F18BF704703F00046520043EB0303B0
:10F5000013F4801F08BF013DF7D043EA060370479C
:10F5100094EA0C0F0CEA135518BF95EA0C0F0CD0A7
:10F5200050EA410618BF52EA4306D1D181EA0301ED
:10F5300001F000414FF0000070BD50EA410606BFE7
:10F540001046194652EA430619D094EA0C0F02D12C
:10F5500050EA013613D195EA0C0F05D152EA033671
:10F560001CBF104619460AD181EA030101F000418F
:10F5700041F0FE4141F470014FF0000070BD41F0D8
:10F58000FE4141F4780170BD70B54FF0FF0C4CF4B2
:10F59000E06C1CEA11541DBF1CEA135594EA0C0FD1
:10F5A00095EA0C0F00F0A7F8A4EB050481EA030E1E
:10F5B00052EA03354FEA013100F088804FEA033305
:10F5C0004FF0805545EA131343EA12634FEA0222D3
:10F5D00045EA111545EA10654FEA00260EF0004194
:10F5E0009D4208BF964244F1FD0404F5407402D2E6
:10F5F0005B084FEA3202B61A65EB03055B084FEA77
:10F6000032024FF480104FF4002CB6EB020E75EB73
:10F61000030E22BFB61A754640EA0C005B084FEA9B
:10F620003202B6EB020E75EB030E22BFB61A754618
:10F6300040EA5C005B084FEA3202B6EB020E75EB63
:10F64000030E22BFB61A754640EA9C005B084FEADB
:10F650003202B6EB020E75EB030E22BFB61A7546E8
:10F6600040EADC0055EA060E18D04FEA051545EAD7
:10F6700016754FEA06164FEAC30343EA52734FEA80
:10F68000C2025FEA1C1CC0D111F4801F0BD141EAF9
:10F6900000014FF000004FF0004CB6E711F4801F5E
:10F6A00004BF01430020B4F1FD0C88BFBCF5E06F3E
:10F6B0003FF6AFAEB5EB030C04BFB6EB020C5FEA4E
:10F6C000500C50F1000041EB045170BD0EF0004EA3
:10F6D0004EEA113114EB5C04C2BFD4EB0C0541EAD5
:10F6E000045170BD41F480114FF0000E013C90E6D2
:10F6F00045EA060E8DE60CEA135594EA0C0F08BF96
:10F7000095EA0C0F3FF43BAF94EA0C0F0AD150EA94
:10F7100001347FF434AF95EA0C0F7FF425AF104627
:10F7200019462CE795EA0C0F06D152EA03353FF44F
:10F73000FDAE1046194622E750EA410618BF52EACC
:10F7400043067FF4C5AE50EA41047FF40DAF52EAA0
:10F7500043057FF4EBAE12E74FF0FF3C06E000BF3D
:10F760004FF0010C02E000BF4FF0010C4DF804CD4A
:10F770004FEA410C7FEA6C5C4FEA430C18BF7FEA0A
:10F780006C5C1BD001B050EA410C0CBF52EA430C38
:10F7900091EA030F02BF90EA020F0020704710F1B8
:10F7A000000F91EA030F58BF994208BF90422CBF47
:10F7B000D8176FEAE37040F0010070474FEA410C40
:10F7C0007FEA6C5C02D150EA013C07D14FEA430C5E
:10F7D0007FEA6C5CD6D152EA033CD3D05DF8040BCF
:10F7E000704700BF8446104662468C461946634601
:10F7F00000E000BF01B5FFF7B7FF002848BF10F1D8
:10F80000000F01BD4DF808EDFFF7F4FF0CBF01201C
:10F8100000205DF808FB00BF4DF808EDFFF7EAFF98
:10F8200034BF012000205DF808FB00BF4DF808ED53
:10F83000FFF7E0FF94BF012000205DF808FB00BF48
:10F840004DF808EDFFF7CEFF94BF012000205DF8D2
:10F8500008FB00BF4DF808EDFFF7C4FF34BF0120DF
:10F8600000205DF808FB00BF4FEA410C7FEA6C5CAA
:10F8700002D150EA013C0AD14FEA430C7FEA6C5CAA
:10F8800002D152EA033C02D14FF0000070474FF022
:10F8900001007047062008B500F02CF8012000F0A8
:10F8A00055F81F2938B505460C4604D916230360C0
:10F8B0004FF0FF3038BDC26B12B152F821304BB956
:10F8C000284600F031F8224601462846BDE8384077
:10F8D00000F018B8012B0AD0591C03D1162303607D
:10F8E0000120E7E70021204642F824109847002035
:10F8F000E0E7FFFF024B01461868FFF7D2BF00BFE9
:10F900009807002038B50023064D044608461146E6
:10F910002B6000F013F8431C02D12B6803B1236065
:10F9200038BD00BFF00A012000F000B8024B582299
:10F930004FF0FF301A607047F00A0120024B582246
:10F940004FF0FF301A607047F00A0120FEE700BF59
:10F950004641494C4544202D2D20646F206E6F7424
:10F9600020706C61636520646174612068657265F4
:10F97000000000004F4B2C20726561646261636B74
:10F98000206D617463686573000000000D0A5B629E
:10F990006F6F745D20526573657420636175736564
:10F9A0002028434D43302D3E535253203D20307884
:10F9B0002530386C58293A002057414B45555000A6
:10F9C00020504F520000000020564F4C54414745F4
:10F9D0005F444554454354002050494E0000000008
:10F9E000204441502F44454255470000204C4F577A
:10F9F0005F504F5745525F41434B5F54494D454F10
:10FA00005554000020434C4F434B5F4C4F53530021
:10FA1000205741544348444F4730000020534F463D
:10FA20005457415245000000204350555F4C4F430E
:10FA30004B5550000D0A0D005B6D656D5D205352F6
:10FA4000414D582070726F62653A2077726974690F
:10FA50006E6720257520776F72647320617420258E
:10FA600070202E2E2E0D0A005B6D656D5D205352A9
:10FA7000414D582070726F62653A20257320282509
:10FA800075206D69736D617463686573290D0A0073
:10FA9000757362640000000025752E25752E25758E
:10FAA0002E2575006E78706D696469004E657477F7
:10FAB0006F726B4D49444932204272696467650038
:10FAC000496E76616C696420737461746963206E39
:10FAD0006574776F726B2073657474696E677320D9
:10FAE0002D2D2066616C6C696E67206261636B20EE
:10FAF000746F20444843502E0D000000556E6B6E0D
:10FB00006F776E206F7220556E646566696E6564EE
:10FB100000000000756E6B6E6F776E20286E6F743C
:10FB200020696E205461626C652032372900000024
:10FB3000506F77657220446F776E0000546F6F20AE
:10FB40004D616E79204D697373696E6720554D5014
:10FB5000205061636B6574730000000054696D652B
:10FB60006F75740053657373696F6E204E6F7420E8
:10FB700045737461626C6973686564004E6F2050F0
:10FB8000656E64696E672053657373696F6E0000FC
:10FB900050726F746F636F6C204572726F720000E9
:10FBA000496E7669746174696F6E204661696C652F
:10FBB000643A20746F6F206D616E79206F70656E8E
:10FBC0002073657373696F6E73000000496E766908
:10FBD000746174696F6E20772F20417574682052AC
:10FBE000656A65637465643A206E6F207072696F30
:10FBF0007220696E7669746174696F6E000000002E
:10FC0000496E7669746174696F6E2052656A6563C6
:10FC10007465643A207573657220646964206E6F40
:10FC2000742061636365707400000000496E76693A
:10FC3000746174696F6E2052656A65637465643AB5
:10FC40002061757468656E7469636174696F6E2094
:10FC50006661696C65640000496E766974617469F7
:10FC60006F6E2052656A65637465643A20757365CA
:10FC7000726E616D65206E6F7420666F756E6400C4
:10FC80004E6F204D61746368696E672041757468BA
:10FC9000656E7469636174696F6E204D6574686F19
:10FCA00064000000496E7669746174696F6E204368
:10FCB000616E63656C65640055736572207465726E
:10FCC0006D696E617465642073657373696F6E002E
:10FCD0005B256C755D204E4D322073657373696FC3
:10FCE0006E207374617465202D3E2025730D0A000B
:10FCF000202020202020206C6976656E6573733A81
:10FD00002070696E6720747820256C7520727820C9
:10FD1000256C75207265706C792E727820256C7553
:10FD2000207C2062796520747820256C752072789B
:10FD300020256C75207C2074696D656F7574732047
:10FD4000256C75207C206D61782E73696C656E63FF
:10FD50006520256C75206D73206F662025750D0A52
:10FD60000000000020202020202020696E626F7596
:10FD70006E643A20636D647320256C75207C207559
:10FD80006D706461746120256C7520647570202528
:10FD90006C752062616420256C75202D3E206465A1
:10FDA0006C69766572656420256C750D0A0000002B
:10FDB0002020202020202050524F544F434F4C20D1
:10FDC00056494F4C4154494F4E3A20756D7020733F
:10FDD000706C6974206163726F737320636F6D6DF3
:10FDE000616E647320256C75207C20756E6465637C
:10FDF0006F64656420747261696C696E67206279F2
:10FE000074657320256C750D0A00000020202020E9
:10FE1000202020646174616772616D733A206D61A6
:10FE20007820256C75206279746573202862756668
:10FE300066657220257529207C20636C616D706574
:10FE40006420256C750D0A002020202020202063CE
:10FE50006F6E736F6C653A20256C752062797465DE
:10FE6000732064726F7070656420286465627567C2
:10FE70002055415254207374616C6C6564290D0ADD
:10FE800000000000202020202020207065657220C6
:10FE900042796520726561736F6E3A203078253043
:10FEA000325820282573290D0A0000003F00000069
:10FEB0004E6F20686F73747320666F756E64206177
:10FEC0006E64206E6F20636F6E736F6C6520696E59
:10FED000707574202D2D20636F6E74696E75696E58
:10FEE0006720776974686F7574206120686F737418
:10FEF0002E0D0A507265737320455343206F6E6355
:10FF0000652072756E6E696E6720746F20656E7401
:10FF1000657220736574757020616E642063686F0C
:10FF20006F7365206F6E652E0D0000004E6F2068A8
:10FF30006F73747320666F756E64202D2D20656E4F
:10FF4000746572206F6E65206D616E75616C6C7981
:10FF50002E0D000053656C65637420686F73742008
:10FF60005B312D25645D2C206F7220276D27206664
:10FF70006F72206D616E75616C20656E7472793A76
:10FF800020000000486F73742049503A20000000A0
:10FF900025732D636C69656E740000004652444DF4
:10FFA0002D4D43584E3934372D4E4D322D30303093
:10FFB000310000004272696467652072756E6E6977
:10FFC0006E672E2050726573732045534320617411
:10FFD00020616E792074696D6520746F2072652DC3
:10FFE000656E7465722073657475702E0D00000067
:10FFF00053000000506C6561736520656E74657216
:020000022000DC
:1000000020274827206F72202743273A200000002E
:100010004E6574776F726B204D494449206E616D57
:1000200065205B25735D3A20000000004E65747703
:100030006F726B202D2D205B445D4843502F6C69FF
:100040006E6B2D6C6F63616C206F72205B535D74FF
:1000500061746963204950205B25735D3A2000007C
:10006000506C6561736520656E7465722027442746
:10007000206F72202753273A20000000202053745D
:100080006174696320495020202020205B25735D26
:100090003A2000004E6F7420612076616C69642004
:1000A0004950763420616464726573732C207472D5
:1000B0007920616761696E2E0D0A20205374617486
:1000C000696320495020202020205B25735D3A2061
:1000D0000000000020205375626E6574206D61730E
:1000E0006B2020205B25735D3A2000004E6F74204A
:1000F000612076616C6964204950763420616464C3
:10010000726573732C2074727920616761696E2E39
:100110000D0A20205375626E6574206D61736B202B
:1001200020205B25735D3A200000000020204761FD
:100130007465776179202020202020205B25735D65
:100140003A2000004E6F7420612076616C69642053
:100150004950763420616464726573732C20747224
:100160007920616761696E2E0D0A202047617465F0
:10017000776179202020202020205B25735D3A20A4
:10018000000000002020444E532073657276657293
:10019000202020205B25735D3A2000004E6F7420E4
:1001A000612076616C696420495076342061646412
:1001B000726573732C2074727920616761696E2E89
:1001C0000D0A2020444E53207365727665722020FC
:1001D00020205B25735D3A2000000000496E7661A7
:1001E0006C696420616464726573732E2020486FAB
:1001F00073742049503A2000486F737420706F72F6
:1002000074205B25755D3A2000000000486F737410
:1002100000000000436C69656E7400004800000037
:1002200043000000444843500000000073746174B0
:10023000696300004175746F49502C206C696E6BC6
:100240002D6C6F63616C000055500000444F574E99
:10025000000000006E6574776F726B2073657475B3
:10026000700000004F4E202D2D206E6574776F7248
:100270006B205258206563686F65642073747261E7
:1002800069676874206261636B2C20555342206259
:1002900079706173736564004F4646202D2D206E82
:1002A0006F726D616C205553422062726964676998
:1002B0006E6700002C20636F756E746572204F5658
:1002C0004552464C4F574544202D2D206120666CE9
:1002D0006F6F72004F4646202D2D20636F6E736F37
:1002E0006C652071756965742C207072657373205C
:1002F0007120666F7220636F756E74657273000093
:100300004F4E202D2D206E6F746520746869732008
:10031000626C6F636B7320746865206C6F6F702004
:100320007E3134206D7320706572207265706F723B
:10033000740000000D0A3D3D3D204E6574776F72DC
:100340006B204D49444920322E30202D2D204E580F
:1003500050204652444D2D4D43584E393437203DA0
:100360003D3D0D0050726F647563743A2025730D26
:100370000A0000000D0A43757272656E7420636F87
:100380006E66696775726174696F6E3A0D00000080
:100390002020526F6C653A2020202025730D0A0022
:1003A00020204E616D653A2020202025730D0A0023
:1003B00020204E6574776F726B3A2044484350207A
:1003C0002F206C696E6B2D6C6F63616C0D000000EB
:1003D00020204E6574776F726B3A20737461746974
:1003E00063202573202F202573202867772025730D
:1003F0002C20646E73202573290D0A002020486F7D
:1004000073743A20202020003A25750D0A00000060
:100410002020286E6F742070657273697374656430
:10042000206163726F7373207265626F6F747320E3
:100430006F6E207468697320626F617264290D00A9
:100440000D0A507265737320616E79206B65792097
:1004500077697468696E202575207365636F6E64B3
:100460007320746F20656E74657220736574757087
:1004700020286F722070726573732045534320618A
:100480006E792074696D65206C617465722077687F
:10049000696C6520746865206272696467652069AB
:1004A000732072756E6E696E67292E2E2E0D0A00EE
:1004B0000D0A2D2D2D204E6574776F726B4D4944BA
:1004C00049322042726964676520736574757020D3
:1004D0002D2D2D0D00000000526F6C65202D2D205C
:1004E0005B435D6C69656E74206F72205B485D6F65
:1004F0007374205B25735D3A20000000436F6E74B7
:10050000696E75696E672077697468207468652004
:1005100061626F766520636F6E666967757261747C
:10052000696F6E2E0D00000049503A20257320207F
:10053000282573290D0A000025732D686F73740038
:100540005B486F73745D204C697374656E696E6788
:100550002061742025733A25750D0A000D0A536534
:1005600061726368696E6720666F72204E6574778A
:100570006F726B4D4944493220686F737473202841
:100580005F6D696469322E5F7564702920666F72D1
:10059000202575207365636F6E64732E2E2E0D0AF1
:1005A0000000000028456E74657220617420616E41
:1005B000792074696D6520746F2073746F70206585
:1005C00061726C7920616E64207069636B20667261
:1005D0006F6D2077686174277320666F756E642075
:1005E000736F206661722C0D0A206F7220276D27B1
:1005F000202B20456E74657220746F20656E7465C3
:1006000072206120686F7374204950206D616E758F
:10061000616C6C792E290D005B7761726E5D206DC7
:10062000444E5320736561726368206661696C652E
:100630006420746F207374617274202D2D206661A4
:100640006C6C696E67206261636B20746F206D61F2
:100650006E75616C20656E7472792E0D000000005D
:1006600020205B6C696E6B2025732C20257320691C
:100670006E2070726F67726573732E2E2E5D0D0A79
:10068000000000000D0A5B7761726E5D20444843F4
:10069000502074696D656F757420E28094206368E2
:1006A00065636B2045746865726E65742063616272
:1006B0006C652E0D0A46616C6C696E672062616321
:1006C0006B20746F206C696E6B2D6C6F63616C2096
:1006D000284175746F4950292E2E2E0D0000000000
:1006E00020205B25645D2025732020005B6E6D3229
:1006F0005D2073656E64556D703A20257520776FA7
:1007000072642873292064726F7070656420696E4A
:1007100020746865206C617374207E3173202871A9
:10072000756575652066756C6C290D0A0000000002
:10073000202020202020206370753A207469636B8C
:1007400020256C75252520286F66207768696368E9
:10075000206E65742D3E75736220256C75252529E4
:10076000207C2075736220647261696E20256C752F
:100770002525207C2077616C6C20256C75206D739D
:100780000D0A00005B636E745D207573622E7278D3
:1007900020256C7528637620256C752073782025BC
:1007A0006C752073747220256C7529202D3E206E87
:1007B00065742E747820256C752064726F70202506
:1007C0006C7520676174656420256C752073746195
:1007D0006C6C20256C75207C206E65742E727820E0
:1007E000256C75202D3E207573622E747820256C43
:1007F00075206661696C20256C7520737864726F52
:100800007020256C75207C207564702E72782025F0
:100810006C752064726F7020256C75207C206C6F65
:100820006F7020256C752F73206D6178647261691B
:100830006E20256C750D0A005B6C6F6F705D206516
:1008400063686F656420256C75202072656675731A
:10085000656420256C750D0A000000005B726563FD
:100860005D207274782E72657120747820256C7505
:1008700020727820256C75207C207274782E657229
:100880007220747820256C7520727820256C752074
:100890007C20726573657420747820256C752072D5
:1008A0007820256C75207C20676170732E6C6F73C7
:1008B0007420256C75206D61786A756D7020256CCB
:1008C000750D0A005B6C69765D2070696E67207437
:1008D0007820256C7520727820256C7520726570E3
:1008E0006C792E727820256C75207C2062796520C9
:1008F000747820256C7520727820256C75207C20FA
:1009000074696D656F75747320256C75207C206D1E
:1009100061782E73696C656E636520256C75206D3A
:1009200073206F662025750D0A0000005B486F7309
:10093000745D205374696C6C2077616974696E67AB
:100940002061742025733A2575202072783D257525
:100950000D0A00006E78706D69646920205B617516
:10096000746F5D0D000000004820205B6175746F9E
:100970005D0D00004420205B6175746F5D0D00000B
:100980005B6175746F202D2D206B6565702064652B
:100990006661756C745D0D003120205B6175746F4C
:1009A0005D0D0000455343207072657373656420CC
:1009B0002D2D2072652D656E746572696E672073CA
:1009C000657475702E2E2E0D000000005B6C6F6F2D
:1009D000705D206E6574776F726B206C6F6F7062E4
:1009E00061636B2025730D0A00000000202028554C
:1009F000534220494E20686973746F6772616D209D
:100A0000697320484F53542D726F6C65206F6E6C64
:100A100079290D0020207278207061746820736934
:100A20006E6365206C61737420683A206672616D34
:100A3000657320696E746F206C77495020256C7542
:100A4000207C204D4143204649464F206F766572F9
:100A5000666C6F7720256C75207C20444D41206E9C
:100A60006F2D64657363726970746F7220256C7585
:100A700020284D544C206D697373656420256C7576
:100A8000257329207C206C696E6B2E64726F702038
:100A9000256C75207C207463706970206D626F789E
:100AA0002065727220256C752C20494E504B5420C5
:100AB00065727220256C75207C20706275662070CE
:100AC0006F6F6C2065727220256C75207C207564B8
:100AD00070207265637620256C752064726F7020BB
:100AE000256C75207C206F75722072696E6720649A
:100AF000726F7020256C750D0A0000002020637055
:100B000075206279207461736B2073696E63652050
:100B10006C61737420683A0020257320256C75255C
:100B2000250000002020646174616772616D20619E
:100B300072726976616C206761707320286C7749E6
:100B400050202D3E207472616E73706F7274293A5A
:100B5000203C3530757320256C75207C2035302D78
:100B600031303020256C75207C203130302D3235ED
:100B70003020256C75207C203235302D35303020EA
:100B8000256C75207C20302E352D316D7320256C21
:100B900075207C20312D326D7320256C75207C20D2
:100BA000322D356D7320256C75207C203E3D356DD2
:100BB0007320256C750D0A0020206C6F6E676573BD
:100BC000742073657373696F6E207469636B3A2068
:100BD000256C752075732C2064656C697665726967
:100BE0006E6720256C75206D7367732C206F6620EF
:100BF000776869636820696E206F6E556D70202577
:100C00006C752075730D0A0020206672616D652079
:100C10006172726976616C206761707320286472FA
:100C200069766572202D3E206C774950293A202044
:100C30002020203C3530757320256C75207C2035B4
:100C4000302D31303020256C75207C203130302D16
:100C500032353020256C75207C203235302D3530F2
:100C60003020256C75207C20302E352D316D732081
:100C7000256C75207C20312D326D7320256C7520FC
:100C80007C20322D356D7320256C75207C203E3DF7
:100C9000356D7320256C750D0A000000202046720A
:100CA000656552544F5320686561703A2025752060
:100CB00062797465732066726565206E6F772C208B
:100CC000257520617420746865206C6F772D7761BD
:100CD000746572206D61726B20286F6620257529FE
:100CE0000D0A000020206C6F6F706261636B3A2008
:100CF0006563686F656420256C752C207265667568
:100D00007365642062792073657373696F6E205414
:100D100058204649464F20256C750D0A00000000FA
:100D2000202073657373696F6E3A207274782E7227
:100D3000657120747820256C7520727820256C757B
:100D4000207C207274782E65727220747820256C55
:100D50007520727820256C75207C2072657365740F
:100D600020747820256C7520727820256C75207C85
:100D700020676170732E6C6F737420256C75207CF6
:100D8000206475702064726F7070656420256C75C6
:100D90000D0A00005B636E74315D207573622E7204
:100DA0007820256C7520637620256C75207378205B
:100DB000256C752073747220256C75207C206E65FF
:100DC000742E747820256C752064726F7020256CE9
:100DD0007520676174656420256C75207374616C7F
:100DE0006C20256C75207C206E65742E7278202511
:100DF0006C75207573622E747820256C7520666181
:100E0000696C20256C7520737864726F7020256C76
:100E1000750D0A005B636E745D20706572696F64A6
:100E20006963207265706F7274696E672025730D37
:100E30000A0000000820080049646C6500000000FA
:100E400050656E64696E67496E7669746174696F26
:100E50006E00000041757468526571756972656451
:100E60000000000050656E64696E675265736574BA
:100E70000000000050656E64696E6742796500008D
:100E80004D414320616464726573733A20253032AA
:100E9000583A253032583A253032583A25303258AF
:100EA0003A253032583A253032580D0A00000000F9
:100EB0000D0A5B4153534552545D202573203A205F
:100EC00025750D0A000000000D0A5B464154414C97
:100ED0005D20537461636B206F766572666C6F770B
:100EE0003A2025730D0A00000D0A5B464154414C1F
:100EF0005D204672656552544F53206865617020CD
:100F00006578686175737465640D0A00416D654E9E
:100F10006F746520496E632E000000005553424DEA
:100F20006964694E6574776F726B42726964676554
:100F3000000000006162636431323334000000005D
:100F40004E6574776F726B2042726964676500004A
:100F5000494E2045585400004F55542045585400E0
:100F60004E4D32204272696467650000554D500055
:100F70006E6D3D2573000000707269643D2573003D
:100F80005F6D6964693200006E6D322D62726F7739
:100F900073650000707269643D00000074637069DD
:100FA000705F7468726561643A20696E76616C691D
:100FB00064206D657373616765000000496E76613A
:100FC0006C6964206D626F78000000006661696C76
:100FD000656420746F20637265617465207463704A
:100FE00069705F746872656164206D626F7800007B
:100FF0006661696C656420746F20637265617465F5
:10100000206C6F636B5F74637069705F636F726590
:10101000000000006C774950000000006D646E73A2
:101020005F726573705F72656D6F76655F6E657414
:1010300069663A204E756C6C20706F696E746572CB
:10104000000000006D646E735F726573705F6164B1
:10105000645F736572766963655F747874697465DB
:101060006D3A207365727669636520213D204E5587
:101070004C4C00006D646E735F7365617263685FF2
:1010800073746F703A206261642072657175657364
:10109000745F6964000000005F7365727669636560
:1010A000732E5F646E732D7364000000706B742088
:1010B0006E6F7420666F756E6420696E2070656E49
:1010C00064696E675F74635F7175657374696F6E71
:1010D00073206C69737400006D646E735F72657366
:1010E000705F6164645F736572766963653A206EF0
:1010F0006574696620213D204E554C4C000000006F
:101100006D646E735F726573705F6164645F6E655A
:101110007469663A20446F75626C6520616464008E
:101120004661696C656420746F20616C6C6F6361EB
:1011300074652070636200004661696C65642074A8
:101140006F2062696E64207063620000696E2D61B9
:101150006464720061727061000000006C6F636112
:101160006C0000005F736572766963657300000050
:101170005F646E732D7364005F756470000000001F
:101180005F74637000000000646E73207365727694
:101190006572206F7574206F6620617272617900CC
:1011A000617272617920696E646578206F75742050
:1011B0006F6620626F756E6473000000756E6B6EF3
:1011C0006F776E20646E735F7461626C6520656E0C
:1011D0007472792073746174653A00002E6C6F63C9
:1011E000616C0000646863705F6F7074696F6E5F3C
:1011F0006C6F6E673A206F7074696F6E735F6F7596
:10120000745F6C656E202B2034203C3D20444843A5
:10121000505F4F5054494F4E535F4C454E000000B5
:10122000646863705F6372656174655F6D73673A6C
:1012300020636865636B20746861742066697273EB
:101240007420706275662063616E20686F6C642024
:1012500073747275637420646863705F6D73670084
:10126000646863705F696E635F7063625F72656616
:10127000636F756E7428293A206D656D6F727920E1
:101280006C65616B00000000444843503A20686F71
:1012900073746E616D6520697320746F6F206C6F5D
:1012A0006E672100646863705F6F7074696F6E3A77
:1012B000206F7074696F6E735F6F75745F6C656EAD
:1012C000202B2032202B206F7074696F6E5F6C654D
:1012D0006E203C3D20444843505F4F5054494F4E90
:1012E000535F4C454E000000646863705F6F70741C
:1012F000696F6E5F627974653A206F7074696F6EA2
:10130000735F6F75745F6C656E203C20444843507A
:101310005F4F5054494F4E535F4C454E0000000004
:10132000646863705F6F7074696F6E5F73686F720B
:10133000743A206F7074696F6E735F6F75745F6C51
:10134000656E202B2032203C3D20444843505F4FA7
:101350005054494F4E535F4C454E000064686370D3
:101360005F7063625F726566636F756E7428293A99
:1013700020726566636F756E74206572726F72009D
:10138000696E76616C696420646863702D3E737465
:101390006174650069676D705F6C6F6F6B75705F0E
:1013A00067726F75703A2066697273742067726F26
:1013B0007570206D75737420626520616C6C737933
:1013C0007374656D7300000069676D705F6C6F6F9B
:1013D0006B75705F67726F75703A20616C6C206519
:1013E00078636570742066697273742067726F75B4
:1013F00070206D757374206E6F7420626520616C4F
:101400006C73797374656D730000000069676D70AB
:101410005F73656E643A20636865636B207468610E
:101420007420666972737420706275662063616EE1
:1014300020686F6C64207374727563742069676DC3
:10144000705F6D7367000000702D3E726566203D11
:101450003D203100636865636B20746861742066A9
:101460006972737420706275662063616E20686FA4
:101470006C64207374727563742069705F68647241
:1014800000000000756E68616E646C6564000000A9
:101490006661696C656420746F2063726561746550
:1014A000206D656D5F6D7574657800006D656D5FAD
:1014B000667265653A2073616E6974792063686548
:1014C000636B20616C69676E6D656E74000000006F
:1014D0006D656D5F667265653A20696C6C65676104
:1014E0006C206D656D6F7279000000006D656D5F39
:1014F000667265653A20696C6C6567616C206D6524
:101500006D6F72793A20646F75626C6520667265E2
:10151000650000006D656D5F667265653A20696CF7
:101520006C6567616C206D656D6F72793A206E6FC6
:101530006E2D6C696E6B65643A20646F75626C65C4
:101540002066726565000000706C75675F686F6C7F
:1015500065733A206D656D203E3D2072616D00001F
:10156000706C75675F686F6C65733A206D656D2090
:101570003C2072616D5F656E64000000706C756781
:101580005F686F6C65733A206D656D2D3E75736590
:1015900064203D3D20300000706C75675F686F6CA3
:1015A00065733A206D656D2D3E6E657874203C3D07
:1015B000204D454D5F53495A455F414C49474E4583
:1015C000440000006D656D5F7472696D3A206C6552
:1015D00067616C206D656D6F727900006D656D5F80
:1015E0007472696D2063616E206F6E6C7920736810
:1015F00072696E6B206D656D6F727900696E7661D0
:101600006C6964206E65787420707472000000004C
:101610006D656D5F6D616C6C6F633A20616C6C6FB2
:101620006361746564206D656D6F7279206E6F748F
:101630002061626F76652072616D5F656E642E0059
:101640006D656D5F6D616C6C6F633A20616C6C6F82
:101650006361746564206D656D6F72792070726F5F
:101660007065726C7920616C69676E65642E00002C
:101670006D656D5F6D616C6C6F633A2073616E694F
:10168000747920636865636B20616C69676E6D6552
:101690006E7400006D656D705F6D616C6C6F633AA8
:1016A000206D656D702070726F7065726C7920614D
:1016B0006C69676E65640000696E76616C696420B0
:1016C000706F6F6C20646573630000006D656D70F2
:1016D0005F667265653A206D656D2070726F70652A
:1016E000726C7920616C69676E6564006E657469FF
:1016F0006620616C72656164792061646465640070
:10170000746F6F206D616E79206E65746966732CDD
:10171000206D61782E20737570706F72746564200F
:101720006E756D6265722069732032353500000078
:10173000496E637265617365204C5749505F4E5521
:101740004D5F4E455449465F434C49454E545F44B6
:1017500041544120696E206C7769706F7074732EEC
:101760006800000063616C6C6261636B206D75736F
:101770007420626520213D204E554C4C0000000035
:10178000666E206D75737420626520213D204E5574
:101790004C4C00007020213D204E554C4C00000068
:1017A000706275665F667265653A20702D3E72657F
:1017B00066203E203000000070632D3E6375737418
:1017C0006F6D5F667265655F66756E6374696F6E77
:1017D00020213D204E554C4C00000000696E766182
:1017E0006C69642070627566207479706500000011
:1017F000706275665F616C6C6F633A206572726FC0
:101800006E656F757320747970650000706275661F
:101810005F7265616C6C6F633A207020213D204ED1
:10182000554C4C00706275665F7265616C6C6F63DD
:101830003A207120213D204E554C4C006D656D5F66
:101840007472696D2072657475726E6564207220A1
:101850003D3D204E554C4C006D656D5F7472696D59
:101860002072657475726E6564207220213D20714E
:10187000000000007062756620726566206F7665F4
:1018800072666C6F770000004372656174696E6701
:1018900020616E20696E66696E697465206C6F6F79
:1018A00070000000702D3E746F745F6C656E203D9B
:1018B0003D20702D3E6C656E20286F66206C617334
:1018C00074207062756620696E20636861696E2994
:1018D00000000000702D3E6E657874203D3D204E66
:1018E000554C4C006F66667365745F746F203C3DA9
:1018F00020705F746F2D3E6C656E00006F666673BE
:1019000065745F66726F6D203C3D20705F66726F1C
:101910006D2D3E6C656E0000706275665F74616B64
:10192000653A20696E76616C696420706275660044
:10193000646964206E6F7420636F707920616C6CD1
:101940002064617461000000706275665F636F708F
:1019500079206661696C656400000000726177201F
:1019600070636220726563762063616C6C62616390
:101970006B20616C7465726564207062756620709E
:1019800061796C6F616420706F696E746572207725
:101990006974686F757420656174696E6720706121
:1019A000636B65740000000070636220213D204E6F
:1019B000554C4C007463705F667265653A204C4903
:1019C0005354454E000000007463705F757064618D
:1019D00074655F7263765F616E6E5F776E643A20E6
:1019E000696E76616C696420706362006E65775F12
:1019F0007263765F616E6E5F776E64203C3D20306F
:101A00007866666666000000646F6E277420636106
:101A10006C6C207463705F72656376656420666FBA
:101A200072206C697374656E2D70636273000000C0
:101A30007463705F736C6F77746D723A2061637456
:101A4000697665207063622D3E7374617465202130
:101A50003D20434C4F534544000000007463705FC9
:101A6000736C6F77746D723A206163746976652068
:101A70007063622D3E737461746520213D204C4972
:101A80005354454E000000007463705F736C6F77B1
:101A9000746D723A20616374697665207063622D9B
:101AA0003E737461746520213D2054494D452D5786
:101AB000414954007463705F736C6F7774696D7221
:101AC0003A2070657273697374207469636B696E10
:101AD00067207769746820696E2D666C6967687421
:101AE00020646174610000007463705F736C6F77D1
:101AF00074696D723A2070657273697374207469C9
:101B0000636B696E67207769746820656D7074799E
:101B10002073656E64206275666665720000000061
:101B20007463705F736C6F77746D723A206D696463
:101B3000646C652074637020213D207463705F6164
:101B400063746976655F7063627300007463705FCD
:101B5000736C6F77746D723A20666972737420705B
:101B60006362203D3D207463705F616374697665D4
:101B70005F706362730000007463705F736C6F77F3
:101B8000746D723A2054494D452D57414954207087
:101B900063622D3E7374617465203D3D2054494D50
:101BA000452D5741495400007463705F736C6F7723
:101BB000746D723A206D6964646C65207463702082
:101BC000213D207463705F74775F706362730000FF
:101BD0007463705F736C6F77746D723A20666972AC
:101BE000737420706362203D3D207463705F74776E
:101BF0005F706362730000007463705F7365675F9A
:101C0000636F70793A20696E76616C6964207365E0
:101C1000670000007463705F7063625F72656D6F70
:101C200076653A20696E76616C6964207063620043
:101C30007463705F7063625F72656D6F76653A2082
:101C4000696E76616C6964207063626C697374009C
:101C5000756E73656E74207365676D656E74732041
:101C60006C65616B696E6700756E61636B6564209E
:101C70007365676D656E7473206C65616B696E6703
:101C8000000000006F6F736571207365676D656E8E
:101C90007473206C65616B696E670000646F6E27FA
:101CA000742063616C6C207463705F61626F727426
:101CB0002F7463705F6162616E646F6E20666F7215
:101CC000206C697374656E2D706362730000000090
:101CD0007463705F6E657469665F69705F61646488
:101CE000725F6368616E6765645F7063626C69737D
:101CF000743A20696E76616C6964206F6C645F6110
:101D0000646472007463705F636C6F73655F7368A3
:101D10007574646F776E3A20696E76616C696420C1
:101D2000706362007063622D3E666C61677320268B
:101D30002054465F5258434C4F5345440000000026
:101D40007463705F667265655F6C697374656E3A23
:101D500020214C495354454E000000007463705FCD
:101D60006E6578745F6973733A20696E76616C6929
:101D700064207063620000007463705F6566665F74
:101D800073656E645F6D73735F6E657469663A2028
:101D9000696E76616C6964206473745F69700000B9
:101DA0007463705F6F6F735F696E736572745F7376
:101DB00065676D656E743A20696E76616C69642042
:101DC00063736567000000007063622D3E736E648C
:101DD0005F71756575656C656E203E3D207062753E
:101DE000665F636C656E286E6578742D3E702900A1
:101DF0007463705F726563656976653A2076616CBD
:101E00006964207175657565206C656E677468001E
:101E10007463705F726563656976653A2077726F87
:101E20006E6720737461746500000000696E7365ED
:101E3000672E7020213D204E554C4C00696E736119
:101E40006E65206F6666736574210000706275664A
:101E500020746F6F2073686F727421007463705FF9
:101E6000726563656976653A207365676D656E7442
:101E7000206E6F74207472696D6D656420636F727B
:101E8000726563746C7920746F207263765F776E0D
:101E9000640000007463705F726563656976653A1B
:101EA000207365676D656E74206E6F74207472693F
:101EB0006D6D656420636F72726563746C792074F4
:101EC0006F206F6F73657120717565756500000017
:101ED0007463705F726563656976653A20746370D8
:101EE0006C656E203E207263765F776E6400000042
:101EF0007463705F726563656976653A206F6F73AE
:101F00006571207463706C656E203E207263765F2D
:101F1000776E64007463705F70617273656F707464
:101F20003A20696E76616C6964207063620000001B
:101F30007463705F696E7075743A20696E76616C57
:101F40006964207062756600702D3E6E657874203D
:101F5000213D204E554C4C00702D3E6C656E203D51
:101F60003D203000702D3E746F745F6C656E203DB7
:101F70003D20702D3E6E6578742D3E746F745F6CDD
:101F8000656E00007463705F696E7075743A2061ED
:101F90006374697665207063622D3E737461746545
:101FA00020213D20434C4F53454400007463705F33
:101FB000696E7075743A2061637469766520706328
:101FC000622D3E737461746520213D2054494D4556
:101FD0002D574149540000007463705F696E70753D
:101FE000743A20616374697665207063622D3E7374
:101FF0007461746520213D204C495354454E0000C6
:102000007463705F696E7075743A207063622D3E00
:102010006E65787420213D207063622028626566B9
:102020006F72652063616368652900007463705F87
:10203000696E7075743A207063622D3E6E657874B7
:1020400020213D20706362202861667465722063E0
:1020500061636865290000007463705F696E707564
:10206000743A2054494D452D5741495420706362BC
:102070002D3E7374617465203D3D2054494D452DBE
:1020800057414954000000007463705F696E7075B9
:10209000743A207063622D3E737461746520213D33
:1020A00020434C4F534544007063622D3E736E6471
:1020B0005F71756575656C656E203E2030000000AF
:1020C0006E6F207365676D656E7420746F20667225
:1020D000656500007063622D3E6C697374656E65A2
:1020E000722D3E61636365707420213D204E554C16
:1020F0004C0000007063622D3E7265667573656406
:102100005F64617461203D3D204E554C4C000000E1
:102110007463705F6372656174655F7365676D6535
:102120006E743A20696E76616C6964207063620037
:102130007463705F6372656174655F7365676D6515
:102140006E743A20696E76616C696420706275669F
:1021500000000000702D3E746F745F6C656E203E51
:102160003D206F70746C656E000000007463705FDA
:102170006F75747075745F636F6E74726F6C5F737C
:1021800065676D656E745F6E657469663A206E6F23
:10219000206E6574696620676976656E00000000D0
:1021A000636865636B207468617420666972737418
:1021B00020706275662063616E20686F6C642073A6
:1021C0007472756374207463705F686472000000D9
:1021D0007463705F6F75747075745F616C6C6F633E
:1021E0005F6865616465723A20696E76616C6964E6
:1021F00020706362000000007463705F6F7574701C
:1022000075745F636F6E74726F6C5F7365676D6515
:102210006E743A20696E76616C69642070627566CE
:10222000000000007463705F7273743A20696E7608
:10223000616C6964206C6F63616C5F6970000000A1
:102240007463705F7273743A20696E76616C69644E
:102250002072656D6F74655F697000007463705FF4
:1022600073706C69745F756E73656E745F736567A8
:102270003A20696E76616C696420706362000000C8
:1022800043616E27742073706C6974207365676D89
:10229000656E7420696E746F206C656E677468205B
:1022A0003000000073706C6974203C3D206D7373C6
:1022B00000000000757365672D3E6C656E203E2042
:1022C000300000007463705F656E71756575655FE1
:1022D000666C6167733A206E656564206569746831
:1022E0006572205443505F53594E206F72205443FF
:1022F000505F46494E20696E20666C6167732028E6
:1023000070726F6772616D6D65722076696F6C6156
:102310007465732041504929000000007463705FA8
:10232000656E71756575655F666C6167733A206986
:102330006E76616C69642070636200007463705F24
:10234000656E71756575655F666C6167733A20636C
:102350006865636B207468617420666972737420A9
:10236000706275662063616E20686F6C64206F70A8
:10237000746C656E000000007365672D3E746370B9
:10238000686472206E6F7420616C69676E656400AA
:102390007463705F656E71756575655F666C6167A6
:1023A000733A20696E76616C6964207365676D6548
:1023B0006E74206C656E6774680000007463705FF3
:1023C000656E71756575655F666C6167733A2069E6
:1023D0006E76616C6964207175657565206C656EDB
:1023E000677468007463705F73656E645F66696EBE
:1023F0003A20696E76616C69642070636200000047
:102400007463705F7265786D69745F72746F5F700A
:102410007265706172653A20696E76616C696420DC
:10242000706362007463705F7265786D69743A20DE
:10243000696E76616C696420706362007463705FBA
:102440007265786D69745F666173743A20696E763F
:10245000616C696420706362000000007463705FE7
:1024600073656E645F656D7074795F61636B3A204C
:10247000696E76616C696420706362007463705F7A
:102480006F75747075743A20696E76616C6964203A
:1024900070636200646F6E27742063616C6C2074DB
:1024A00063705F6F757470757420666F72206C69ED
:1024B0007374656E2D706362730000005253542074
:1024C0006E6F7420657870656374656420686572EA
:1024D000652100006F7074696F6E73206E6F7420D9
:1024E00066696C6C656400007463705F7265786D1A
:1024F00069745F72746F5F636F6D6D69743A2069A0
:102500006E76616C69642070636200007463705F52
:102510007265786D69745F72746F3A20696E766166
:102520006C696420706362007463705F6B656570D2
:10253000616C6976653A20696E76616C69642070B9
:10254000636200007463705F7A65726F5F77696EB3
:10255000646F775F70726F62653A20696E76616C46
:1025600069642070636200007379735F74696D65DC
:102570006F75743A2074696D656F757420213D2004
:102580004E554C4C2C20706F6F6C204D454D505F5C
:102590005359535F54494D454F5554206973206535
:1025A0006D7074790000000054696D656F7574205A
:1025B00074696D6520746F6F206C6F6E672C206D71
:1025C0006178206973204C5749505F55494E543308
:1025D000325F4D41582F34206D73656373000000E6
:1025E0007564705F696E7075743A20696E76616C9F
:1025F00069642070627566007564705F696E7075DD
:10260000743A20696E76616C6964206E65746966DF
:10261000000000007564705F696E7075745F6C6FA8
:1026200063616C5F6D617463683A20696E76616C9A
:102630006964206E657469660000000070627566EA
:102640005F72656D6F76655F68656164657220664F
:1026500061696C6564000000636865636B20746881
:10266000617420666972737420706275662063619C
:102670006E20686F6C642073747275637420756467
:10268000705F6864720000006E657469662D3E6854
:1026900077616464725F6C656E206D75737420621F
:1026A00065203620666F722065746865726E657489
:1026B0005F6F757470757421000000007845766551
:1026C0006E7447726F7570536574426974734672A5
:1026D0006F6D495352206661696C65642C20696E88
:1026E00063726561736520636F6E66696754494DF7
:1026F00045525F51554555455F4C454E475448201E
:102700006F7220636F6E66696754494D45525F541E
:1027100041534B5F5052494F5249545900000000F9
:10272000467265656420627566666572206F7574B1
:10273000206F662072616E676500000062756666D4
:10274000657241646472206E6F7420706F696E747C
:10275000696E6720746F20527844617461427566B7
:10276000662061727261790065746865726E657465
:1027700069665F72656C656173655F72785F7772B9
:1027800061707065723A2066726565696E67207562
:102790006E616C6C6F6361746564206275666665FA
:1027A00072000000454E45545F4465736372697062
:1027B000746F72496E69742829206661696C65645A
:1027C00000000000454E45545F52784275666665CC
:1027D00072416C6C6F63416C6C2829206661696C76
:1027E0006564000042756666657220726574757274
:1027F0006E656420627920454E45545F476574528A
:10280000784672616D65282920646F65736E277440
:10281000206D6174636820616E7920525820627562
:10282000666665722064657363726970746F7200A6
:102830004275666665722072657475726E65642095
:10284000627920454E45545F4765745278467261FF
:102850006D65282920646F65736E2774206D61741F
:102860006368207772617070657220627566666554
:10287000720000006275666665722072657475721A
:102880006E656420627920454E4554206973206E40
:102890006F74206D61726B65642061732075736560
:1028A0006420627920454E45542F6C7749500000D2
:1028B000706275665F616C6C6F6365645F6375738E
:1028C000746F6D2829206661696C656400000000E2
:1028D000702D3E746F745F6C656E20213D202872F0
:1028E000784672616D652D3E746F744C656E202B59
:1028F000204554485F5041445F53495A45290000E0
:10290000556E68616E646C65642072657475726E74
:102910002076616C75652E004F757470757420702B
:1029200061636B65742062756666657220656D70A3
:10293000747900006163645F636F6E666C696374D1
:102940005F63616C6C6261636B20213D204E554C6E
:102950004C0000006172705F7461626C655B695D60
:102960002E71203D3D204E554C4C00006172705F31
:102970007461626C655B695D2E7374617465203D82
:102980003D204554484152505F53544154455F45A2
:102990004D505459000000006E6574696620213D59
:1029A000204E554C4C000000636865636B207468D2
:1029B0006174206669727374207062756620636149
:1029C0006E20686F6C642073747275637420657414
:1029D000686172705F686472000000006E657469FF
:1029E000662D3E6877616464725F6C656E206D75FC
:1029F0007374206265207468652073616D65206161
:102A000073204554485F4857414444525F4C454EFB
:102A100020666F722065746861727021000000008A
:102A20006172705F7461626C655B6172705F696432
:102A3000785D2E7374617465203E3D204554484195
:102A400052505F53544154455F535441424C4500EA
:102A500069706164647220213D204E554C4C000029
:102A60006574685F72657420213D204E554C4C00A2
:102A70006E657469662D3E6877616464725F6C652B
:102A80006E203D3D204554485F4857414444525FC5
:102A90004C454E0074797065206F766572666C6F78
:102AA000770000006E6F207061636B657420717534
:102AB0006575657320616C6C6F776564210000003B
:102AC0007120213D204E554C4C00000069636D7013
:102AD0005F696E7075743A206D6F76696E672072EB
:102AE0002D3E7061796C6F616420746F2069636D35
:102AF0007020686561646572206661696C65640058
:102B000069636D705F696E7075743A207265737475
:102B10006F72696E67206F726967696E616C207091
:102B20002D3E7061796C6F6164206661696C6564CB
:102B300000000000636865636B2074686174206640
:102B40006972737420706275662063616E20686FAD
:102B50006C642069636D70206D65737361676500D7
:102B6000496E697469616C697A696E672050485969
:102B70002E2E2E0D0A0000000D0A43616E6E6F743A
:102B800020696E697469616C697A65205048592EB4
:102B90000D0A00006E657469665F20213D204E5568
:102BA0004C4C000065746865726E65746966436FAD
:102BB0006E66696720213D204E554C4C0000000098
:102BC0006C77697000000000546F6F206D616E7942
:102BD000206E65746966206372656174696F6E73D7
:102BE0002E0000006C7769705F727800657468650C
:102BF000726E657469665F696E697428293A20523D
:102C000058207461736B206372656174696F6E2004
:102C10006661696C65642E002A65746865726E650C
:102C20007469665F626173655F7074722865746849
:102C300065726E657469662920213D204E554C4CA5
:102C4000000000002F55736572732F6D6C6F682F35
:102C500073646B2F53444B5F325F31365F313030DA
:102C60005F4652444D2D4D43584E3934372F7274C0
:102C70006F732F6672656572746F732F6672656508
:102C800072746F732D6B65726E656C2F6576656EF1
:102C9000745F67726F7570732E6300002F557365D4
:102CA00072732F6D6C6F682F73646B2F53444B5F7F
:102CB000325F31365F3130305F4652444D2D4D43E7
:102CC000584E3934372F72746F732F667265657280
:102CD000746F732F6672656572746F732D6B657296
:102CE0006E656C2F71756575652E63002F55736564
:102CF00072732F6D6C6F682F73646B2F53444B5F2F
:102D0000325F31365F3130305F4652444D2D4D4396
:102D1000584E3934372F72746F732F66726565722F
:102D2000746F732F6672656572746F732D6B657245
:102D30006E656C2F7461736B732E6300546D7251EA
:102D4000000000002F55736572732F6D6C6F682F34
:102D500073646B2F53444B5F325F31365F313030D9
:102D60005F4652444D2D4D43584E3934372F7274BF
:102D70006F732F6672656572746F732F6672656507
:102D800072746F732D6B65726E656C2F74696D65EF
:102D900072732E6300000000546D7220537663003E
:102DA0002F55736572732F6D6C6F682F73646B2F63
:102DB00053444B5F325F31365F3130305F465244AF
:102DC0004D2D4D43584E3934372F72746F732F6623
:102DD00072656572746F732F6672656572746F7356
:102DE0002D6B65726E656C2F706F727461626C65AD
:102DF0002F4D656D4D616E672F686561705F342E74
:102E0000630000005F757362645F71646566000053
:102E10002F55736572732F6D6C6F682F73646B2FF2
:102E200053444B5F325F31365F3130305F4652443E
:102E30004D2D4D43584E3934372F72746F732F66B2
:102E400072656572746F732F6672656572746F73E5
:102E50002D6B65726E656C2F706F727461626C653C
:102E60002F4743432F41524D5F434D33335F4E5401
:102E70005A2F6E6F6E5F7365637572652F706F7218
:102E8000742E6300380E0200400E0200540E020041
:102E900070FB0100640E0200740E020000000000CE
:102EA0000000000000000000000000000000000022
:102EB0000000000000000000000000000000000012
:102EC0000000000000000000000000000000000002
:102ED00000000000000000000000000000000000F2
:102EE00000000000000000000000000000000000E2
:102EF00000000000000000000000000000000000D2
:102F000000000000000000000000000000000000C1
:102F100000000000000000000000000000000000B1
:102F2000000000000000000005090000C9100000BA
:102F30000000000000000000000000000000000091
:102F40000000000000000000000000000000000081
:102F50000000000000000000000000000000000071
:102F60000000000000000000000000000000000061
:102F70000000000000000000000000000000000051
:102F80000000000000000000000000000000000041
:102F90000000000000000000000000000000000031
:102FA0000000000000000000000000000000000021
:102FB0000000000000000000000000000000000011
:102FC000000000000000000032000000640000006B
:102FD000FA000000F4010000E8030000D007000040
:102FE000881300000526012C000D260201000001B7
:102FF0000411000000000D2602020101010511006C
:103000000000000D2602030202010611010000006B
:1030100009029700020100807D080B0002010300F5
:103020000009040000000101000009240100010959
:103030000001010904010002010300070724010047
:1030400001410006240201010809240302110101C3
:1030500001080624020202080924030112010201E8
:1030600008090503020002000000052501011209FC
:103070000583020002000000052501010109040189
:1030800001020103000707240100020700070503EE
:103090000200020006250202010207058302000267
:1030A00000062502020103FF0A060002EF020140AA
:1030B0000100FFFF12010002EF020140FECA0042C0
:1030C000400001020301FFFF6C0F020041300000CD
:1030D000D92F0000A5300000E9310000FD300000CC
:1030E000A133000000000000010100000102000007
:1030F00001010000030200000301000003010000C1
:1031000002020000020100000201FFFF002009404E
:1031100000300940004009400050094000400B4089
:1031200000500B4000600B4000700B4000800B40D3
:1031300000900B400B0001000C0001000D0001008D
:103140000E0001000F00010010000100110001003D
:103150001200010013000100140001000B010C011A
:103160000D010E010F0110011101120113011401D3
:10317000002009400030094000400940005009404B
:1031800000400B4000500B4000600B4000700B40B3
:1031900000800B4000900B400020094000300940A7
:1031A000004009400050094000400B4000500B40D7
:1031B00000600B4000700B4000800B4000900B4003
:1031C0000000000000000000BD680000E168000091
:1031D0006567000049670000D5670000296A0000A4
:1031E000BD690000AD68000032000000640000000E
:1031F000FA000000F4010000E8030000D00700001E
:10320000881300000000000000000000E10500003D
:10321000ED0F0000F16C0000696C0000ED6D000026
:10322000C96D0000316C00000000000000000000CB
:10323000000000000000000000000000000000008E
:10324000000000000000000000000000000000007E
:10325000000000000000000000000000000000006E
:10326000000000000000000000000000000000005E
:10327000000000000000000000000000000000004E
:10328000000000000000000000000000000000003E
:10329000000000000000000000000000000000002E
:1032A000000000000000000000000000000000001E
:1032B0000000000000000000000000000101010209
:1032C000020401010202020303040404D065002089
:1032D00028000400E0650020CC650020E00000FB31
:1032E0007811020080110200E00000FB01031C06BF
:1032F000FFFFFFFF00000000C4330200B4330200F0
:10330000A4330200943302008433020074330200B9
:1033100064330200543302004433020034330200A9
:103320002433020080AE00206002200090AE002016
:103330007CAE002098FA002010001000A8FA0020AF
:1033400094FA0020B0FB002010001400C0FB002005
:10335000ACFB002008FD00201000080018FD002034
:1033600004FD0020A0FD002010003000B0FD002072
:103370009CFD0020B800012010000800C8000120BA
:10338000B400012050010120100020006001012044
:103390004C010120680301201C0008007803012073
:1033A00064030120600401209C00050070040120DA
:1033B0005C040120840701202800040094070120F8
:1033C000800701203C0801201C0004004C0801205B
:1033D000380801208C0A0120900A0120880A012067
:1033E000840A012003060C18306078FF01020304F0
:1033F000050607070707070707FFFFFFFA0000009A
:1034000019200100E80300001D63010060EA0000CC
:10341000D9EB0000F4010000F9ED000064000000A9
:10342000C15D01006400000079F30000E8030000C2
:103430002DD40000000000000000FFFFFFFFFFFF91
:10344000FFFFFFFF00000000FFFF0700000000106B
:10345000FFFFFF1700000080FFFFFFDF00000000FC
:1034600000000000D9590100DD580100E5580100B5
:103470000000000000000000ED5801001D5901008F
:103480004559010085590100DD5A01000000000086
:103490000000000009000000010200202020202080
:1034A00020202020282828282820202020202020F4
:1034B00020202020202020202020208810101010E4
:1034C0001010101010101010101010040404040438
:1034D0000404040404101010101010104141414164
:1034E000414101010101010101010101010101014C
:1034F000010101010101101010101010424242425E
:10350000424202020202020202020202020202021B
:10351000020202020202101010102000000000003F
:10352000000000000000000000000000000000009B
:10353000000000000000000000000000000000008B
:10354000000000000000000000000000000000007B
:10355000000000000000000000000000000000006B
:10356000000000000000000000000000000000005B
:10357000000000000000000000000000000000004B
:10358000000000000000000000000000000000003B
:103590000000000000000000000000232D302B2060
:1035A00000686C4C00656667454647003031323331
:1035B000343536373839414243444546003031329C
:1035C0003334353637383961626364656600FFFF2E
:1035D00059F3F8C21F6EA501000000000000F03F83
:0835E0004C92FF7F0100000086
:0435E800FD0F0000D3
:1035EC0001FFFFFF3139322E3136382E312E3100AA
:1035FC00000000003139322E3136382E312E310098
:10360C00000000003235352E3235352E3235352E50
:10361C00300000003139322E3136382E312E323016
:10362C003000000001FFFFFF0C3202000000000020
:10363C00000000000000000000000000000000007E
:10364C00000000000000000000000000000000006E
:10365C00000000000000000000000000000000005E
:10366C00000000000000000000000000000000004E
:10367C00000000000000000000000000000000003E
:10368C00000000000000000000000000000000002E
:10369C00000000000000000000000000000000001E
:1036AC00000000000000000000000000000000000E
:1036BC000000000000000000FF00000000000000FF
:1036CC0000000000000000000000000000000000EE
:1036DC0000000000000000000000000000000000DE
:1036EC0000000000000000000000000000000000CE
:1036FC0000000000000000000000000000000000BE
:10370C0000000000000000000000000000000000AD
:10371C00000000000000000000000000000000009D
:10372C00000000000000000000000000000000008D
:10373C00000000000000000000000000000000007D
:10374C00000000000000000000000000000000006D
:10375C00000000000000000000000000000000005D
:10376C00000000000000000000000000000000004D
:10377C00000000000000000000000000000000003D
:10378C00000000000000000000000000000000002D
:10379C00000000000000000000000000000000001D
:1037AC00000000000000000000000000000000000D
:1037BC0000000000000000000000000000000000FD
:1037CC0000000000000000000000000000000000ED
:1037DC0000000000000000000000000000000000DD
:1037EC0000000000000000000000000000000000CD
:1037FC0000000000000000000000000000000000BD
:10380C0000000000000000000000000000000000AC
:10381C00000000000000000000000000000000009C
:10382C00000000000000000000000000000000008C
:10383C00000000000000000000000000000000007C
:10384C00000000000000000000000000000000006C
:10385C0000000000FF00000000000000000000005D
:10386C00000000000000000000000000000000004C
:10387C00000000000000000000000000000000003C
:10388C00000000000000000000000000000000002C
:10389C00000000000000000000000000000000001C
:1038AC00000000000000000000000000000000000C
:1038BC0000000000000000000000000000000000FC
:1038CC0000000000000000000000000000000000EC
:1038DC0000000000000000000000000000000000DC
:1038EC0000000000000000000000000000000000CC
:1038FC0000000000000000000000000000000000BC
:10390C0000000000000000000000000000000000AB
:10391C00000000000000000000000000000000009B
:10392C00000000000000000000000000000000008B
:10393C00000000000000000000000000000000007B
:10394C00000000000000000000000000000000006B
:10395C00000000000000000000000000000000005B
:10396C00000000000000000000000000000000004B
:10397C00000000000000000000000000000000003B
:10398C00000000000000000000000000000000002B
:10399C00000000000000000000000000000000001B
:1039AC00000000000000000000000000000000000B
:1039BC0000000000000000000000000000000000FB
:1039CC0000000000000000000000000000000000EB
:1039DC0000000000000000000000000000000000DB
:1039EC0000000000000000000000000000000000CB
:1039FC0000000000000000000000000000000000BB
:103A0C0000000000000000000000000000000000AA
:103A1C00000000000000000000000000000000009A
:103A2C00000000000000000000000000000000008A
:103A3C00000000000000000000000000000000007A
:103A4C00000000000000000000000000000000006A
:103A5C00000000000000000000000000000000005A
:103A6C00000000000000000000000000000000004A
:103A7C00000000000000000000000000000000003A
:103A8C00000000000000000000000000000000002A
:103A9C00000000000000000000000000000000001A
:103AAC00000000000000000000000000000000000A
:103ABC0000000000000000000000000000000000FA
:103ACC0000000000000000000000000000000000EA
:103ADC0000000000000000000000000000000000DA
:103AEC0000000000000000000000000000000000CA
:103AFC0000000000000000000000000000000000BA
:103B0C0000000000000000000000000000000000A9
:103B1C000000000000000000000000000000000099
:103B2C000000000000000000000000000000000089
:103B3C000000000000000000000000000000000079
:103B4C000000000000000000000000000000000069
:103B5C000000000000000000000000000000000059
:103B6C000000000000000000000000000000000049
:103B7C000000000000000000000000000000000039
:103B8C000000000000000000000000000000000029
:103B9C000000000000000000000000000000000019
:103BAC000000000000000000000000000000000009
:103BBC0000000000000000000000000000000000F9
:103BCC0000000000000000000000000000000000E9
:103BDC0000000000000000000000000000000000D9
:103BEC0000000000000000000000000000000000C9
:103BFC0000000000000000000000000000000000B9
:103C0C0000000000000000000000000000000000A8
:103C1C000000000000000000000000000000000098
:103C2C000000000000000000000000000000000088
:103C3C000000000000000000000000000000000078
:103C4C000000000000000000000000000000000068
:103C5C000000000000000000000000000000000058
:103C6C000000000000000000000000000000000048
:103C7C000000000000000000000000000000000038
:103C8C000000000000000000000000000000000028
:103C9C000000000000000000000000000000000018
:103CAC000000000000000000000000000000000008
:103CBC0000000000000000000000000000000000F8
:103CCC0000000000000000000000000000000000E8
:103CDC0000000000000000000000000000000000D8
:103CEC0000000000000000000000000000000000C8
:103CFC0000000000000000000000000000000000B8
:103D0C00021213101511FFFF80FE01000C0F0200B0
:103D1C001C0F0200340F0200400F0200500F020073
:103D2C00580F0200600F0200E42F0200052601125A
:103D3C00000D260201000001000000000000FFFF42
:103D4C00006CDC02008000000024F4007856341271
:103D5C006E19000000C000C010000C00AC33042031
:103D6C00042E0200FFFFFFFFAAAAAAAA000000006F
:103D7C0003000000103E04209C07002000000000FF
:103D8C00103E0420783E0420E03E04200000000099
:103D9C000000000000000000000000000000000017
:103DAC000000000000000000000000000000000007
:103DBC0000000000000000000000000000000000F7
:083DCC000000000000000000EF
:040000030000032DC9
:00000001FF
